repo,id,matched_keywords,title,url
3DTopia/Imagine360,9,stereo;stereoscopic,Stereoscopic,https://github.com/3DTopia/Imagine360/issues/9
acidrainstudios/TrueReality,66,render,Render,https://github.com/acidrainstudios/TrueReality/issues/66
acidrainstudios/TrueReality,3,model,Model,https://github.com/acidrainstudios/TrueReality/issues/3
aestheticinteractive/Hover-UI-Kit,83,sprite,Sprite,https://github.com/aestheticinteractive/Hover-UI-Kit/issues/83
aestheticinteractive/Hover-UI-Kit,72,raycast,Raycast,https://github.com/aestheticinteractive/Hover-UI-Kit/issues/72
aframevr/a-blast,125,model;models,assets/rawfiles/models,https://github.com/aframevr/a-blast/issues/125
aframevr/a-painter,218,texture,Texture,https://github.com/aframevr/a-painter/issues/218
aframevr/a-painter,91,texture;textures,Textures2,https://github.com/aframevr/a-painter/issues/91
aframevr/a-painter,75,raycast,Raycasting,https://github.com/aframevr/a-painter/issues/75
aframevr/a-painter,52,transparency,Transparency,https://github.com/aframevr/a-painter/issues/52
aframevr/aframe-inspector,788,texture;textures,Textures,https://github.com/aframevr/aframe-inspector/issues/788
aframevr/aframe-inspector,787,texture;textures,Textures,https://github.com/aframevr/aframe-inspector/issues/787
aframevr/aframe-inspector,786,texture;textures,Textures,https://github.com/aframevr/aframe-inspector/issues/786
aframevr/aframe-inspector,569,raycast,Raycast,https://github.com/aframevr/aframe-inspector/issues/569
aframevr/aframe-inspector,522,material,Material,https://github.com/aframevr/aframe-inspector/issues/522
aframevr/aframe-inspector,471,texture,TextureWidget,https://github.com/aframevr/aframe-inspector/issues/471
aframevr/aframe-inspector,462,material,material,https://github.com/aframevr/aframe-inspector/issues/462
aframevr/aframe-inspector,454,display,Display,https://github.com/aframevr/aframe-inspector/issues/454
aframevr/aframe-inspector,416,display,Display,https://github.com/aframevr/aframe-inspector/issues/416
aframevr/aframe-inspector,376,texture,Texture,https://github.com/aframevr/aframe-inspector/issues/376
aframevr/aframe-inspector,331,texture,Texture,https://github.com/aframevr/aframe-inspector/issues/331
aframevr/aframe-inspector,320,raycast,Raycaster/helpers,https://github.com/aframevr/aframe-inspector/issues/320
aframevr/aframe-inspector,203,display,display,https://github.com/aframevr/aframe-inspector/issues/203
aframevr/aframe-inspector,43,texture,Texture,https://github.com/aframevr/aframe-inspector/issues/43
aframevr/aframe,5738,model,model,https://github.com/aframevr/aframe/issues/5738
aframevr/aframe,5704,mesh,"""real-world-mesh""",https://github.com/aframevr/aframe/issues/5704
aframevr/aframe,5596,display,Display,https://github.com/aframevr/aframe/issues/5596
aframevr/aframe,5593,texture,Texture,https://github.com/aframevr/aframe/issues/5593
aframevr/aframe,5557,texture,Texture,https://github.com/aframevr/aframe/issues/5557
aframevr/aframe,5457,material;materials,Materials,https://github.com/aframevr/aframe/issues/5457
aframevr/aframe,5393,model;models,Models,https://github.com/aframevr/aframe/issues/5393
aframevr/aframe,5339,material,RawShaderMaterial,https://github.com/aframevr/aframe/issues/5339
aframevr/aframe,5317,model,model-viewer:,https://github.com/aframevr/aframe/issues/5317
aframevr/aframe,5316,model,model-viewer,https://github.com/aframevr/aframe/issues/5316
aframevr/aframe,5284,model,<a-gltf-model></a-gltf-model>,https://github.com/aframevr/aframe/issues/5284
aframevr/aframe,5272,raycast,Raycaster,https://github.com/aframevr/aframe/issues/5272
aframevr/aframe,5255,model,gltf-model,https://github.com/aframevr/aframe/issues/5255
aframevr/aframe,5224,raycast,Raycasting,https://github.com/aframevr/aframe/issues/5224
aframevr/aframe,5202,render,THREE.WebGLRenderer.render:,https://github.com/aframevr/aframe/issues/5202
aframevr/aframe,5120,material,material:,https://github.com/aframevr/aframe/issues/5120
aframevr/aframe,5069,texture;textures,Textures,https://github.com/aframevr/aframe/issues/5069
aframevr/aframe,5035,raycast,Raycast,https://github.com/aframevr/aframe/issues/5035
aframevr/aframe,4974,raycast,Raycaster,https://github.com/aframevr/aframe/issues/4974
aframevr/aframe,4970,raycast,raycasting,https://github.com/aframevr/aframe/issues/4970
aframevr/aframe,4965,raycast,Raycasting,https://github.com/aframevr/aframe/issues/4965
aframevr/aframe,4937,render;rendering,Rendering,https://github.com/aframevr/aframe/issues/4937
aframevr/aframe,4911,render,renderer,https://github.com/aframevr/aframe/issues/4911
aframevr/aframe,4910,model,[gltf-model],https://github.com/aframevr/aframe/issues/4910
aframevr/aframe,4834,raycast,raycaster-intersection,https://github.com/aframevr/aframe/issues/4834
aframevr/aframe,4819,model,GLTF-Model,https://github.com/aframevr/aframe/issues/4819
aframevr/aframe,4813,stereo;stereoscopic,Stereoscopic,https://github.com/aframevr/aframe/issues/4813
aframevr/aframe,4799,render;rendering,Rendering,https://github.com/aframevr/aframe/issues/4799
aframevr/aframe,4787,stereo;stereocubemap,stereocubemap,https://github.com/aframevr/aframe/issues/4787
aframevr/aframe,4781,raycast,raycaster,https://github.com/aframevr/aframe/issues/4781
aframevr/aframe,4755,raycast,Raycaster,https://github.com/aframevr/aframe/issues/4755
aframevr/aframe,4712,render,CSS3DRenderer,https://github.com/aframevr/aframe/issues/4712
aframevr/aframe,4521,raycast,Raycaster,https://github.com/aframevr/aframe/issues/4521
aframevr/aframe,4519,raycast,Raycasting,https://github.com/aframevr/aframe/issues/4519
aframevr/aframe,4433,material,Material,https://github.com/aframevr/aframe/issues/4433
aframevr/aframe,4341,model,gltf-model,https://github.com/aframevr/aframe/issues/4341
aframevr/aframe,4274,model,GLTF-MODEL,https://github.com/aframevr/aframe/issues/4274
aframevr/aframe,4265,raycast,Raycaster,https://github.com/aframevr/aframe/issues/4265
aframevr/aframe,4260,render,THREE.WebGLRenderer,https://github.com/aframevr/aframe/issues/4260
aframevr/aframe,4100,model,gltf-model,https://github.com/aframevr/aframe/issues/4100
aframevr/aframe,4043,render,WebGL2Renderer,https://github.com/aframevr/aframe/issues/4043
aframevr/aframe,4007,opacity,Opacity,https://github.com/aframevr/aframe/issues/4007
aframevr/aframe,4004,transparency,Transparency,https://github.com/aframevr/aframe/issues/4004
aframevr/aframe,3975,model,gtlf-model,https://github.com/aframevr/aframe/issues/3975
aframevr/aframe,3971,texture;textures,Textures,https://github.com/aframevr/aframe/issues/3971
aframevr/aframe,3824,material;visible,Material.visible,https://github.com/aframevr/aframe/issues/3824
aframevr/aframe,3817,model,[collada-model],https://github.com/aframevr/aframe/issues/3817
aframevr/aframe,3799,model,[gltf-model],https://github.com/aframevr/aframe/issues/3799
aframevr/aframe,3792,model,[gltf-model],https://github.com/aframevr/aframe/issues/3792
aframevr/aframe,3779,render,THREE.WebGLRenderer:,https://github.com/aframevr/aframe/issues/3779
aframevr/aframe,3757,render,[renderer],https://github.com/aframevr/aframe/issues/3757
aframevr/aframe,3705,display,vrdisplayactivate,https://github.com/aframevr/aframe/issues/3705
aframevr/aframe,3627,stereo;stereoscopic,Stereoscopic,https://github.com/aframevr/aframe/issues/3627
aframevr/aframe,3593,raycast,Raycaster,https://github.com/aframevr/aframe/issues/3593
aframevr/aframe,3552,raycast,Raycaster,https://github.com/aframevr/aframe/issues/3552
aframevr/aframe,3551,raycast,Raycaster,https://github.com/aframevr/aframe/issues/3551
aframevr/aframe,3543,material,Material,https://github.com/aframevr/aframe/issues/3543
aframevr/aframe,3502,material,Material,https://github.com/aframevr/aframe/issues/3502
aframevr/aframe,3441,invisible;visible,Invisible,https://github.com/aframevr/aframe/issues/3441
aframevr/aframe,3430,raycast,Raycaster,https://github.com/aframevr/aframe/issues/3430
aframevr/aframe,3424,render,[renderer],https://github.com/aframevr/aframe/issues/3424
aframevr/aframe,3381,raycast,"Raycaster,",https://github.com/aframevr/aframe/issues/3381
aframevr/aframe,3358,raycast,Raycaster,https://github.com/aframevr/aframe/issues/3358
aframevr/aframe,3342,raycast,Raycast,https://github.com/aframevr/aframe/issues/3342
aframevr/aframe,3281,raycast,Raycaster,https://github.com/aframevr/aframe/issues/3281
aframevr/aframe,3276,raycast,Raycaster,https://github.com/aframevr/aframe/issues/3276
aframevr/aframe,3259,raycast,Raycaster,https://github.com/aframevr/aframe/issues/3259
aframevr/aframe,3257,material,Material,https://github.com/aframevr/aframe/issues/3257
aframevr/aframe,3250,raycast,raycaster,https://github.com/aframevr/aframe/issues/3250
aframevr/aframe,3248,raycast,raycaster,https://github.com/aframevr/aframe/issues/3248
aframevr/aframe,3144,raycast,Raycaster,https://github.com/aframevr/aframe/issues/3144
aframevr/aframe,3137,model,Model,https://github.com/aframevr/aframe/issues/3137
aframevr/aframe,3070,raycast,[raycaster],https://github.com/aframevr/aframe/issues/3070
aframevr/aframe,3067,model,json-model,https://github.com/aframevr/aframe/issues/3067
aframevr/aframe,3045,display,vrdisplayconnect,https://github.com/aframevr/aframe/issues/3045
aframevr/aframe,3017,material,[material],https://github.com/aframevr/aframe/issues/3017
aframevr/aframe,3016,model,[gltf-model],https://github.com/aframevr/aframe/issues/3016
aframevr/aframe,2980,raycast,Raycaster,https://github.com/aframevr/aframe/issues/2980
aframevr/aframe,2851,invisible;visible,Invisible,https://github.com/aframevr/aframe/issues/2851
aframevr/aframe,2846,material,material.src,https://github.com/aframevr/aframe/issues/2846
aframevr/aframe,2803,raycast,Raycaster,https://github.com/aframevr/aframe/issues/2803
aframevr/aframe,2778,visible,visible,https://github.com/aframevr/aframe/issues/2778
aframevr/aframe,2722,material,[material],https://github.com/aframevr/aframe/issues/2722
aframevr/aframe,2712,raycast,Raycaster,https://github.com/aframevr/aframe/issues/2712
aframevr/aframe,2708,raycast,Raycaster,https://github.com/aframevr/aframe/issues/2708
aframevr/aframe,2664,material,material.wireframeLinewidth,https://github.com/aframevr/aframe/issues/2664
aframevr/aframe,2652,texture,Texture,https://github.com/aframevr/aframe/issues/2652
aframevr/aframe,2619,opacity,Opacity,https://github.com/aframevr/aframe/issues/2619
aframevr/aframe,2577,display,Display,https://github.com/aframevr/aframe/issues/2577
aframevr/aframe,2501,raycast,Raycaster,https://github.com/aframevr/aframe/issues/2501
aframevr/aframe,2480,visible,Non-visible,https://github.com/aframevr/aframe/issues/2480
aframevr/aframe,2464,model,obj-model,https://github.com/aframevr/aframe/issues/2464
aframevr/aframe,2447,raycast,Cursor/Raycaster,https://github.com/aframevr/aframe/issues/2447
aframevr/aframe,2424,model,obj-model,https://github.com/aframevr/aframe/issues/2424
aframevr/aframe,2337,render,Renderstart,https://github.com/aframevr/aframe/issues/2337
aframevr/aframe,2329,raycast,feat(raycaster):,https://github.com/aframevr/aframe/issues/2329
aframevr/aframe,2319,raycast,raycaster,https://github.com/aframevr/aframe/issues/2319
aframevr/aframe,2252,texture,texture,https://github.com/aframevr/aframe/issues/2252
aframevr/aframe,2163,model;models,/examples/primitives/models/,https://github.com/aframevr/aframe/issues/2163
aframevr/aframe,1983,raycast,Raycast,https://github.com/aframevr/aframe/issues/1983
aframevr/aframe,1978,raycast,`raycaster-intersected`,https://github.com/aframevr/aframe/issues/1978
aframevr/aframe,1977,raycast,'raycaster-intersection',https://github.com/aframevr/aframe/issues/1977
aframevr/aframe,1976,raycast,Raycaster,https://github.com/aframevr/aframe/issues/1976
aframevr/aframe,1973,raycast,raycaster,https://github.com/aframevr/aframe/issues/1973
aframevr/aframe,1930,opacity,Opacity,https://github.com/aframevr/aframe/issues/1930
aframevr/aframe,1886,raycast,Raycaster,https://github.com/aframevr/aframe/issues/1886
aframevr/aframe,1809,opacity,opacity,https://github.com/aframevr/aframe/issues/1809
aframevr/aframe,1754,render,"""THREE.WebGLRenderer.render:",https://github.com/aframevr/aframe/issues/1754
aframevr/aframe,1739,render,THREE.WebGLRenderer.render:,https://github.com/aframevr/aframe/issues/1739
aframevr/aframe,1733,render,renderer,https://github.com/aframevr/aframe/issues/1733
aframevr/aframe,1691,material;visible,material.visible,https://github.com/aframevr/aframe/issues/1691
aframevr/aframe,1690,material;visible,material.visible,https://github.com/aframevr/aframe/issues/1690
aframevr/aframe,1534,mesh,Mesh:,https://github.com/aframevr/aframe/issues/1534
aframevr/aframe,1449,display,Display,https://github.com/aframevr/aframe/issues/1449
aframevr/aframe,1407,texture;textures,Textures,https://github.com/aframevr/aframe/issues/1407
aframevr/aframe,1362,stereo,stereo,https://github.com/aframevr/aframe/issues/1362
aframevr/aframe,1239,display,Display,https://github.com/aframevr/aframe/issues/1239
aframevr/aframe,1116,texture,texture,https://github.com/aframevr/aframe/issues/1116
aframevr/aframe,1095,material,material,https://github.com/aframevr/aframe/issues/1095
aframevr/aframe,1017,display,display,https://github.com/aframevr/aframe/issues/1017
aframevr/aframe,991,model,obj-model,https://github.com/aframevr/aframe/issues/991
aframevr/aframe,959,model,obj-model,https://github.com/aframevr/aframe/issues/959
aframevr/aframe,956,model,A-Model,https://github.com/aframevr/aframe/issues/956
aframevr/aframe,942,model,Model,https://github.com/aframevr/aframe/issues/942
aframevr/aframe,804,material,material.envMap,https://github.com/aframevr/aframe/issues/804
aframevr/aframe,747,display,Display,https://github.com/aframevr/aframe/issues/747
aframevr/aframe,641,raycast,Raycaster,https://github.com/aframevr/aframe/issues/641
aframevr/aframe,599,material,Material,https://github.com/aframevr/aframe/issues/599
aframevr/aframe,424,model,Model,https://github.com/aframevr/aframe/issues/424
aframevr/aframe,423,model,Model,https://github.com/aframevr/aframe/issues/423
aframevr/aframe,422,model,Model,https://github.com/aframevr/aframe/issues/422
aframevr/aframe,311,render;rendering,Rendering,https://github.com/aframevr/aframe/issues/311
aframevr/aframe,169,texture;textured,Textured,https://github.com/aframevr/aframe/issues/169
aframevr/aframe,5738,model,model,https://github.com/aframevr/aframe/issues/5738
aframevr/aframe,5704,mesh,"""real-world-mesh""",https://github.com/aframevr/aframe/issues/5704
aframevr/aframe,5596,display,Display,https://github.com/aframevr/aframe/issues/5596
aframevr/aframe,5593,texture,Texture,https://github.com/aframevr/aframe/issues/5593
aframevr/aframe,5557,texture,Texture,https://github.com/aframevr/aframe/issues/5557
aframevr/aframe,5457,material;materials,Materials,https://github.com/aframevr/aframe/issues/5457
aframevr/aframe,5393,model;models,Models,https://github.com/aframevr/aframe/issues/5393
aframevr/aframe,5339,material,RawShaderMaterial,https://github.com/aframevr/aframe/issues/5339
aframevr/aframe,5317,model,model-viewer:,https://github.com/aframevr/aframe/issues/5317
aframevr/aframe,5316,model,model-viewer,https://github.com/aframevr/aframe/issues/5316
aframevr/aframe,5284,model,<a-gltf-model></a-gltf-model>,https://github.com/aframevr/aframe/issues/5284
aframevr/aframe,5272,raycast,Raycaster,https://github.com/aframevr/aframe/issues/5272
aframevr/aframe,5255,model,gltf-model,https://github.com/aframevr/aframe/issues/5255
aframevr/aframe,5224,raycast,Raycasting,https://github.com/aframevr/aframe/issues/5224
aframevr/aframe,5202,render,THREE.WebGLRenderer.render:,https://github.com/aframevr/aframe/issues/5202
aframevr/aframe,5120,material,material:,https://github.com/aframevr/aframe/issues/5120
aframevr/aframe,5069,texture;textures,Textures,https://github.com/aframevr/aframe/issues/5069
aframevr/aframe,5035,raycast,Raycast,https://github.com/aframevr/aframe/issues/5035
aframevr/aframe,4974,raycast,Raycaster,https://github.com/aframevr/aframe/issues/4974
aframevr/aframe,4970,raycast,raycasting,https://github.com/aframevr/aframe/issues/4970
aframevr/aframe,4965,raycast,Raycasting,https://github.com/aframevr/aframe/issues/4965
aframevr/aframe,4937,render;rendering,Rendering,https://github.com/aframevr/aframe/issues/4937
aframevr/aframe,4911,render,renderer,https://github.com/aframevr/aframe/issues/4911
aframevr/aframe,4910,model,[gltf-model],https://github.com/aframevr/aframe/issues/4910
aframevr/aframe,4834,raycast,raycaster-intersection,https://github.com/aframevr/aframe/issues/4834
aframevr/aframe,4819,model,GLTF-Model,https://github.com/aframevr/aframe/issues/4819
aframevr/aframe,4813,stereo;stereoscopic,Stereoscopic,https://github.com/aframevr/aframe/issues/4813
aframevr/aframe,4799,render;rendering,Rendering,https://github.com/aframevr/aframe/issues/4799
aframevr/aframe,4787,stereo;stereocubemap,stereocubemap,https://github.com/aframevr/aframe/issues/4787
aframevr/aframe,4781,raycast,raycaster,https://github.com/aframevr/aframe/issues/4781
aframevr/aframe,4755,raycast,Raycaster,https://github.com/aframevr/aframe/issues/4755
aframevr/aframe,4712,render,CSS3DRenderer,https://github.com/aframevr/aframe/issues/4712
aframevr/aframe,4521,raycast,Raycaster,https://github.com/aframevr/aframe/issues/4521
aframevr/aframe,4519,raycast,Raycasting,https://github.com/aframevr/aframe/issues/4519
aframevr/aframe,4433,material,Material,https://github.com/aframevr/aframe/issues/4433
aframevr/aframe,4341,model,gltf-model,https://github.com/aframevr/aframe/issues/4341
aframevr/aframe,4274,model,GLTF-MODEL,https://github.com/aframevr/aframe/issues/4274
aframevr/aframe,4265,raycast,Raycaster,https://github.com/aframevr/aframe/issues/4265
aframevr/aframe,4260,render,THREE.WebGLRenderer,https://github.com/aframevr/aframe/issues/4260
aframevr/aframe,4100,model,gltf-model,https://github.com/aframevr/aframe/issues/4100
aframevr/aframe,4043,render,WebGL2Renderer,https://github.com/aframevr/aframe/issues/4043
aframevr/aframe,4007,opacity,Opacity,https://github.com/aframevr/aframe/issues/4007
aframevr/aframe,4004,transparency,Transparency,https://github.com/aframevr/aframe/issues/4004
aframevr/aframe,3975,model,gtlf-model,https://github.com/aframevr/aframe/issues/3975
aframevr/aframe,3971,texture;textures,Textures,https://github.com/aframevr/aframe/issues/3971
aframevr/aframe,3824,material;visible,Material.visible,https://github.com/aframevr/aframe/issues/3824
aframevr/aframe,3817,model,[collada-model],https://github.com/aframevr/aframe/issues/3817
aframevr/aframe,3799,model,[gltf-model],https://github.com/aframevr/aframe/issues/3799
aframevr/aframe,3792,model,[gltf-model],https://github.com/aframevr/aframe/issues/3792
aframevr/aframe,3779,render,THREE.WebGLRenderer:,https://github.com/aframevr/aframe/issues/3779
aframevr/aframe,3757,render,[renderer],https://github.com/aframevr/aframe/issues/3757
aframevr/aframe,3705,display,vrdisplayactivate,https://github.com/aframevr/aframe/issues/3705
aframevr/aframe,3627,stereo;stereoscopic,Stereoscopic,https://github.com/aframevr/aframe/issues/3627
aframevr/aframe,3593,raycast,Raycaster,https://github.com/aframevr/aframe/issues/3593
aframevr/aframe,3552,raycast,Raycaster,https://github.com/aframevr/aframe/issues/3552
aframevr/aframe,3551,raycast,Raycaster,https://github.com/aframevr/aframe/issues/3551
aframevr/aframe,3543,material,Material,https://github.com/aframevr/aframe/issues/3543
aframevr/aframe,3502,material,Material,https://github.com/aframevr/aframe/issues/3502
aframevr/aframe,3441,invisible;visible,Invisible,https://github.com/aframevr/aframe/issues/3441
aframevr/aframe,3430,raycast,Raycaster,https://github.com/aframevr/aframe/issues/3430
aframevr/aframe,3424,render,[renderer],https://github.com/aframevr/aframe/issues/3424
aframevr/aframe,3381,raycast,"Raycaster,",https://github.com/aframevr/aframe/issues/3381
aframevr/aframe,3358,raycast,Raycaster,https://github.com/aframevr/aframe/issues/3358
aframevr/aframe,3342,raycast,Raycast,https://github.com/aframevr/aframe/issues/3342
aframevr/aframe,3281,raycast,Raycaster,https://github.com/aframevr/aframe/issues/3281
aframevr/aframe,3276,raycast,Raycaster,https://github.com/aframevr/aframe/issues/3276
aframevr/aframe,3259,raycast,Raycaster,https://github.com/aframevr/aframe/issues/3259
aframevr/aframe,3257,material,Material,https://github.com/aframevr/aframe/issues/3257
aframevr/aframe,3250,raycast,raycaster,https://github.com/aframevr/aframe/issues/3250
aframevr/aframe,3248,raycast,raycaster,https://github.com/aframevr/aframe/issues/3248
aframevr/aframe,3144,raycast,Raycaster,https://github.com/aframevr/aframe/issues/3144
aframevr/aframe,3137,model,Model,https://github.com/aframevr/aframe/issues/3137
aframevr/aframe,3070,raycast,[raycaster],https://github.com/aframevr/aframe/issues/3070
aframevr/aframe,3067,model,json-model,https://github.com/aframevr/aframe/issues/3067
aframevr/aframe,3045,display,vrdisplayconnect,https://github.com/aframevr/aframe/issues/3045
aframevr/aframe,3017,material,[material],https://github.com/aframevr/aframe/issues/3017
aframevr/aframe,3016,model,[gltf-model],https://github.com/aframevr/aframe/issues/3016
aframevr/aframe,2980,raycast,Raycaster,https://github.com/aframevr/aframe/issues/2980
Ajedi32/echovr-tray-tool,1,display,Display,https://github.com/Ajedi32/echovr-tray-tool/issues/1
AndroidHMD/TowerVR,32,material;materials,Materials,https://github.com/AndroidHMD/TowerVR/issues/32
ArjoNagelhout/vr-bim,1,mesh,Feature/mesh,https://github.com/ArjoNagelhout/vr-bim/issues/1
AurelienGttn/DrumVR,4,display,Display,https://github.com/AurelienGttn/DrumVR/issues/4
bagridag/VirtualReality_2Dto3D,1,render;rendering,Rendering,https://github.com/bagridag/VirtualReality_2Dto3D/issues/1
bjornbytes/lovr,891,mesh,ConvexShape/MeshShape,https://github.com/bjornbytes/lovr/issues/891
bjornbytes/lovr,836,model,Model:setNodeVisibility,https://github.com/bjornbytes/lovr/issues/836
bjornbytes/lovr,811,raycast,Raycast,https://github.com/bjornbytes/lovr/issues/811
bjornbytes/lovr,732,model,Model,https://github.com/bjornbytes/lovr/issues/732
bjornbytes/lovr,716,material;mesh,Mesh:setMaterial,https://github.com/bjornbytes/lovr/issues/716
bjornbytes/lovr,711,raycast,World:raycastClosest,https://github.com/bjornbytes/lovr/issues/711
bjornbytes/lovr,708,texture,Pass:draw(Texture),https://github.com/bjornbytes/lovr/issues/708
bjornbytes/lovr,706,model,Model:clone,https://github.com/bjornbytes/lovr/issues/706
bjornbytes/lovr,688,mesh,Mesh,https://github.com/bjornbytes/lovr/issues/688
bjornbytes/lovr,626,texture,Texture,https://github.com/bjornbytes/lovr/issues/626
bjornbytes/lovr,588,mesh,MeshShape,https://github.com/bjornbytes/lovr/issues/588
bjornbytes/lovr,576,display,Display,https://github.com/bjornbytes/lovr/issues/576
bjornbytes/lovr,544,render,Render,https://github.com/bjornbytes/lovr/issues/544
bjornbytes/lovr,543,mesh,MeshShapes,https://github.com/bjornbytes/lovr/issues/543
bjornbytes/lovr,518,texture,Texture,https://github.com/bjornbytes/lovr/issues/518
bjornbytes/lovr,494,mesh,"Mesh:setVertices(vertices,",https://github.com/bjornbytes/lovr/issues/494
bjornbytes/lovr,454,stereo,Stereo,https://github.com/bjornbytes/lovr/issues/454
bjornbytes/lovr,442,texture,Texture:replacePixels:,https://github.com/bjornbytes/lovr/issues/442
bjornbytes/lovr,417,model,lovr.headset.newModel,https://github.com/bjornbytes/lovr/issues/417
bjornbytes/lovr,268,render;rendering,Rendering,https://github.com/bjornbytes/lovr/issues/268
bjornbytes/lovr,146,material;model,model:getMaterialName(idx),https://github.com/bjornbytes/lovr/issues/146
bjornbytes/lovr,97,render;rendering,Rendering,https://github.com/bjornbytes/lovr/issues/97
bjornbytes/lovr,38,model,Model/ModelData,https://github.com/bjornbytes/lovr/issues/38
bjornbytes/lovr,8,render;texture,Texture:renderTo,https://github.com/bjornbytes/lovr/issues/8
breiting/ckk-openrex,35,mesh,rex_mesh,https://github.com/breiting/ckk-openrex/issues/35
breiting/ckk-openrex,34,mesh,Mesh,https://github.com/breiting/ckk-openrex/issues/34
bulletphysics/bullet3,4582,render;rendered,Rendered,https://github.com/bulletphysics/bullet3/issues/4582
bulletphysics/bullet3,4530,raycast,Raycast,https://github.com/bulletphysics/bullet3/issues/4530
bulletphysics/bullet3,4437,raycast,btRaycastVehicle,https://github.com/bulletphysics/bullet3/issues/4437
bulletphysics/bullet3,4294,raycast,Raycast,https://github.com/bulletphysics/bullet3/issues/4294
bulletphysics/bullet3,3321,model,Model,https://github.com/bulletphysics/bullet3/issues/3321
bulletphysics/bullet3,3281,raycast,Raycast,https://github.com/bulletphysics/bullet3/issues/3281
bulletphysics/bullet3,3220,raycast,btRaycastVehicle.cpp:,https://github.com/bulletphysics/bullet3/issues/3220
bulletphysics/bullet3,3181,texture,Texture,https://github.com/bulletphysics/bullet3/issues/3181
bulletphysics/bullet3,3112,render,render,https://github.com/bulletphysics/bullet3/issues/3112
bulletphysics/bullet3,3111,render,render,https://github.com/bulletphysics/bullet3/issues/3111
bulletphysics/bullet3,3013,model,Modelling,https://github.com/bulletphysics/bullet3/issues/3013
bulletphysics/bullet3,2979,render,TinyRenderer:,https://github.com/bulletphysics/bullet3/issues/2979
bulletphysics/bullet3,2949,raycast,Raycasts,https://github.com/bulletphysics/bullet3/issues/2949
bulletphysics/bullet3,2913,mesh,getMeshData,https://github.com/bulletphysics/bullet3/issues/2913
bulletphysics/bullet3,2842,model,Modelling,https://github.com/bulletphysics/bullet3/issues/2842
bulletphysics/bullet3,2828,render,TINY_RENDERER:,https://github.com/bulletphysics/bullet3/issues/2828
bulletphysics/bullet3,2770,render,TINY_RENDERER:,https://github.com/bulletphysics/bullet3/issues/2770
bulletphysics/bullet3,2767,render,Clothrender,https://github.com/bulletphysics/bullet3/issues/2767
bulletphysics/bullet3,2633,render,Render,https://github.com/bulletphysics/bullet3/issues/2633
bulletphysics/bullet3,2562,render,Render,https://github.com/bulletphysics/bullet3/issues/2562
bulletphysics/bullet3,2428,material,btMultimaterialCompoundShape,https://github.com/bulletphysics/bullet3/issues/2428
bulletphysics/bullet3,2390,render,eglRenderer,https://github.com/bulletphysics/bullet3/issues/2390
bulletphysics/bullet3,2383,mesh,btGImpactMeshShape/CollisionAlgorithm,https://github.com/bulletphysics/bullet3/issues/2383
bulletphysics/bullet3,2297,render,ER_TINY_RENDERER,https://github.com/bulletphysics/bullet3/issues/2297
bulletphysics/bullet3,2275,raycast,raycast,https://github.com/bulletphysics/bullet3/issues/2275
bulletphysics/bullet3,2214,model,Modelling,https://github.com/bulletphysics/bullet3/issues/2214
bulletphysics/bullet3,2206,render,TinyRenderer,https://github.com/bulletphysics/bullet3/issues/2206
bulletphysics/bullet3,2028,texture,changeTexture,https://github.com/bulletphysics/bullet3/issues/2028
bulletphysics/bullet3,2012,texture;textures,Textures,https://github.com/bulletphysics/bullet3/issues/2012
bulletphysics/bullet3,1920,render,env.render(),https://github.com/bulletphysics/bullet3/issues/1920
bulletphysics/bullet3,1597,render,Render,https://github.com/bulletphysics/bullet3/issues/1597
bulletphysics/bullet3,1565,render,Render,https://github.com/bulletphysics/bullet3/issues/1565
bulletphysics/bullet3,1550,render;rendering,PyBullet/rendering:,https://github.com/bulletphysics/bullet3/issues/1550
bulletphysics/bullet3,1434,model,Modelling,https://github.com/bulletphysics/bullet3/issues/1434
bulletphysics/bullet3,1400,raycast,Raycast,https://github.com/bulletphysics/bullet3/issues/1400
bulletphysics/bullet3,1217,texture,texture,https://github.com/bulletphysics/bullet3/issues/1217
bulletphysics/bullet3,1150,render,TinyRenderer:,https://github.com/bulletphysics/bullet3/issues/1150
bulletphysics/bullet3,1125,render,GLInstancingRenderer:,https://github.com/bulletphysics/bullet3/issues/1125
bulletphysics/bullet3,1079,render,tinyrenderer:,https://github.com/bulletphysics/bullet3/issues/1079
bulletphysics/bullet3,1072,render,"TinyRenderer,",https://github.com/bulletphysics/bullet3/issues/1072
bulletphysics/bullet3,1063,render,TinyRenderer:,https://github.com/bulletphysics/bullet3/issues/1063
bulletphysics/bullet3,1006,render,tinyrenderer,https://github.com/bulletphysics/bullet3/issues/1006
bulletphysics/bullet3,1004,render;rendering,Rendering,https://github.com/bulletphysics/bullet3/issues/1004
bulletphysics/bullet3,814,texture;textured,textured,https://github.com/bulletphysics/bullet3/issues/814
bulletphysics/bullet3,672,render,Render,https://github.com/bulletphysics/bullet3/issues/672
bulletphysics/bullet3,652,render,render,https://github.com/bulletphysics/bullet3/issues/652
bulletphysics/bullet3,649,render,render,https://github.com/bulletphysics/bullet3/issues/649
bulletphysics/bullet3,487,raycast,Raycast,https://github.com/bulletphysics/bullet3/issues/487
bulletphysics/bullet3,320,mesh,"btTriangleMesh::addTriangleIndices,",https://github.com/bulletphysics/bullet3/issues/320
bulletphysics/bullet3,269,render,Render,https://github.com/bulletphysics/bullet3/issues/269
bulletphysics/bullet3,128,raycast,btRaycastVehicle,https://github.com/bulletphysics/bullet3/issues/128
bulletphysics/bullet3,119,raycast,btRaycastVehicle:,https://github.com/bulletphysics/bullet3/issues/119
bulletphysics/bullet3,91,raycast,btRaycastVehicle:,https://github.com/bulletphysics/bullet3/issues/91
bulletphysics/bullet3,4582,render;rendered,Rendered,https://github.com/bulletphysics/bullet3/issues/4582
bulletphysics/bullet3,4530,raycast,Raycast,https://github.com/bulletphysics/bullet3/issues/4530
bulletphysics/bullet3,4437,raycast,btRaycastVehicle,https://github.com/bulletphysics/bullet3/issues/4437
bulletphysics/bullet3,4294,raycast,Raycast,https://github.com/bulletphysics/bullet3/issues/4294
bulletphysics/bullet3,3321,model,Model,https://github.com/bulletphysics/bullet3/issues/3321
bulletphysics/bullet3,3281,raycast,Raycast,https://github.com/bulletphysics/bullet3/issues/3281
bulletphysics/bullet3,3220,raycast,btRaycastVehicle.cpp:,https://github.com/bulletphysics/bullet3/issues/3220
bulletphysics/bullet3,3181,texture,Texture,https://github.com/bulletphysics/bullet3/issues/3181
bulletphysics/bullet3,3112,render,render,https://github.com/bulletphysics/bullet3/issues/3112
bulletphysics/bullet3,3111,render,render,https://github.com/bulletphysics/bullet3/issues/3111
bulletphysics/bullet3,3013,model,Modelling,https://github.com/bulletphysics/bullet3/issues/3013
bulletphysics/bullet3,2979,render,TinyRenderer:,https://github.com/bulletphysics/bullet3/issues/2979
bulletphysics/bullet3,2949,raycast,Raycasts,https://github.com/bulletphysics/bullet3/issues/2949
bulletphysics/bullet3,2913,mesh,getMeshData,https://github.com/bulletphysics/bullet3/issues/2913
bulletphysics/bullet3,2842,model,Modelling,https://github.com/bulletphysics/bullet3/issues/2842
bulletphysics/bullet3,2828,render,TINY_RENDERER:,https://github.com/bulletphysics/bullet3/issues/2828
bulletphysics/bullet3,2770,render,TINY_RENDERER:,https://github.com/bulletphysics/bullet3/issues/2770
bulletphysics/bullet3,2767,render,Clothrender,https://github.com/bulletphysics/bullet3/issues/2767
bulletphysics/bullet3,2633,render,Render,https://github.com/bulletphysics/bullet3/issues/2633
bulletphysics/bullet3,2562,render,Render,https://github.com/bulletphysics/bullet3/issues/2562
bulletphysics/bullet3,2428,material,btMultimaterialCompoundShape,https://github.com/bulletphysics/bullet3/issues/2428
bulletphysics/bullet3,2390,render,eglRenderer,https://github.com/bulletphysics/bullet3/issues/2390
bulletphysics/bullet3,2383,mesh,btGImpactMeshShape/CollisionAlgorithm,https://github.com/bulletphysics/bullet3/issues/2383
bulletphysics/bullet3,2297,render,ER_TINY_RENDERER,https://github.com/bulletphysics/bullet3/issues/2297
bulletphysics/bullet3,2275,raycast,raycast,https://github.com/bulletphysics/bullet3/issues/2275
bulletphysics/bullet3,2214,model,Modelling,https://github.com/bulletphysics/bullet3/issues/2214
bulletphysics/bullet3,2206,render,TinyRenderer,https://github.com/bulletphysics/bullet3/issues/2206
bulletphysics/bullet3,2028,texture,changeTexture,https://github.com/bulletphysics/bullet3/issues/2028
bulletphysics/bullet3,2012,texture;textures,Textures,https://github.com/bulletphysics/bullet3/issues/2012
bulletphysics/bullet3,1920,render,env.render(),https://github.com/bulletphysics/bullet3/issues/1920
bulletphysics/bullet3,1597,render,Render,https://github.com/bulletphysics/bullet3/issues/1597
bulletphysics/bullet3,1565,render,Render,https://github.com/bulletphysics/bullet3/issues/1565
bulletphysics/bullet3,1550,render;rendering,PyBullet/rendering:,https://github.com/bulletphysics/bullet3/issues/1550
bulletphysics/bullet3,1434,model,Modelling,https://github.com/bulletphysics/bullet3/issues/1434
bulletphysics/bullet3,1400,raycast,Raycast,https://github.com/bulletphysics/bullet3/issues/1400
bulletphysics/bullet3,1217,texture,texture,https://github.com/bulletphysics/bullet3/issues/1217
bulletphysics/bullet3,1150,render,TinyRenderer:,https://github.com/bulletphysics/bullet3/issues/1150
bulletphysics/bullet3,1125,render,GLInstancingRenderer:,https://github.com/bulletphysics/bullet3/issues/1125
bulletphysics/bullet3,1079,render,tinyrenderer:,https://github.com/bulletphysics/bullet3/issues/1079
bulletphysics/bullet3,1072,render,"TinyRenderer,",https://github.com/bulletphysics/bullet3/issues/1072
bulletphysics/bullet3,1063,render,TinyRenderer:,https://github.com/bulletphysics/bullet3/issues/1063
bulletphysics/bullet3,1006,render,tinyrenderer,https://github.com/bulletphysics/bullet3/issues/1006
bulletphysics/bullet3,1004,render;rendering,Rendering,https://github.com/bulletphysics/bullet3/issues/1004
bulletphysics/bullet3,814,texture;textured,textured,https://github.com/bulletphysics/bullet3/issues/814
bulletphysics/bullet3,672,render,Render,https://github.com/bulletphysics/bullet3/issues/672
bulletphysics/bullet3,652,render,render,https://github.com/bulletphysics/bullet3/issues/652
bulletphysics/bullet3,649,render,render,https://github.com/bulletphysics/bullet3/issues/649
bulletphysics/bullet3,487,raycast,Raycast,https://github.com/bulletphysics/bullet3/issues/487
bulletphysics/bullet3,320,mesh,"btTriangleMesh::addTriangleIndices,",https://github.com/bulletphysics/bullet3/issues/320
bulletphysics/bullet3,269,render,Render,https://github.com/bulletphysics/bullet3/issues/269
bulletphysics/bullet3,128,raycast,btRaycastVehicle,https://github.com/bulletphysics/bullet3/issues/128
bulletphysics/bullet3,119,raycast,btRaycastVehicle:,https://github.com/bulletphysics/bullet3/issues/119
bulletphysics/bullet3,91,raycast,btRaycastVehicle:,https://github.com/bulletphysics/bullet3/issues/91
Chainsawkitten/Deathcap,950,texture,Texture,https://github.com/Chainsawkitten/Deathcap/issues/950
Chainsawkitten/Deathcap,923,texture,Texture,https://github.com/Chainsawkitten/Deathcap/issues/923
Chainsawkitten/Deathcap,921,texture,Texture,https://github.com/Chainsawkitten/Deathcap/issues/921
Chainsawkitten/Deathcap,917,texture,Texture,https://github.com/Chainsawkitten/Deathcap/issues/917
Chainsawkitten/Deathcap,909,texture,Texture,https://github.com/Chainsawkitten/Deathcap/issues/909
Chainsawkitten/Deathcap,907,model,Modelling,https://github.com/Chainsawkitten/Deathcap/issues/907
Chainsawkitten/Deathcap,905,texture,Texture,https://github.com/Chainsawkitten/Deathcap/issues/905
Chainsawkitten/Deathcap,904,model,Modelling,https://github.com/Chainsawkitten/Deathcap/issues/904
Chainsawkitten/Deathcap,787,texture,TextureAsset,https://github.com/Chainsawkitten/Deathcap/issues/787
Chainsawkitten/Deathcap,738,render,Render,https://github.com/Chainsawkitten/Deathcap/issues/738
Chainsawkitten/Deathcap,728,render,Render,https://github.com/Chainsawkitten/Deathcap/issues/728
Chainsawkitten/Deathcap,707,render,Render,https://github.com/Chainsawkitten/Deathcap/issues/707
Chainsawkitten/Deathcap,700,render,Render,https://github.com/Chainsawkitten/Deathcap/issues/700
Chainsawkitten/Deathcap,566,render;rendering,Rendering,https://github.com/Chainsawkitten/Deathcap/issues/566
Chainsawkitten/Deathcap,561,render,Render,https://github.com/Chainsawkitten/Deathcap/issues/561
Chainsawkitten/Deathcap,503,texture,Texture,https://github.com/Chainsawkitten/Deathcap/issues/503
Chainsawkitten/Deathcap,443,texture,Texture,https://github.com/Chainsawkitten/Deathcap/issues/443
Chainsawkitten/Deathcap,378,render,Render,https://github.com/Chainsawkitten/Deathcap/issues/378
Chainsawkitten/Deathcap,248,display,Display,https://github.com/Chainsawkitten/Deathcap/issues/248
Chainsawkitten/Deathcap,237,texture,Texture,https://github.com/Chainsawkitten/Deathcap/issues/237
Chainsawkitten/Deathcap,206,render,Render,https://github.com/Chainsawkitten/Deathcap/issues/206
Chainsawkitten/Deathcap,196,render,Render,https://github.com/Chainsawkitten/Deathcap/issues/196
ClandininLab/flystim,19,display,Multidisplay,https://github.com/ClandininLab/flystim/issues/19
ClandininLab/flystim,12,texture;textured,Textured,https://github.com/ClandininLab/flystim/issues/12
CognitiveVR/cvr-sdk-unity,173,sprite,Sprite,https://github.com/CognitiveVR/cvr-sdk-unity/issues/173
CognitiveVR/cvr-sdk-unreal,8,material,Material,https://github.com/CognitiveVR/cvr-sdk-unreal/issues/8
COS301-SE-2021/AR-VR-GAN,37,render;rendering,rendering,https://github.com/COS301-SE-2021/AR-VR-GAN/issues/37
COS301-SE-2021/AR-VR-GAN,34,render;rendering,rendering,https://github.com/COS301-SE-2021/AR-VR-GAN/issues/34
COS301-SE-2021/AR-VR-GAN,30,model,Model,https://github.com/COS301-SE-2021/AR-VR-GAN/issues/30
cosmoscout/cosmoscout-vr,18,display,Display,https://github.com/cosmoscout/cosmoscout-vr/issues/18
danielesteban/blocks,40,mesh,Mesher,https://github.com/danielesteban/blocks/issues/40
danielesteban/blocks,33,display,Display,https://github.com/danielesteban/blocks/issues/33
danielesteban/blocks,4,texture;textured,Textured,https://github.com/danielesteban/blocks/issues/4
ddiakopoulos/polymer,36,render,Render,https://github.com/ddiakopoulos/polymer/issues/36
ddiakopoulos/polymer,34,render,gl-render,https://github.com/ddiakopoulos/polymer/issues/34
ddiakopoulos/polymer,31,render,Renderer:,https://github.com/ddiakopoulos/polymer/issues/31
ddiakopoulos/polymer,30,render,Renderer:,https://github.com/ddiakopoulos/polymer/issues/30
ddiakopoulos/polymer,26,render,RenderDoc,https://github.com/ddiakopoulos/polymer/issues/26
ddiakopoulos/polymer,20,render,render,https://github.com/ddiakopoulos/polymer/issues/20
ddiakopoulos/polymer,19,render,render,https://github.com/ddiakopoulos/polymer/issues/19
ddiakopoulos/polymer,7,material;mesh,Mesh/Material,https://github.com/ddiakopoulos/polymer/issues/7
De-Panther/unity-webxr-export,402,material;materials,materials,https://github.com/De-Panther/unity-webxr-export/issues/402
De-Panther/unity-webxr-export,372,display,Display,https://github.com/De-Panther/unity-webxr-export/issues/372
De-Panther/unity-webxr-export,370,mesh;meshes,Meshes,https://github.com/De-Panther/unity-webxr-export/issues/370
De-Panther/unity-webxr-export,176,render,glRenderbufferStorageMultisampleEXT,https://github.com/De-Panther/unity-webxr-export/issues/176
diogohmcruz/Beginner-Vuforia,7,model,Modelo,https://github.com/diogohmcruz/Beginner-Vuforia/issues/7
Eis4TY/XR-Stereoscopic-Viewer,4,stereo;stereoscopic,拷贝Media到/sdcard/Android/data/com.Eis4TY.XRStereoscopicViewer后仍然加载不出图片,https://github.com/Eis4TY/XR-Stereoscopic-Viewer/issues/4
Eis4TY/XR-Stereoscopic-Viewer,1,stereo;stereoscopic,Android.Eis4TY.XRStereoscopicViewer,https://github.com/Eis4TY/XR-Stereoscopic-Viewer/issues/1
EnchantmentEngine/EnchantmentEngine,74,material,defineMaterialPrefab,https://github.com/EnchantmentEngine/EnchantmentEngine/issues/74
EnchantmentEngine/EnchantmentEngine,42,material,Material,https://github.com/EnchantmentEngine/EnchantmentEngine/issues/42
EnchantmentEngine/EnchantmentEngine,3,material,Material,https://github.com/EnchantmentEngine/EnchantmentEngine/issues/3
exokitxr/exokit-browser,35,mesh,ScreenMesh,https://github.com/exokitxr/exokit-browser/issues/35
exokitxr/exokit,1305,display,FakeXRDisplay,https://github.com/exokitxr/exokit/issues/1305
exokitxr/exokit,1301,display,FakeXRDisplay,https://github.com/exokitxr/exokit/issues/1301
exokitxr/exokit,1280,render,GLctx.renderbufferStorageMultisample,https://github.com/exokitxr/exokit/issues/1280
exokitxr/exokit,1125,display,VRDisplay,https://github.com/exokitxr/exokit/issues/1125
exokitxr/exokit,994,texture,DOM-to-texture,https://github.com/exokitxr/exokit/issues/994
exokitxr/exokit,941,render;rendering,WebGLRenderingContext,https://github.com/exokitxr/exokit/issues/941
exokitxr/exokit,937,display,FakeVRDisplay,https://github.com/exokitxr/exokit/issues/937
exokitxr/exokit,934,mesh,Meshing,https://github.com/exokitxr/exokit/issues/934
exokitxr/exokit,933,display,FakeVRDisplay,https://github.com/exokitxr/exokit/issues/933
exokitxr/exokit,733,mesh,Meshing,https://github.com/exokitxr/exokit/issues/733
exokitxr/exokit,730,mesh,Meshing,https://github.com/exokitxr/exokit/issues/730
exokitxr/exokit,675,render;rendering,CanvasRenderingContext2D,https://github.com/exokitxr/exokit/issues/675
exokitxr/exokit,667,texture,Browser-to-texture,https://github.com/exokitxr/exokit/issues/667
exokitxr/exokit,643,render;rendering,CanvasRenderingContext2D,https://github.com/exokitxr/exokit/issues/643
exokitxr/exokit,462,render,Renderloop,https://github.com/exokitxr/exokit/issues/462
exokitxr/exokit,339,render;rendering,CanvasRenderingContext2D,https://github.com/exokitxr/exokit/issues/339
exokitxr/exokit,319,display,Vrdisplayactivate,https://github.com/exokitxr/exokit/issues/319
exokitxr/exokit,305,display,vrdisplayactivate,https://github.com/exokitxr/exokit/issues/305
exokitxr/exokit,188,render;rendering,WebGLRenderingContext,https://github.com/exokitxr/exokit/issues/188
exokitxr/exokit,160,render;rendering,CanvasRenderingContext2D,https://github.com/exokitxr/exokit/issues/160
exokitxr/exokit,144,display,VRDisplay,https://github.com/exokitxr/exokit/issues/144
exokitxr/exokit,96,render,Render,https://github.com/exokitxr/exokit/issues/96
ExtendRealityLtd/VRTK,1926,material,VRTK_MaterialColorSwapHighlighter.cs,https://github.com/ExtendRealityLtd/VRTK/issues/1926
ExtendRealityLtd/VRTK,1853,render,VRTK_StraightPointerRenderer,https://github.com/ExtendRealityLtd/VRTK/issues/1853
ExtendRealityLtd/VRTK,1835,render,BelzierPointerRenderer,https://github.com/ExtendRealityLtd/VRTK/issues/1835
ExtendRealityLtd/VRTK,1807,raycast,fix(GraphicRaycaster):,https://github.com/ExtendRealityLtd/VRTK/issues/1807
ExtendRealityLtd/VRTK,1795,texture,Texture.Texture(),https://github.com/ExtendRealityLtd/VRTK/issues/1795
ExtendRealityLtd/VRTK,1766,render,VRTK_BasePointerRenderer.GetOrigin,https://github.com/ExtendRealityLtd/VRTK/issues/1766
ExtendRealityLtd/VRTK,1723,render,VRTK_BaserPointerRenderer,https://github.com/ExtendRealityLtd/VRTK/issues/1723
ExtendRealityLtd/VRTK,1719,render,VRTK_BasePointerRenderer.Toggle(),https://github.com/ExtendRealityLtd/VRTK/issues/1719
ExtendRealityLtd/VRTK,1585,render,fix(PointerRenderer):,https://github.com/ExtendRealityLtd/VRTK/issues/1585
ExtendRealityLtd/VRTK,1555,mesh,033_CameraRig_TeleportingInNavMesh,https://github.com/ExtendRealityLtd/VRTK/issues/1555
ExtendRealityLtd/VRTK,1352,raycast,fix(CustomRaycast):,https://github.com/ExtendRealityLtd/VRTK/issues/1352
ExtendRealityLtd/VRTK,1283,opacity,Opacity,https://github.com/ExtendRealityLtd/VRTK/issues/1283
ExtendRealityLtd/VRTK,971,render,feat(StraightPointerRenderer):,https://github.com/ExtendRealityLtd/VRTK/issues/971
ExtendRealityLtd/VRTK,967,render,BasePointerRenderer_Origin_Smoothed,https://github.com/ExtendRealityLtd/VRTK/issues/967
ExtendRealityLtd/VRTK,760,raycast,VRTK_UIGraphicRaycaster,https://github.com/ExtendRealityLtd/VRTK/issues/760
ExtendRealityLtd/VRTK,481,mesh,NavMesh,https://github.com/ExtendRealityLtd/VRTK/issues/481
ExtendRealityLtd/VRTK,113,texture,Texture,https://github.com/ExtendRealityLtd/VRTK/issues/113
gelic-idealab/komodo-unity,59,model,Model,https://github.com/gelic-idealab/komodo-unity/issues/59
gelic-idealab/komodo-unity,52,render,render,https://github.com/gelic-idealab/komodo-unity/issues/52
gelic-idealab/komodo-unity,51,render,render,https://github.com/gelic-idealab/komodo-unity/issues/51
gelic-idealab/komodo-unity,18,render,Render,https://github.com/gelic-idealab/komodo-unity/issues/18
gelic-idealab/komodo-unity,16,display,Display,https://github.com/gelic-idealab/komodo-unity/issues/16
grodno-vr/grodno-vr.github.io,7,stereo,Stereoscopy/stereo,https://github.com/grodno-vr/grodno-vr.github.io/issues/7
HARPLab/DReyeVR,110,display,Display,https://github.com/HARPLab/DReyeVR/issues/110
HARPLab/DReyeVR,45,render;rendering,Rendering,https://github.com/HARPLab/DReyeVR/issues/45
hyperdelia/hex002-womb,8,texture;textures,Textures,https://github.com/hyperdelia/hex002-womb/issues/8
hyperlogic/splatapult,28,render;rendering,Rendering,https://github.com/hyperlogic/splatapult/issues/28
IBM/vr-speech-sandbox-vive,56,material,"VRTK_MaterialColorSwapHighlighter.cs(125,66):",https://github.com/IBM/vr-speech-sandbox-vive/issues/56
icosa-foundation/open-brush,880,mesh,Mesh,https://github.com/icosa-foundation/open-brush/issues/880
icosa-foundation/open-brush,794,model,ModelWidget,https://github.com/icosa-foundation/open-brush/issues/794
IdeaSpaceVR/IdeaSpace,58,display,Display,https://github.com/IdeaSpaceVR/IdeaSpace/issues/58
immersive-web/webvr,21,display,vrdisplayactivate,https://github.com/immersive-web/webvr/issues/21
immersive-web/webxr-polyfill,45,display,VRDisplay.requestPresent,https://github.com/immersive-web/webxr-polyfill/issues/45
immersive-web/webxr-polyfill,32,render;rendering,WebGL2RenderingContext,https://github.com/immersive-web/webxr-polyfill/issues/32
immersive-web/webxr-samples,79,display,Display,https://github.com/immersive-web/webxr-samples/issues/79
immersive-web/webxr-samples,4,render,Render,https://github.com/immersive-web/webxr-samples/issues/4
immersive-web/webxr,1322,stereo;stereoscopic,Stereoscopic,https://github.com/immersive-web/webxr/issues/1322
immersive-web/webxr,1300,raycast,Raycast,https://github.com/immersive-web/webxr/issues/1300
immersive-web/webxr,1209,render;rendering,rendering,https://github.com/immersive-web/webxr/issues/1209
immersive-web/webxr,1176,model,Model,https://github.com/immersive-web/webxr/issues/1176
immersive-web/webxr,315,display,Display,https://github.com/immersive-web/webxr/issues/315
immersive-web/webxr,193,display,vrdisplayactivate,https://github.com/immersive-web/webxr/issues/193
immersive-web/webxr,141,render,bitmaprenderer,https://github.com/immersive-web/webxr/issues/141
immersive-web/webxr,130,display,VRDisplayEventInit,https://github.com/immersive-web/webxr/issues/130
immersive-web/webxr,99,texture,WebGLTexture,https://github.com/immersive-web/webxr/issues/99
immersive-web/webxr,85,display,FrozenArray<VRDisplay>,https://github.com/immersive-web/webxr/issues/85
immersive-web/webxr,72,display,VRDisplay.requestPresent,https://github.com/immersive-web/webxr/issues/72
ir-engine/etherealengine-archive,9484,material;materials,Materials,https://github.com/ir-engine/etherealengine-archive/issues/9484
ir-engine/etherealengine-archive,9463,mesh,MeshBVHVisualizer,https://github.com/ir-engine/etherealengine-archive/issues/9463
ir-engine/etherealengine-archive,8949,mesh,BatchedMeshComponent,https://github.com/ir-engine/etherealengine-archive/issues/8949
ir-engine/etherealengine-archive,8148,render,Render,https://github.com/ir-engine/etherealengine-archive/issues/8148
ir-engine/etherealengine-archive,5940,material,material,https://github.com/ir-engine/etherealengine-archive/issues/5940
ir-engine/etherealengine-archive,2158,render,Render,https://github.com/ir-engine/etherealengine-archive/issues/2158
ir-engine/etherealengine-archive,879,display,Display,https://github.com/ir-engine/etherealengine-archive/issues/879
ir-engine/etherealengine-archive,303,texture,Texture,https://github.com/ir-engine/etherealengine-archive/issues/303
ir-engine/etherealengine-archive,357,display,Display,https://github.com/ir-engine/etherealengine-archive/issues/357
ir-engine/ir-engine,2133,material,Material,https://github.com/ir-engine/ir-engine/issues/2133
ir-engine/ir-engine,1746,texture,Texture,https://github.com/ir-engine/ir-engine/issues/1746
ir-engine/ir-engine,1661,material,material,https://github.com/ir-engine/ir-engine/issues/1661
ir-engine/ir-engine,1592,texture,Texture,https://github.com/ir-engine/ir-engine/issues/1592
ir-engine/ir-engine,1334,material,Material,https://github.com/ir-engine/ir-engine/issues/1334
ir-engine/ir-engine,1333,material,Material,https://github.com/ir-engine/ir-engine/issues/1333
ir-engine/ir-engine,1103,material,Material,https://github.com/ir-engine/ir-engine/issues/1103
ir-engine/ir-engine,1020,material,modifyMaterial,https://github.com/ir-engine/ir-engine/issues/1020
ir-engine/ir-engine,978,mesh,Mesh,https://github.com/ir-engine/ir-engine/issues/978
ir-engine/ir-engine,803,display,display,https://github.com/ir-engine/ir-engine/issues/803
ir-engine/ir-engine,287,model,Model,https://github.com/ir-engine/ir-engine/issues/287
ir-engine/ir-engine,110,model,Model,https://github.com/ir-engine/ir-engine/issues/110
ir-engine/ir-engine,19,model,Model,https://github.com/ir-engine/ir-engine/issues/19
jbaicoianu/janusweb,197,mesh,Mesh,https://github.com/jbaicoianu/janusweb/issues/197
jbaicoianu/janusweb,157,texture,Texture,https://github.com/jbaicoianu/janusweb/issues/157
jbaicoianu/janusweb,139,transparency,Transparency,https://github.com/jbaicoianu/janusweb/issues/139
jbaicoianu/janusweb,119,raycast,Raycast,https://github.com/jbaicoianu/janusweb/issues/119
jbaicoianu/janusweb,66,texture;textures,object.assignTextures(),https://github.com/jbaicoianu/janusweb/issues/66
josecyc/Neurotron,12,model,Model,https://github.com/josecyc/Neurotron/issues/12
KhronosGroup/OpenXR-SDK-Source,342,render;rendering,Rendering,https://github.com/KhronosGroup/OpenXR-SDK-Source/issues/342
KhronosGroup/OpenXR-SDK-Source,189,render,Render,https://github.com/KhronosGroup/OpenXR-SDK-Source/issues/189
leetvr/hotham,415,render;rendering,Rendering,https://github.com/leetvr/hotham/issues/415
leetvr/hotham,398,render;rendering,[Rendering],https://github.com/leetvr/hotham/issues/398
leetvr/hotham,397,render;rendering,[Rendering],https://github.com/leetvr/hotham/issues/397
leetvr/hotham,395,render;rendering,[Rendering],https://github.com/leetvr/hotham/issues/395
leetvr/hotham,394,render;rendering,[Rendering],https://github.com/leetvr/hotham/issues/394
leetvr/hotham,393,render;rendering,[Rendering],https://github.com/leetvr/hotham/issues/393
leetvr/hotham,390,render;rendering,[Rendering],https://github.com/leetvr/hotham/issues/390
leetvr/hotham,361,render;rendering,[Rendering],https://github.com/leetvr/hotham/issues/361
leetvr/hotham,357,render;rendering,[Rendering],https://github.com/leetvr/hotham/issues/357
leetvr/hotham,356,render;rendering,[Rendering],https://github.com/leetvr/hotham/issues/356
leetvr/hotham,355,render,Render,https://github.com/leetvr/hotham/issues/355
leetvr/hotham,345,render;rendering,[Rendering],https://github.com/leetvr/hotham/issues/345
leetvr/hotham,335,render;rendering,[Rendering],https://github.com/leetvr/hotham/issues/335
leetvr/hotham,326,render;rendering,[Rendering],https://github.com/leetvr/hotham/issues/326
leetvr/hotham,324,render;rendering,[Rendering],https://github.com/leetvr/hotham/issues/324
leetvr/hotham,314,render;rendering,[Rendering],https://github.com/leetvr/hotham/issues/314
leetvr/hotham,307,render;rendering,[Rendering],https://github.com/leetvr/hotham/issues/307
leetvr/hotham,303,render;rendering,[Rendering],https://github.com/leetvr/hotham/issues/303
leetvr/hotham,302,render;rendering,[Rendering],https://github.com/leetvr/hotham/issues/302
leetvr/hotham,284,render,[Renderer],https://github.com/leetvr/hotham/issues/284
leetvr/hotham,276,render;rendering,[Rendering],https://github.com/leetvr/hotham/issues/276
leetvr/hotham,275,render;rendering,[Rendering],https://github.com/leetvr/hotham/issues/275
leetvr/hotham,267,render;rendering,[Rendering],https://github.com/leetvr/hotham/issues/267
leetvr/hotham,263,render,[Renderer],https://github.com/leetvr/hotham/issues/263
leetvr/hotham,261,render;rendering,[Rendering],https://github.com/leetvr/hotham/issues/261
leetvr/hotham,259,render;rendering,[Rendering],https://github.com/leetvr/hotham/issues/259
leetvr/hotham,255,render;rendering,[Rendering],https://github.com/leetvr/hotham/issues/255
leetvr/hotham,222,render;rendering,[Rendering],https://github.com/leetvr/hotham/issues/222
leetvr/hotham,219,render;rendering,[Rendering],https://github.com/leetvr/hotham/issues/219
leetvr/hotham,218,render;rendering,[Rendering],https://github.com/leetvr/hotham/issues/218
leetvr/hotham,167,render;rendering,[Rendering],https://github.com/leetvr/hotham/issues/167
leetvr/hotham,103,mesh;meshes,Meshes,https://github.com/leetvr/hotham/issues/103
leetvr/hotham,85,render;rendering,[Rendering],https://github.com/leetvr/hotham/issues/85
leetvr/hotham,53,render,Render,https://github.com/leetvr/hotham/issues/53
leetvr/hotham,50,render,Render,https://github.com/leetvr/hotham/issues/50
lowtalkers/escape-reality,187,render,Render,https://github.com/lowtalkers/escape-reality/issues/187
lowtalkers/escape-reality,3,render,Render,https://github.com/lowtalkers/escape-reality/issues/3
maine-imre/handwaver,197,render;rendering,Feature/rendering,https://github.com/maine-imre/handwaver/issues/197
maine-imre/handwaver,195,render;rendering,Feature/rendering,https://github.com/maine-imre/handwaver/issues/195
maine-imre/handwaver,82,render;rendering,Rendering,https://github.com/maine-imre/handwaver/issues/82
maxxfrazer/RealityUI,14,texture,Texture,https://github.com/maxxfrazer/RealityUI/issues/14
microsoft/MapsSDK-Unity,160,display,display,https://github.com/microsoft/MapsSDK-Unity/issues/160
microsoft/MapsSDK-Unity,157,display,display,https://github.com/microsoft/MapsSDK-Unity/issues/157
microsoft/MapsSDK-Unity,115,raycast;render,mapRenderer.Raycast,https://github.com/microsoft/MapsSDK-Unity/issues/115
microsoft/MapsSDK-Unity,105,render,MapRenderer.SetMapScene(...),https://github.com/microsoft/MapsSDK-Unity/issues/105
microsoft/MapsSDK-Unity,88,raycast;render,MapRendererRaycastHit.location,https://github.com/microsoft/MapsSDK-Unity/issues/88
microsoft/MapsSDK-Unity,35,texture;textures,Textures,https://github.com/microsoft/MapsSDK-Unity/issues/35
microsoft/MapsSDK-Unity,34,texture,DefaultTextureTileLayer,https://github.com/microsoft/MapsSDK-Unity/issues/34
microsoft/MapsSDK-Unity,30,display,Displaying,https://github.com/microsoft/MapsSDK-Unity/issues/30
microsoft/MapsSDK-Unity,8,mesh,Mesh,https://github.com/microsoft/MapsSDK-Unity/issues/8
microsoft/MixedReality-GraphicsTools-Unreal,16,mesh,Mesh,https://github.com/microsoft/MixedReality-GraphicsTools-Unreal/issues/16
MMC-Scholars/VRBase,10,render,SetPickupRenderCustomDepth(),https://github.com/MMC-Scholars/VRBase/issues/10
mobfishgmbh/Cardboard-VR-Unity-SDK,9,render,Render,https://github.com/mobfishgmbh/Cardboard-VR-Unity-SDK/issues/9
mobfishgmbh/Cardboard-VR-Unity-SDK,5,render,Render,https://github.com/mobfishgmbh/Cardboard-VR-Unity-SDK/issues/5
mrdoob/three.js,31924,render,WebGPURenderer:,https://github.com/mrdoob/three.js/issues/31924
mrdoob/three.js,31919,render,WebGPURenderer:,https://github.com/mrdoob/three.js/issues/31919
mrdoob/three.js,31917,material;mesh,MeshMatcapMaterial:,https://github.com/mrdoob/three.js/issues/31917
mrdoob/three.js,31906,render,WebGPURenderer:,https://github.com/mrdoob/three.js/issues/31906
mrdoob/three.js,31905,render,CSSRenderer:,https://github.com/mrdoob/three.js/issues/31905
mrdoob/three.js,31904,render,WebGPURenderer:,https://github.com/mrdoob/three.js/issues/31904
mrdoob/three.js,31899,render,WebGPURenderer:,https://github.com/mrdoob/three.js/issues/31899
mrdoob/three.js,31886,texture,Texture,https://github.com/mrdoob/three.js/issues/31886
mrdoob/three.js,31880,render,WebGPURenderer:,https://github.com/mrdoob/three.js/issues/31880
mrdoob/three.js,31879,render,Renderer,https://github.com/mrdoob/three.js/issues/31879
mrdoob/three.js,31869,render,WebGPURenderer:,https://github.com/mrdoob/three.js/issues/31869
mrdoob/three.js,31864,render,WebGPURenderer:,https://github.com/mrdoob/three.js/issues/31864
mrdoob/three.js,31860,render,WebGPURenderer:,https://github.com/mrdoob/three.js/issues/31860
mrdoob/three.js,31854,render,RenderTarget:,https://github.com/mrdoob/three.js/issues/31854
mrdoob/three.js,31836,raycast,Raycaster,https://github.com/mrdoob/three.js/issues/31836
mrdoob/three.js,31832,render,Renderer,https://github.com/mrdoob/three.js/issues/31832
mrdoob/three.js,31831,render,WebGLRenderer:,https://github.com/mrdoob/three.js/issues/31831
mrdoob/three.js,31814,render,WebGPURenderer:,https://github.com/mrdoob/three.js/issues/31814
mrdoob/three.js,31805,material;render,WebGPURenderer/NodeMaterial:,https://github.com/mrdoob/three.js/issues/31805
mrdoob/three.js,31803,render,WebGPURenderer:,https://github.com/mrdoob/three.js/issues/31803
mrdoob/three.js,31802,render,WebGPURenderer:,https://github.com/mrdoob/three.js/issues/31802
mrdoob/three.js,31792,render,WebGPURenderer,https://github.com/mrdoob/three.js/issues/31792
mrdoob/three.js,31790,render,Renderers:,https://github.com/mrdoob/three.js/issues/31790
mrdoob/three.js,31788,render,WebGPURenderer:,https://github.com/mrdoob/three.js/issues/31788
mrdoob/three.js,31784,render,WebGPURenderer:,https://github.com/mrdoob/three.js/issues/31784
mrdoob/three.js,31783,render,RenderObject:,https://github.com/mrdoob/three.js/issues/31783
mrdoob/three.js,31782,render,WebGPURenderer:,https://github.com/mrdoob/three.js/issues/31782
mrdoob/three.js,31777,render,WebGPURenderer:,https://github.com/mrdoob/three.js/issues/31777
mrdoob/three.js,31776,render,WebGPURenderer,https://github.com/mrdoob/three.js/issues/31776
mrdoob/three.js,31765,texture,WebGPUTextureUtils:,https://github.com/mrdoob/three.js/issues/31765
mrdoob/three.js,31762,render,WebGPURenderer:,https://github.com/mrdoob/three.js/issues/31762
mrdoob/three.js,31743,render,WebGPURenderer:,https://github.com/mrdoob/three.js/issues/31743
mrdoob/three.js,31737,render,WebGPURenderer:,https://github.com/mrdoob/three.js/issues/31737
mrdoob/three.js,31731,texture,ExternalTexture:,https://github.com/mrdoob/three.js/issues/31731
mrdoob/three.js,31730,render,WebGPURenderer:,https://github.com/mrdoob/three.js/issues/31730
mrdoob/three.js,31707,material,PointsNodeMaterial:,https://github.com/mrdoob/three.js/issues/31707
mrdoob/three.js,31703,material,PointsNodeMaterial:,https://github.com/mrdoob/three.js/issues/31703
mrdoob/three.js,31702,material,PointsNodeMaterial:,https://github.com/mrdoob/three.js/issues/31702
mrdoob/three.js,31698,texture,WebGPUTextureUtils:,https://github.com/mrdoob/three.js/issues/31698
mrdoob/three.js,31690,render,WebGPURenderer:,https://github.com/mrdoob/three.js/issues/31690
mrdoob/three.js,31688,render,Renderer,https://github.com/mrdoob/three.js/issues/31688
mrdoob/three.js,31681,render,Renderer:,https://github.com/mrdoob/three.js/issues/31681
mrdoob/three.js,31680,render,WebGPURenderer.dispose(),https://github.com/mrdoob/three.js/issues/31680
mrdoob/three.js,31679,render,WebGPURenderer:,https://github.com/mrdoob/three.js/issues/31679
mrdoob/three.js,31675,render,WebGPURenderer:,https://github.com/mrdoob/three.js/issues/31675
mrdoob/three.js,31673,shadowmap,ShadowMapViewerGPU:,https://github.com/mrdoob/three.js/issues/31673
mrdoob/three.js,31661,shadowmap,ShadowMap,https://github.com/mrdoob/three.js/issues/31661
mrdoob/three.js,31658,render,RenderTarget,https://github.com/mrdoob/three.js/issues/31658
mrdoob/three.js,31655,texture,WebGPUTextureUtils:,https://github.com/mrdoob/three.js/issues/31655
mrdoob/three.js,31654,render,RenderTarget,https://github.com/mrdoob/three.js/issues/31654
mrdoob/three.js,31653,render,WebGPURenderer:,https://github.com/mrdoob/three.js/issues/31653
mrdoob/three.js,31645,render,WebGPURenderer:,https://github.com/mrdoob/three.js/issues/31645
mrdoob/three.js,31642,sprite,Sprite:,https://github.com/mrdoob/three.js/issues/31642
mrdoob/three.js,31639,render,WebGPURenderer:,https://github.com/mrdoob/three.js/issues/31639
mrdoob/three.js,31637,render,WebGPURenderer:,https://github.com/mrdoob/three.js/issues/31637
mrdoob/three.js,31633,render,RenderObject:,https://github.com/mrdoob/three.js/issues/31633
mrdoob/three.js,31628,material;sprite,SpriteNodeMaterial:,https://github.com/mrdoob/three.js/issues/31628
mrdoob/three.js,31627,material,PointsNodeMaterial:,https://github.com/mrdoob/three.js/issues/31627
mrdoob/three.js,31613,render,"WebGLRenderer,",https://github.com/mrdoob/three.js/issues/31613
mrdoob/three.js,31607,render,WebGPURenderer:,https://github.com/mrdoob/three.js/issues/31607
mrdoob/three.js,31599,texture,ViewportTextureNode:,https://github.com/mrdoob/three.js/issues/31599
mrdoob/three.js,31595,texture,ExternalTexture:,https://github.com/mrdoob/three.js/issues/31595
mrdoob/three.js,31578,material,Material:,https://github.com/mrdoob/three.js/issues/31578
mrdoob/three.js,31577,material;mesh,MeshPhysicalMaterial:,https://github.com/mrdoob/three.js/issues/31577
mrdoob/three.js,31569,render,WebGPURenderer:,https://github.com/mrdoob/three.js/issues/31569
mrdoob/three.js,31544,render,WebGPURenderer:,https://github.com/mrdoob/three.js/issues/31544
mrdoob/three.js,31543,texture,RawTexture:,https://github.com/mrdoob/three.js/issues/31543
mrdoob/three.js,31536,render,renderer,https://github.com/mrdoob/three.js/issues/31536
mrdoob/three.js,31529,material,PointsNodeMaterial:,https://github.com/mrdoob/three.js/issues/31529
mrdoob/three.js,31519,render,WebGPURenderer:,https://github.com/mrdoob/three.js/issues/31519
mrdoob/three.js,31506,texture,StorageTexture:,https://github.com/mrdoob/three.js/issues/31506
mrdoob/three.js,31502,texture,Storage*Texture:,https://github.com/mrdoob/three.js/issues/31502
mrdoob/three.js,31500,material;mesh,MeshDepthMaterial:,https://github.com/mrdoob/three.js/issues/31500
mrdoob/three.js,31497,render,WebGPURenderer:,https://github.com/mrdoob/three.js/issues/31497
mrdoob/three.js,31495,shadowmap;webglshadowmap,WebGLShadowMap:,https://github.com/mrdoob/three.js/issues/31495
mrdoob/three.js,31494,render,WebGPURenderer:,https://github.com/mrdoob/three.js/issues/31494
mrdoob/three.js,31488,render,WebGPURenderer:,https://github.com/mrdoob/three.js/issues/31488
mrdoob/three.js,31480,texture,StorageTexture:,https://github.com/mrdoob/three.js/issues/31480
mrdoob/three.js,31477,texture,Texture:,https://github.com/mrdoob/three.js/issues/31477
mrdoob/three.js,31476,render,WebGLRenderer:,https://github.com/mrdoob/three.js/issues/31476
mrdoob/three.js,31465,mesh,BatchedMesh:,https://github.com/mrdoob/three.js/issues/31465
mrdoob/three.js,31463,material,NodeMaterial:,https://github.com/mrdoob/three.js/issues/31463
mrdoob/three.js,31462,render,WebGPURenderer:,https://github.com/mrdoob/three.js/issues/31462
mrdoob/three.js,31461,render,WebGPURenderer:,https://github.com/mrdoob/three.js/issues/31461
mrdoob/three.js,31458,mesh,BatchedMesh:,https://github.com/mrdoob/three.js/issues/31458
mrdoob/three.js,31457,mesh,BatchedMesh:,https://github.com/mrdoob/three.js/issues/31457
mrdoob/three.js,31440,material,NodeMaterialObserver:,https://github.com/mrdoob/three.js/issues/31440
mrdoob/three.js,31438,render,Renderers:,https://github.com/mrdoob/three.js/issues/31438
mrdoob/three.js,31433,mesh,LensflareMesh:,https://github.com/mrdoob/three.js/issues/31433
mrdoob/three.js,31425,texture;textures,Textures:,https://github.com/mrdoob/three.js/issues/31425
mrdoob/three.js,31416,render,WebGPURenderer:,https://github.com/mrdoob/three.js/issues/31416
mrdoob/three.js,31413,render,WebGLRenderer:,https://github.com/mrdoob/three.js/issues/31413
mrdoob/three.js,31410,render,WebGLRenderer:,https://github.com/mrdoob/three.js/issues/31410
mrdoob/three.js,31407,render,WebGLRenderer:,https://github.com/mrdoob/three.js/issues/31407
mrdoob/three.js,31401,material,Line2NodeMaterial:,https://github.com/mrdoob/three.js/issues/31401
mrdoob/three.js,31398,material,Line2NodeMaterial:,https://github.com/mrdoob/three.js/issues/31398
mrdoob/three.js,31397,material,NodeMaterialObserver:,https://github.com/mrdoob/three.js/issues/31397
mrdoob/three.js,31393,render,WebGPURenderer:,https://github.com/mrdoob/three.js/issues/31393
mrdoob/three.js,31392,mesh,SkyMesh:,https://github.com/mrdoob/three.js/issues/31392
mrdoob/three.js,31391,render,WebGLRenderer:,https://github.com/mrdoob/three.js/issues/31391
mrdoob/three.js,31375,texture,VideoTexture:,https://github.com/mrdoob/three.js/issues/31375
mrdoob/three.js,31370,render,WebGLRenderer:,https://github.com/mrdoob/three.js/issues/31370
mrdoob/three.js,31369,material,NodeMaterialObserver:,https://github.com/mrdoob/three.js/issues/31369
mrdoob/three.js,31353,material,PointNodeMaterial:,https://github.com/mrdoob/three.js/issues/31353
mrdoob/three.js,31345,mesh,HTMLMesh:,https://github.com/mrdoob/three.js/issues/31345
mrdoob/three.js,31337,render,WebGPURenderer:,https://github.com/mrdoob/three.js/issues/31337
mrdoob/three.js,31327,render,WebGPURenderer:,https://github.com/mrdoob/three.js/issues/31327
mrdoob/three.js,31320,render,WebGLRenderer:,https://github.com/mrdoob/three.js/issues/31320
mrdoob/three.js,31305,render,Renderers:,https://github.com/mrdoob/three.js/issues/31305
mrdoob/three.js,31255,render,WebGPURenderer:,https://github.com/mrdoob/three.js/issues/31255
mrdoob/three.js,31246,render,Renderers:,https://github.com/mrdoob/three.js/issues/31246
mrdoob/three.js,31243,material,PointsNodeMaterial,https://github.com/mrdoob/three.js/issues/31243
mrdoob/three.js,31238,material;mesh,MeshNormalMaterial,https://github.com/mrdoob/three.js/issues/31238
mrdoob/three.js,31233,render,WebGLRenderer:,https://github.com/mrdoob/three.js/issues/31233
mrdoob/three.js,31228,render,WebGPURenderer:,https://github.com/mrdoob/three.js/issues/31228
mrdoob/three.js,31227,render,RenderObject:,https://github.com/mrdoob/three.js/issues/31227
mrdoob/three.js,31211,render,WebGPURenderer,https://github.com/mrdoob/three.js/issues/31211
mrdoob/three.js,31210,render,XRRenderTarget:,https://github.com/mrdoob/three.js/issues/31210
mrdoob/three.js,31204,render,WebGLRenderer:,https://github.com/mrdoob/three.js/issues/31204
mrdoob/three.js,31195,texture,WebGLTextureUtils:,https://github.com/mrdoob/three.js/issues/31195
mrdoob/three.js,31194,render,WebGPURenderer:,https://github.com/mrdoob/three.js/issues/31194
mrdoob/three.js,31189,render,WebGPURenderer:,https://github.com/mrdoob/three.js/issues/31189
mrdoob/three.js,31188,render,WebGPURenderer:,https://github.com/mrdoob/three.js/issues/31188
mrdoob/three.js,31179,material,PointsNodeMaterial,https://github.com/mrdoob/three.js/issues/31179
mrdoob/three.js,31175,render,WebGPURenderer:,https://github.com/mrdoob/three.js/issues/31175
mrdoob/three.js,31166,material,NodeMaterial:,https://github.com/mrdoob/three.js/issues/31166
mrdoob/three.js,31160,mesh,HTMLMesh:,https://github.com/mrdoob/three.js/issues/31160
mrdoob/three.js,31157,render,WebGPURenderer:,https://github.com/mrdoob/three.js/issues/31157
mrdoob/three.js,31147,material,NodeMaterial:,https://github.com/mrdoob/three.js/issues/31147
mrdoob/three.js,31144,material,LineMaterial:,https://github.com/mrdoob/three.js/issues/31144
mrdoob/three.js,31143,render,WebGPURenderer:,https://github.com/mrdoob/three.js/issues/31143
mrdoob/three.js,31142,render,WebGPURenderer:,https://github.com/mrdoob/three.js/issues/31142
mrdoob/three.js,31136,material,NodeMaterial:,https://github.com/mrdoob/three.js/issues/31136
mrdoob/three.js,31134,render,WebGPURenderer:,https://github.com/mrdoob/three.js/issues/31134
mrdoob/three.js,31133,mesh,SkyMesh:,https://github.com/mrdoob/three.js/issues/31133
mrdoob/three.js,31132,render,WebGPURenderer:,https://github.com/mrdoob/three.js/issues/31132
mrdoob/three.js,31127,material,NodeMaterial:,https://github.com/mrdoob/three.js/issues/31127
mrdoob/three.js,31120,material,NodeMaterialObserver:,https://github.com/mrdoob/three.js/issues/31120
mrdoob/three.js,31108,render,WebGPURenderer:,https://github.com/mrdoob/three.js/issues/31108
mrdoob/three.js,31105,render,WebGPURenderer:,https://github.com/mrdoob/three.js/issues/31105
mrdoob/three.js,31099,render,WebGPURenderer:,https://github.com/mrdoob/three.js/issues/31099
mrdoob/three.js,31093,texture,Texture,https://github.com/mrdoob/three.js/issues/31093
mrdoob/three.js,31091,mesh;sprite,"Mesh,Sprite:",https://github.com/mrdoob/three.js/issues/31091
mrdoob/three.js,31089,render,WebGLRenderer,https://github.com/mrdoob/three.js/issues/31089
mrdoob/three.js,31087,texture,Texture:,https://github.com/mrdoob/three.js/issues/31087
mrdoob/three.js,31081,model,ShadowMaskModel:,https://github.com/mrdoob/three.js/issues/31081
mrdoob/three.js,31075,render,WebGPURenderer:,https://github.com/mrdoob/three.js/issues/31075
mrdoob/three.js,31072,render,WebGPURenderer:,https://github.com/mrdoob/three.js/issues/31072
mrdoob/three.js,31070,render,WebGPURenderer:,https://github.com/mrdoob/three.js/issues/31070
mrdoob/three.js,31066,render,WebGPURenderer:,https://github.com/mrdoob/three.js/issues/31066
mrdoob/three.js,31041,render,WebGLRenderer:,https://github.com/mrdoob/three.js/issues/31041
mrdoob/three.js,31031,texture,TextureLoader,https://github.com/mrdoob/three.js/issues/31031
mrdoob/three.js,31025,texture,Texture:,https://github.com/mrdoob/three.js/issues/31025
mrdoob/three.js,31022,render,WebGPURenderer:,https://github.com/mrdoob/three.js/issues/31022
mrdoob/three.js,31008,material,MaterialNode:,https://github.com/mrdoob/three.js/issues/31008
mrdoob/three.js,31007,render,WebGPURenderer:,https://github.com/mrdoob/three.js/issues/31007
mrdoob/three.js,30998,texture,Texture:,https://github.com/mrdoob/three.js/issues/30998
mrdoob/three.js,30974,material,NodeMaterial:,https://github.com/mrdoob/three.js/issues/30974
mrdoob/three.js,30973,render,WebGPURenderer,https://github.com/mrdoob/three.js/issues/30973
mrdoob/three.js,30970,render,WebGPURenderer:,https://github.com/mrdoob/three.js/issues/30970
mrdoob/three.js,30965,mesh,BatchedMesh:,https://github.com/mrdoob/three.js/issues/30965
mrdoob/three.js,30961,mesh,BatchedMesh.toJSON,https://github.com/mrdoob/three.js/issues/30961
mrdoob/three.js,30960,mesh,BatchedMesh.copy(),https://github.com/mrdoob/three.js/issues/30960
mrdoob/three.js,30959,render,WebGPURenderer:,https://github.com/mrdoob/three.js/issues/30959
mrdoob/three.js,30955,render,WebGPURenderer:,https://github.com/mrdoob/three.js/issues/30955
mrdoob/three.js,30949,raycast,raycast,https://github.com/mrdoob/three.js/issues/30949
mrdoob/three.js,30930,render,WebGPURenderer:,https://github.com/mrdoob/three.js/issues/30930
mrdoob/three.js,30928,render,WebGLRenderer:,https://github.com/mrdoob/three.js/issues/30928
mrdoob/three.js,30921,render,RenderTarget:,https://github.com/mrdoob/three.js/issues/30921
mrdoob/three.js,30892,mesh,Water2Mesh:,https://github.com/mrdoob/three.js/issues/30892
mrdoob/three.js,30891,render,WebGPURenderer:,https://github.com/mrdoob/three.js/issues/30891
mrdoob/three.js,30882,sprite,THREE.Sprite(),https://github.com/mrdoob/three.js/issues/30882
mrdoob/three.js,30881,render,WebGPURenderer,https://github.com/mrdoob/three.js/issues/30881
mrdoob/three.js,30875,render,WebGPURenderer:,https://github.com/mrdoob/three.js/issues/30875
mrdoob/three.js,30871,shadowmap;webglshadowmap,WebGLShadowMap:,https://github.com/mrdoob/three.js/issues/30871
mrdoob/three.js,30869,render,WebGPURenderer:,https://github.com/mrdoob/three.js/issues/30869
mrdoob/three.js,30862,render,WebGPURenderer:,https://github.com/mrdoob/three.js/issues/30862
mrdoob/three.js,30854,render,WebGPURenderer:,https://github.com/mrdoob/three.js/issues/30854
mrdoob/three.js,30841,texture,TextureNode,https://github.com/mrdoob/three.js/issues/30841
mrdoob/three.js,30840,material,NodeMaterialObserver:,https://github.com/mrdoob/three.js/issues/30840
mrdoob/three.js,30830,render,WebGPURenderer:,https://github.com/mrdoob/three.js/issues/30830
mrdoob/three.js,30809,render,WebGLRenderer:,https://github.com/mrdoob/three.js/issues/30809
mrdoob/three.js,30805,model;models,Models,https://github.com/mrdoob/three.js/issues/30805
mrdoob/three.js,30803,render,WebGPURenderer:,https://github.com/mrdoob/three.js/issues/30803
mrdoob/three.js,30768,material,NodeMaterial:,https://github.com/mrdoob/three.js/issues/30768
mrdoob/three.js,30764,model,ShadowMaskModel:,https://github.com/mrdoob/three.js/issues/30764
mrdoob/three.js,30758,material,ShaderMaterial,https://github.com/mrdoob/three.js/issues/30758
mrdoob/three.js,30757,render,WebGPURenderer,https://github.com/mrdoob/three.js/issues/30757
mrdoob/three.js,30753,material,Material:,https://github.com/mrdoob/three.js/issues/30753
mrdoob/three.js,30746,render,WebGLRenderer:,https://github.com/mrdoob/three.js/issues/30746
mrdoob/three.js,30745,render;rendering,Rendering,https://github.com/mrdoob/three.js/issues/30745
mrdoob/three.js,30738,render,Renderer:,https://github.com/mrdoob/three.js/issues/30738
mrdoob/three.js,30731,material;sprite,SpriteNodeMaterial,https://github.com/mrdoob/three.js/issues/30731
mrdoob/three.js,30722,texture,TextureNode:,https://github.com/mrdoob/three.js/issues/30722
mrdoob/three.js,30707,render,WebGLRenderer:,https://github.com/mrdoob/three.js/issues/30707
mrdoob/three.js,30700,render,WebGPURenderer:,https://github.com/mrdoob/three.js/issues/30700
mrdoob/three.js,30689,render,WebGPURenderer:,https://github.com/mrdoob/three.js/issues/30689
mrdoob/three.js,30685,shadowmap,ShadowMaps,https://github.com/mrdoob/three.js/issues/30685
mrdoob/three.js,30679,model,OculusHandModel:,https://github.com/mrdoob/three.js/issues/30679
mrdoob/three.js,30678,texture,WebGPUTextureUtils:,https://github.com/mrdoob/three.js/issues/30678
mrdoob/three.js,30672,render,WebGLRenderer:,https://github.com/mrdoob/three.js/issues/30672
mrdoob/three.js,30659,render,WebGPURenderer:,https://github.com/mrdoob/three.js/issues/30659
mrdoob/three.js,30655,transparency,Transparency,https://github.com/mrdoob/three.js/issues/30655
mrdoob/three.js,30650,mesh,InstancedMesh:,https://github.com/mrdoob/three.js/issues/30650
mrdoob/three.js,30647,render,WebGPURenderer:,https://github.com/mrdoob/three.js/issues/30647
mrdoob/three.js,30645,render,WebGPURenderer:,https://github.com/mrdoob/three.js/issues/30645
mrdoob/three.js,30639,render,Renderers:,https://github.com/mrdoob/three.js/issues/30639
mrdoob/three.js,30628,render,WebGLRenderer:,https://github.com/mrdoob/three.js/issues/30628
mrdoob/three.js,30607,render,WebGLRenderer,https://github.com/mrdoob/three.js/issues/30607
mrdoob/three.js,30599,render,WEBGPURender:,https://github.com/mrdoob/three.js/issues/30599
mrdoob/three.js,30590,material;mesh,MeshNormalNodeMaterial:,https://github.com/mrdoob/three.js/issues/30590
mrdoob/three.js,30586,render,WebGPURenderer:,https://github.com/mrdoob/three.js/issues/30586
mrdoob/three.js,30585,render,RenderTarget:,https://github.com/mrdoob/three.js/issues/30585
mrdoob/three.js,30575,material;mesh,MeshNormalMaterial,https://github.com/mrdoob/three.js/issues/30575
mrdoob/three.js,30570,render,RenderTarget:,https://github.com/mrdoob/three.js/issues/30570
mrdoob/three.js,30567,render,WebGPURenderer:,https://github.com/mrdoob/three.js/issues/30567
mrdoob/three.js,30560,render,WebGPURenderer:,https://github.com/mrdoob/three.js/issues/30560
mrdoob/three.js,30556,render,Renderer:,https://github.com/mrdoob/three.js/issues/30556
mrdoob/three.js,30550,mesh,BatchedMesh:,https://github.com/mrdoob/three.js/issues/30550
mrdoob/three.js,30545,material;sprite,SpriteNodeMaterial:,https://github.com/mrdoob/three.js/issues/30545
mrdoob/three.js,30543,render,WebGPURenderer:,https://github.com/mrdoob/three.js/issues/30543
mrdoob/three.js,30540,texture,depthTexture,https://github.com/mrdoob/three.js/issues/30540
mrdoob/three.js,30539,material;sprite,SpriteNodeMaterial,https://github.com/mrdoob/three.js/issues/30539
mrdoob/three.js,30532,render,WebGPURenderer:,https://github.com/mrdoob/three.js/issues/30532
mrdoob/three.js,30530,render,WebGPURenderer:,https://github.com/mrdoob/three.js/issues/30530
mrdoob/three.js,30529,render,WebGPURenderer:,https://github.com/mrdoob/three.js/issues/30529
mrdoob/three.js,30528,render,WebGPURenderer:,https://github.com/mrdoob/three.js/issues/30528
mrdoob/three.js,30526,render,WebGPURenderer:,https://github.com/mrdoob/three.js/issues/30526
mrdoob/three.js,30514,render,WebGPURenderer:,https://github.com/mrdoob/three.js/issues/30514
mrdoob/three.js,30499,render,WebGPURenderer:,https://github.com/mrdoob/three.js/issues/30499
mrdoob/three.js,30496,render,WebGPURenderer:,https://github.com/mrdoob/three.js/issues/30496
mrdoob/three.js,30494,material,material.polygonOffset,https://github.com/mrdoob/three.js/issues/30494
mrdoob/three.js,30488,render,WebGPURenderer:,https://github.com/mrdoob/three.js/issues/30488
mrdoob/three.js,30486,render,WebGPURenderer:,https://github.com/mrdoob/three.js/issues/30486
mrdoob/three.js,30484,texture,`DataTexture`,https://github.com/mrdoob/three.js/issues/30484
mrdoob/three.js,30483,render,WebGPURenderer:,https://github.com/mrdoob/three.js/issues/30483
mrdoob/three.js,30467,material,NodeMaterial/TSL,https://github.com/mrdoob/three.js/issues/30467
mrdoob/three.js,30459,render,WebGPURenderer:,https://github.com/mrdoob/three.js/issues/30459
mrdoob/three.js,30457,render,WebGPURenderer:,https://github.com/mrdoob/three.js/issues/30457
mrdoob/three.js,30454,render,Renderer:,https://github.com/mrdoob/three.js/issues/30454
mrdoob/three.js,30451,render,Render,https://github.com/mrdoob/three.js/issues/30451
mrdoob/three.js,30450,render,WebGPURenderer:,https://github.com/mrdoob/three.js/issues/30450
mrdoob/three.js,30435,material;sprite,SpriteNodeMaterial:,https://github.com/mrdoob/three.js/issues/30435
mrdoob/three.js,30425,render,Renderer:,https://github.com/mrdoob/three.js/issues/30425
mrdoob/three.js,30409,material,NodeMaterialObserver:,https://github.com/mrdoob/three.js/issues/30409
mrdoob/three.js,30393,render,WebGPURenderer:,https://github.com/mrdoob/three.js/issues/30393
mrdoob/three.js,30392,render,WebGPURenderer:,https://github.com/mrdoob/three.js/issues/30392
mrdoob/three.js,30376,render,WebGPURenderer:,https://github.com/mrdoob/three.js/issues/30376
mrdoob/three.js,30375,render,WebGPURenderer:,https://github.com/mrdoob/three.js/issues/30375
mrdoob/three.js,30368,render,WebGPURenderer:,https://github.com/mrdoob/three.js/issues/30368
mrdoob/three.js,30367,mesh,BatchedMesh,https://github.com/mrdoob/three.js/issues/30367
mrdoob/three.js,30362,mesh,"InstancedMesh,",https://github.com/mrdoob/three.js/issues/30362
mrdoob/three.js,30359,render,WebGPURenderer:,https://github.com/mrdoob/three.js/issues/30359
mrdoob/three.js,30353,render,WebGPURenderer:,https://github.com/mrdoob/three.js/issues/30353
mrdoob/three.js,30352,mesh,InstancedMesh,https://github.com/mrdoob/three.js/issues/30352
mrdoob/three.js,30346,render,WebGPURenderer:,https://github.com/mrdoob/three.js/issues/30346
mrdoob/three.js,30345,material;mesh,MeshPhysicalMaterial,https://github.com/mrdoob/three.js/issues/30345
mrdoob/three.js,30342,mesh,"BatchedMesh,",https://github.com/mrdoob/three.js/issues/30342
mrdoob/three.js,30329,render,WebGPURenderer:,https://github.com/mrdoob/three.js/issues/30329
mrdoob/three.js,30320,render,WebGPURenderer:,https://github.com/mrdoob/three.js/issues/30320
mrdoob/three.js,30318,render,Renderer:,https://github.com/mrdoob/three.js/issues/30318
mrdoob/three.js,30316,render,RenderObject:,https://github.com/mrdoob/three.js/issues/30316
mrdoob/three.js,30314,material;mesh,MeshGouraudMaterial:,https://github.com/mrdoob/three.js/issues/30314
mrdoob/three.js,30313,render,WebGPURenderer:,https://github.com/mrdoob/three.js/issues/30313
mrdoob/three.js,30307,render,WebGPURenderer:,https://github.com/mrdoob/three.js/issues/30307
mrdoob/three.js,30306,render,Renderer:,https://github.com/mrdoob/three.js/issues/30306
mrdoob/three.js,30304,mesh,BatchedMesh:,https://github.com/mrdoob/three.js/issues/30304
mrdoob/three.js,30302,render,RenderObject:,https://github.com/mrdoob/three.js/issues/30302
mrdoob/three.js,30300,render,WebGPURenderer:,https://github.com/mrdoob/three.js/issues/30300
mrdoob/three.js,30298,render,Renderer:,https://github.com/mrdoob/three.js/issues/30298
mrdoob/three.js,30286,render,RenderContext:,https://github.com/mrdoob/three.js/issues/30286
mrdoob/three.js,30278,material;mesh,MeshDepthMaterial,https://github.com/mrdoob/three.js/issues/30278
mrdoob/three.js,30260,texture,WebGPUTextureUtils:,https://github.com/mrdoob/three.js/issues/30260
mrdoob/three.js,30256,render,RenderContexts:,https://github.com/mrdoob/three.js/issues/30256
mrdoob/three.js,30254,material,InstancedPointNodeMaterial:,https://github.com/mrdoob/three.js/issues/30254
mrdoob/three.js,30251,render,WebGPURenderer:,https://github.com/mrdoob/three.js/issues/30251
mrdoob/three.js,30249,render,WebGPURenderer:,https://github.com/mrdoob/three.js/issues/30249
mrdoob/three.js,30247,mesh,WaterMesh:,https://github.com/mrdoob/three.js/issues/30247
mrdoob/three.js,30246,render,Renderer:,https://github.com/mrdoob/three.js/issues/30246
mrdoob/three.js,30244,render,Renderer:,https://github.com/mrdoob/three.js/issues/30244
mrdoob/three.js,30238,texture,WebGLTextureUtils:,https://github.com/mrdoob/three.js/issues/30238
mrdoob/three.js,30235,render,Renderer:,https://github.com/mrdoob/three.js/issues/30235
mrdoob/three.js,30233,render,Renderer:,https://github.com/mrdoob/three.js/issues/30233
mrdoob/three.js,30226,mesh,InstanceMesh,https://github.com/mrdoob/three.js/issues/30226
mrdoob/three.js,30224,render,Renderer:,https://github.com/mrdoob/three.js/issues/30224
mrdoob/three.js,30221,render,Renderer:,https://github.com/mrdoob/three.js/issues/30221
mrdoob/three.js,30218,render,WebGPURenderer:,https://github.com/mrdoob/three.js/issues/30218
mrdoob/three.js,30215,texture,TextureNode:,https://github.com/mrdoob/three.js/issues/30215
mrdoob/three.js,30214,render,WebGPURenderer:,https://github.com/mrdoob/three.js/issues/30214
mrdoob/three.js,30213,render,Renderer:,https://github.com/mrdoob/three.js/issues/30213
mrdoob/three.js,30209,render,WebGPURenderer:,https://github.com/mrdoob/three.js/issues/30209
mrdoob/three.js,30204,render,WebGPURenderer:,https://github.com/mrdoob/three.js/issues/30204
mrdoob/three.js,30200,texture,TextureNode:,https://github.com/mrdoob/three.js/issues/30200
mrdoob/three.js,30198,render,WebGPURenderer:,https://github.com/mrdoob/three.js/issues/30198
mrdoob/three.js,30194,render,Renderer:,https://github.com/mrdoob/three.js/issues/30194
mrdoob/three.js,30192,render,WebGPURenderer:,https://github.com/mrdoob/three.js/issues/30192
mrdoob/three.js,30188,render,Renderer:,https://github.com/mrdoob/three.js/issues/30188
mrdoob/three.js,30185,render,WebGLRenderer:,https://github.com/mrdoob/three.js/issues/30185
mrdoob/three.js,30184,texture,`DataTexture`:,https://github.com/mrdoob/three.js/issues/30184
mrdoob/three.js,30182,render,Renderer:,https://github.com/mrdoob/three.js/issues/30182
mrdoob/three.js,30180,render,WebGPURenderer:,https://github.com/mrdoob/three.js/issues/30180
mrdoob/three.js,30178,render,RendererUtils:,https://github.com/mrdoob/three.js/issues/30178
mrdoob/three.js,30172,render,WebGPURenderer:,https://github.com/mrdoob/three.js/issues/30172
mrdoob/three.js,30161,skinning,SkinningNode:,https://github.com/mrdoob/three.js/issues/30161
mrdoob/three.js,30155,render,WebGPURenderer:,https://github.com/mrdoob/three.js/issues/30155
mrdoob/three.js,30132,render,WebGPURenderer:,https://github.com/mrdoob/three.js/issues/30132
mrdoob/three.js,30114,material,NodeMaterial,https://github.com/mrdoob/three.js/issues/30114
mrdoob/three.js,30107,material,Line2NodeMaterial:,https://github.com/mrdoob/three.js/issues/30107
mrdoob/three.js,30099,render,THREE.WebGPURenderer:,https://github.com/mrdoob/three.js/issues/30099
mrdoob/three.js,30088,raycast,`RaycasterHelper`,https://github.com/mrdoob/three.js/issues/30088
mrdoob/three.js,30084,render,WebGPURenderer:,https://github.com/mrdoob/three.js/issues/30084
mrdoob/three.js,30083,render,WebGPURenderer:,https://github.com/mrdoob/three.js/issues/30083
mrdoob/three.js,30081,render,WebGPURenderer:,https://github.com/mrdoob/three.js/issues/30081
mrdoob/three.js,30066,render,WebGPURenderer:,https://github.com/mrdoob/three.js/issues/30066
mrdoob/three.js,30065,render,WebGPURenderer:,https://github.com/mrdoob/three.js/issues/30065
mrdoob/three.js,30061,texture,TextureNode:,https://github.com/mrdoob/three.js/issues/30061
mrdoob/three.js,30057,material;mesh,MeshDepthMaterial,https://github.com/mrdoob/three.js/issues/30057
mrdoob/three.js,30044,render,WebGPURenderer,https://github.com/mrdoob/three.js/issues/30044
mrdoob/three.js,30032,render,WebGPURenderer:,https://github.com/mrdoob/three.js/issues/30032
mrdoob/three.js,30024,render,WebGPURenderer,https://github.com/mrdoob/three.js/issues/30024
mrdoob/three.js,30023,render,WebGPURenderer:,https://github.com/mrdoob/three.js/issues/30023
mrdoob/three.js,30018,render,WebGLRenderer:,https://github.com/mrdoob/three.js/issues/30018
mrdoob/three.js,29993,render,WebGPURenderer:,https://github.com/mrdoob/three.js/issues/29993
mrdoob/three.js,29992,render,WebGPURenderer:,https://github.com/mrdoob/three.js/issues/29992
mrdoob/three.js,29991,render,WebGPURenderer:,https://github.com/mrdoob/three.js/issues/29991
mrdoob/three.js,29989,render,WebGPURenderer:,https://github.com/mrdoob/three.js/issues/29989
mrdoob/three.js,29986,raycast,Raycast,https://github.com/mrdoob/three.js/issues/29986
mrdoob/three.js,29980,render,WebGPURenderer:,https://github.com/mrdoob/three.js/issues/29980
mrdoob/three.js,29979,material,Line2NodeMaterial:,https://github.com/mrdoob/three.js/issues/29979
mrdoob/three.js,29978,render,WebGPURenderer:,https://github.com/mrdoob/three.js/issues/29978
mrdoob/three.js,29977,material,NodeMaterial:,https://github.com/mrdoob/three.js/issues/29977
mrdoob/three.js,29976,render,WebGPURenderer:,https://github.com/mrdoob/three.js/issues/29976
mrdoob/three.js,29973,material,NodeMaterial:,https://github.com/mrdoob/three.js/issues/29973
mrdoob/three.js,29964,material,Line2NodeMaterial:,https://github.com/mrdoob/three.js/issues/29964
mrdoob/three.js,29961,material,LineNodeMaterial,https://github.com/mrdoob/three.js/issues/29961
mrdoob/three.js,29947,render,Renderer:,https://github.com/mrdoob/three.js/issues/29947
mrdoob/three.js,29944,texture,WebGPUTextureUtils:,https://github.com/mrdoob/three.js/issues/29944
mrdoob/three.js,29937,render,Renderer:,https://github.com/mrdoob/three.js/issues/29937
mrdoob/three.js,29925,render,WebGPURenderer:,https://github.com/mrdoob/three.js/issues/29925
mrdoob/three.js,29921,render,WebGPURenderer:,https://github.com/mrdoob/three.js/issues/29921
mrdoob/three.js,29919,render,WebGPURenderer:,https://github.com/mrdoob/three.js/issues/29919
mrdoob/three.js,29907,render,WebGPURenderer:,https://github.com/mrdoob/three.js/issues/29907
mrdoob/three.js,29906,render,WebGPURenderer:,https://github.com/mrdoob/three.js/issues/29906
mrdoob/three.js,29900,render,WebGPURenderer:,https://github.com/mrdoob/three.js/issues/29900
mrdoob/three.js,29898,render,.initRenderTarget,https://github.com/mrdoob/three.js/issues/29898
mrdoob/three.js,29873,render,RenderObjects:,https://github.com/mrdoob/three.js/issues/29873
mrdoob/three.js,29867,render,WebGPURenderer:,https://github.com/mrdoob/three.js/issues/29867
mrdoob/three.js,29866,render,WebGPURenderer:,https://github.com/mrdoob/three.js/issues/29866
mrdoob/three.js,29865,render,WebGPURenderer,https://github.com/mrdoob/three.js/issues/29865
mrdoob/three.js,29863,material,"`Line2<LineGeometry,LineMaterial>`",https://github.com/mrdoob/three.js/issues/29863
mrdoob/three.js,29857,render,WebGPURenderer:,https://github.com/mrdoob/three.js/issues/29857
mrdoob/three.js,29852,render,WebGPURenderer:,https://github.com/mrdoob/three.js/issues/29852
mrdoob/three.js,29851,render,WebGPURenderer:,https://github.com/mrdoob/three.js/issues/29851
mrdoob/three.js,29849,render,WebGPURenderer:,https://github.com/mrdoob/three.js/issues/29849
mrdoob/three.js,29845,render,WebGPURenderer:,https://github.com/mrdoob/three.js/issues/29845
mrdoob/three.js,29844,render,WebGLRenderer:,https://github.com/mrdoob/three.js/issues/29844
mrdoob/three.js,29840,material,NodeMaterial:,https://github.com/mrdoob/three.js/issues/29840
mrdoob/three.js,29836,render,RenderObject:,https://github.com/mrdoob/three.js/issues/29836
mrdoob/three.js,29835,material,Line2NodeMaterial:,https://github.com/mrdoob/three.js/issues/29835
mrdoob/three.js,29832,render,Renderer:,https://github.com/mrdoob/three.js/issues/29832
mrdoob/three.js,29825,render,WebGPURenderer:,https://github.com/mrdoob/three.js/issues/29825
mrdoob/three.js,29822,render,WebGPURenderer:,https://github.com/mrdoob/three.js/issues/29822
mrdoob/three.js,29818,mesh,BatchedMesh,https://github.com/mrdoob/three.js/issues/29818
mrdoob/three.js,29808,mesh,Batchedmesh,https://github.com/mrdoob/three.js/issues/29808
mrdoob/three.js,29807,render,RenderObjects:,https://github.com/mrdoob/three.js/issues/29807
mrdoob/three.js,29806,stereo,StereoCompositePassNode:,https://github.com/mrdoob/three.js/issues/29806
mrdoob/three.js,29799,material,NodeMaterial:,https://github.com/mrdoob/three.js/issues/29799
mrdoob/three.js,29790,mesh,BatchedMesh,https://github.com/mrdoob/three.js/issues/29790
mrdoob/three.js,29789,material;materials,Materials:,https://github.com/mrdoob/three.js/issues/29789
mrdoob/three.js,29788,render,WebGPURenderer:,https://github.com/mrdoob/three.js/issues/29788
mrdoob/three.js,29786,render,WebGPURenderer:,https://github.com/mrdoob/three.js/issues/29786
mrdoob/three.js,29785,render,WebGPURenderer:,https://github.com/mrdoob/three.js/issues/29785
mrdoob/three.js,29784,mesh,BatchedMesh.InstancedBufferGeometry,https://github.com/mrdoob/three.js/issues/29784
mrdoob/three.js,29783,render,WebGPURenderer:,https://github.com/mrdoob/three.js/issues/29783
mrdoob/three.js,29779,render,WebGLRenderer:,https://github.com/mrdoob/three.js/issues/29779
mrdoob/three.js,29778,material;materials,EXT_MATERIALS_BUMP,https://github.com/mrdoob/three.js/issues/29778
mrdoob/three.js,29772,render,WebGLRenderer:,https://github.com/mrdoob/three.js/issues/29772
mrdoob/three.js,29769,render,WebGLRenderer:,https://github.com/mrdoob/three.js/issues/29769
mrdoob/three.js,29767,render,WebGPURenderer:,https://github.com/mrdoob/three.js/issues/29767
mrdoob/three.js,29762,render,WebGPURenderer:,https://github.com/mrdoob/three.js/issues/29762
mrdoob/three.js,29761,render;shadowmap,renderer.shadowMap.enabled,https://github.com/mrdoob/three.js/issues/29761
mrdoob/three.js,29757,material,NodeMaterial:,https://github.com/mrdoob/three.js/issues/29757
mrdoob/three.js,29740,mesh,BatchedMesh:,https://github.com/mrdoob/three.js/issues/29740
mrdoob/three.js,29737,material,NodeMaterialObserver:,https://github.com/mrdoob/three.js/issues/29737
mrdoob/three.js,29735,material,NodeMaterialObserver:,https://github.com/mrdoob/three.js/issues/29735
mrdoob/three.js,29729,render,WebGPURenderer:,https://github.com/mrdoob/three.js/issues/29729
mrdoob/three.js,29718,render,WebGPURenderer:,https://github.com/mrdoob/three.js/issues/29718
mrdoob/three.js,29717,texture,RectAreaLightTextureLib:,https://github.com/mrdoob/three.js/issues/29717
mrdoob/three.js,29714,render,WebGPURenderer:,https://github.com/mrdoob/three.js/issues/29714
mrdoob/three.js,29713,render,WebGPURenderer:,https://github.com/mrdoob/three.js/issues/29713
mrdoob/three.js,29712,render,WebGPURenderer:,https://github.com/mrdoob/three.js/issues/29712
mrdoob/three.js,29710,render,WebGLRenderer:,https://github.com/mrdoob/three.js/issues/29710
mrdoob/three.js,29705,render,WebGPURenderer:,https://github.com/mrdoob/three.js/issues/29705
mrdoob/three.js,29702,model,PhysicalLightingModel:,https://github.com/mrdoob/three.js/issues/29702
mrdoob/three.js,29699,render,WebGLRenderer:,https://github.com/mrdoob/three.js/issues/29699
mrdoob/three.js,29697,texture;textures,WebGLTextures:,https://github.com/mrdoob/three.js/issues/29697
mrdoob/three.js,29695,mesh,BatchedMesh:,https://github.com/mrdoob/three.js/issues/29695
mrdoob/three.js,29688,render,WebGLRenderer:,https://github.com/mrdoob/three.js/issues/29688
mrdoob/three.js,29687,mesh,BatchedMesh:,https://github.com/mrdoob/three.js/issues/29687
mrdoob/three.js,29686,render,WebGPURenderer:,https://github.com/mrdoob/three.js/issues/29686
mrdoob/three.js,29685,render,WebGPURenderer:,https://github.com/mrdoob/three.js/issues/29685
mrdoob/three.js,29684,texture,WebGPUTextureUtils:,https://github.com/mrdoob/three.js/issues/29684
mrdoob/three.js,29683,render,WebGPURenderer:,https://github.com/mrdoob/three.js/issues/29683
mrdoob/three.js,29680,texture,WebGPUTextureUtils:,https://github.com/mrdoob/three.js/issues/29680
mrdoob/three.js,29678,render,WebGLRenderer:,https://github.com/mrdoob/three.js/issues/29678
mrdoob/three.js,29677,texture,Texture:,https://github.com/mrdoob/three.js/issues/29677
mrdoob/three.js,29674,material,NodeMaterial:,https://github.com/mrdoob/three.js/issues/29674
mrdoob/three.js,29670,render,WebGPURenderer:,https://github.com/mrdoob/three.js/issues/29670
mrdoob/three.js,29663,render,CSSRenderer:,https://github.com/mrdoob/three.js/issues/29663
mrdoob/three.js,29662,render,WebGLRenderer:,https://github.com/mrdoob/three.js/issues/29662
mrdoob/three.js,29657,render,WebGLRenderer:,https://github.com/mrdoob/three.js/issues/29657
mrdoob/three.js,29655,mesh,BatchedMesh:,https://github.com/mrdoob/three.js/issues/29655
mrdoob/three.js,29654,texture,WebGPUTextureUtils:,https://github.com/mrdoob/three.js/issues/29654
mrdoob/three.js,29651,material,MaterialX:,https://github.com/mrdoob/three.js/issues/29651
mrdoob/three.js,29642,render,WebGPURenderer:,https://github.com/mrdoob/three.js/issues/29642
mrdoob/three.js,29631,render,WebGPURenderer:,https://github.com/mrdoob/three.js/issues/29631
mrdoob/three.js,29628,render,WebGLRenderer:,https://github.com/mrdoob/three.js/issues/29628
mrdoob/three.js,29626,mesh,WaterMesh:,https://github.com/mrdoob/three.js/issues/29626
mrdoob/three.js,29625,texture,VideoTexture’s,https://github.com/mrdoob/three.js/issues/29625
mrdoob/three.js,29624,mesh,Batchmesh:,https://github.com/mrdoob/three.js/issues/29624
mrdoob/three.js,29622,render,WebGPURenderer:,https://github.com/mrdoob/three.js/issues/29622
mrdoob/three.js,29615,render,WebGPURenderer:,https://github.com/mrdoob/three.js/issues/29615
mrdoob/three.js,29613,render,"WebGLArrayRenderTarget,",https://github.com/mrdoob/three.js/issues/29613
mrdoob/three.js,29612,render,WebGLRenderer:,https://github.com/mrdoob/three.js/issues/29612
mrdoob/three.js,29603,mesh,BatchedMesh,https://github.com/mrdoob/three.js/issues/29603
mrdoob/three.js,29596,render,WebGPURenderer:,https://github.com/mrdoob/three.js/issues/29596
mrdoob/three.js,29595,render,WebGPURenderer:,https://github.com/mrdoob/three.js/issues/29595
mrdoob/three.js,29594,render,WebGPURenderer:,https://github.com/mrdoob/three.js/issues/29594
mrdoob/three.js,29591,mesh,BatchedMesh:,https://github.com/mrdoob/three.js/issues/29591
mrdoob/three.js,29589,render,WebGPURenderer:,https://github.com/mrdoob/three.js/issues/29589
mrdoob/three.js,29582,render,WebGPURenderer:,https://github.com/mrdoob/three.js/issues/29582
mrdoob/three.js,29581,mesh,BatchedMesh,https://github.com/mrdoob/three.js/issues/29581
mrdoob/three.js,29580,mesh,BatchedMesh,https://github.com/mrdoob/three.js/issues/29580
mrdoob/three.js,29579,render,WebGLRenderer:,https://github.com/mrdoob/three.js/issues/29579
mrdoob/three.js,29577,mesh,BatchedMesh:,https://github.com/mrdoob/three.js/issues/29577
mrdoob/three.js,29576,render,WebGPURenderer:,https://github.com/mrdoob/three.js/issues/29576
mrdoob/three.js,29573,render,WebGPURenderer:,https://github.com/mrdoob/three.js/issues/29573
mrdoob/three.js,29567,render,WebGPURenderer:,https://github.com/mrdoob/three.js/issues/29567
mrdoob/three.js,29561,render,WebGPURenderer:,https://github.com/mrdoob/three.js/issues/29561
mrdoob/three.js,29551,material,NodeMaterial:,https://github.com/mrdoob/three.js/issues/29551
mrdoob/three.js,29549,render,WebGLRenderer:,https://github.com/mrdoob/three.js/issues/29549
mrdoob/three.js,29547,render,Renderer:,https://github.com/mrdoob/three.js/issues/29547
mrdoob/three.js,29542,render,WebGLRenderer:,https://github.com/mrdoob/three.js/issues/29542
mrdoob/three.js,29539,texture,CompressedArrayTexture,https://github.com/mrdoob/three.js/issues/29539
mrdoob/three.js,29538,render,WebGPURenderer:,https://github.com/mrdoob/three.js/issues/29538
mrdoob/three.js,29537,material,LineMaterial:,https://github.com/mrdoob/three.js/issues/29537
mrdoob/three.js,29533,render,WebGPURenderer:,https://github.com/mrdoob/three.js/issues/29533
mrdoob/three.js,29532,mesh,BatchedMesh:,https://github.com/mrdoob/three.js/issues/29532
mrdoob/three.js,29531,render,WebGLRenderer:,https://github.com/mrdoob/three.js/issues/29531
mrdoob/three.js,29527,mesh,BatchedMesh:,https://github.com/mrdoob/three.js/issues/29527
mrdoob/three.js,29526,render,WebGPURenderer:,https://github.com/mrdoob/three.js/issues/29526
mrdoob/three.js,29523,mesh,BatchedMesh:,https://github.com/mrdoob/three.js/issues/29523
mrdoob/three.js,29522,render,WebGPURenderer:,https://github.com/mrdoob/three.js/issues/29522
mrdoob/three.js,29518,texture,TextureHelper:,https://github.com/mrdoob/three.js/issues/29518
mrdoob/three.js,29517,material;sprite,SpriteNodeMaterial:,https://github.com/mrdoob/three.js/issues/29517
mrdoob/three.js,29503,render,WebGPURenderer:,https://github.com/mrdoob/three.js/issues/29503
mrdoob/three.js,29501,render,WebGPURenderer:,https://github.com/mrdoob/three.js/issues/29501
mrdoob/three.js,29497,render,WebGPURenderer:,https://github.com/mrdoob/three.js/issues/29497
mrdoob/three.js,29492,render,WebGPURenderer:,https://github.com/mrdoob/three.js/issues/29492
mrdoob/three.js,29491,material,InstancedPointsNodeMaterial:,https://github.com/mrdoob/three.js/issues/29491
mrdoob/three.js,29488,render,WebGPURenderer:,https://github.com/mrdoob/three.js/issues/29488
mrdoob/three.js,29480,render,WebGPURenderer:,https://github.com/mrdoob/three.js/issues/29480
mrdoob/three.js,29479,render,WebGPURenderer:,https://github.com/mrdoob/three.js/issues/29479
mrdoob/three.js,29477,mesh,"SkyMesh,",https://github.com/mrdoob/three.js/issues/29477
mrdoob/three.js,29470,render,WebGPURenderer:,https://github.com/mrdoob/three.js/issues/29470
mrdoob/three.js,29465,render,RenderObject:,https://github.com/mrdoob/three.js/issues/29465
mrdoob/three.js,29464,mesh,BatchedMesh:,https://github.com/mrdoob/three.js/issues/29464
mrdoob/three.js,29463,mesh,BatchedMesh:,https://github.com/mrdoob/three.js/issues/29463
mrdoob/three.js,29449,mesh,BatchedMesh:,https://github.com/mrdoob/three.js/issues/29449
mrdoob/three.js,29447,render,WebGPURenderer:,https://github.com/mrdoob/three.js/issues/29447
mrdoob/three.js,29445,render,WebGLRenderer:,https://github.com/mrdoob/three.js/issues/29445
mrdoob/three.js,29444,material,MaterialXLoader:,https://github.com/mrdoob/three.js/issues/29444
mrdoob/three.js,29443,material,MaterialXLoader:,https://github.com/mrdoob/three.js/issues/29443
mrdoob/three.js,29440,material,MaterialX:,https://github.com/mrdoob/three.js/issues/29440
mrdoob/three.js,29439,transparency,TransparencyFactor,https://github.com/mrdoob/three.js/issues/29439
mrdoob/three.js,29437,material,MaterialXLoader:,https://github.com/mrdoob/three.js/issues/29437
mrdoob/three.js,29433,material,MaterialXLoader:,https://github.com/mrdoob/three.js/issues/29433
mrdoob/three.js,29432,material,MaterialX:,https://github.com/mrdoob/three.js/issues/29432
mrdoob/three.js,29429,render,WebGLRenderTarget:,https://github.com/mrdoob/three.js/issues/29429
mrdoob/three.js,29427,render,WebGPURenderer:,https://github.com/mrdoob/three.js/issues/29427
mrdoob/three.js,29426,material,MaterialX:,https://github.com/mrdoob/three.js/issues/29426
mrdoob/three.js,29421,render,WebGPURenderer:,https://github.com/mrdoob/three.js/issues/29421
mrdoob/three.js,29420,render,WebGPURenderer:,https://github.com/mrdoob/three.js/issues/29420
mrdoob/three.js,29409,mesh,BatchedMesh:,https://github.com/mrdoob/three.js/issues/29409
mrdoob/three.js,29402,render,WebGPURenderer:,https://github.com/mrdoob/three.js/issues/29402
mrdoob/three.js,29400,render,WebGPURenderer:,https://github.com/mrdoob/three.js/issues/29400
mrdoob/three.js,29399,render,WebGPURenderer:,https://github.com/mrdoob/three.js/issues/29399
mrdoob/three.js,29397,material;sprite,SpriteMaterial:,https://github.com/mrdoob/three.js/issues/29397
mrdoob/three.js,29395,render,WebGPURenderer:,https://github.com/mrdoob/three.js/issues/29395
mrdoob/three.js,29394,material;sprite,SpriteNodeMaterial:,https://github.com/mrdoob/three.js/issues/29394
mrdoob/three.js,29392,render,WebGLRenderer:,https://github.com/mrdoob/three.js/issues/29392
mrdoob/three.js,29386,render,WebGPURenderer:,https://github.com/mrdoob/three.js/issues/29386
mrdoob/three.js,29384,render,WebGPURenderer:,https://github.com/mrdoob/three.js/issues/29384
mrdoob/three.js,29383,render,Renderer:,https://github.com/mrdoob/three.js/issues/29383
mrdoob/three.js,29379,mesh,BatchedMesh,https://github.com/mrdoob/three.js/issues/29379
mrdoob/three.js,29374,render,WebGPURenderer:,https://github.com/mrdoob/three.js/issues/29374
mrdoob/three.js,29371,render,WebGPURenderer:,https://github.com/mrdoob/three.js/issues/29371
mrdoob/three.js,29358,render,WebGPURenderer:,https://github.com/mrdoob/three.js/issues/29358
mrdoob/three.js,29353,raycast,Raycaster,https://github.com/mrdoob/three.js/issues/29353
mrdoob/three.js,29348,texture,TextureUtils:,https://github.com/mrdoob/three.js/issues/29348
mrdoob/three.js,29345,render,WebGLRenderer:,https://github.com/mrdoob/three.js/issues/29345
mrdoob/three.js,29343,mesh,BatchedMesh,https://github.com/mrdoob/three.js/issues/29343
mrdoob/three.js,29341,render,WebGPURenderer:,https://github.com/mrdoob/three.js/issues/29341
mrdoob/three.js,29340,raycast,Raycaster:,https://github.com/mrdoob/three.js/issues/29340
mrdoob/three.js,29339,render,WebGLRenderer:,https://github.com/mrdoob/three.js/issues/29339
mrdoob/three.js,29337,render,WebGPURenderer,https://github.com/mrdoob/three.js/issues/29337
mrdoob/three.js,29331,shadowmap,ShadowMapViewer:,https://github.com/mrdoob/three.js/issues/29331
mrdoob/three.js,29326,render,WebGPURenderer:,https://github.com/mrdoob/three.js/issues/29326
mrdoob/three.js,29325,render,WebGPURenderer:,https://github.com/mrdoob/three.js/issues/29325
mrdoob/three.js,29323,render,WebGPURenderer:,https://github.com/mrdoob/three.js/issues/29323
mrdoob/three.js,29322,shadowmap,ShadowMapViewer:,https://github.com/mrdoob/three.js/issues/29322
mrdoob/three.js,29320,render,WebGLRenderer:,https://github.com/mrdoob/three.js/issues/29320
mrdoob/three.js,29319,render,WebGPURenderer:,https://github.com/mrdoob/three.js/issues/29319
mrdoob/three.js,29312,render,WebGPURenderer:,https://github.com/mrdoob/three.js/issues/29312
mrdoob/three.js,29306,render,WebGPURenderer:,https://github.com/mrdoob/three.js/issues/29306
mrdoob/three.js,29299,render,WebGPURenderer:,https://github.com/mrdoob/three.js/issues/29299
mrdoob/three.js,29298,render,WebGLRenderer:,https://github.com/mrdoob/three.js/issues/29298
mrdoob/three.js,29293,render,WebGPURenderer:,https://github.com/mrdoob/three.js/issues/29293
mrdoob/three.js,29278,render,WebGPURenderer:,https://github.com/mrdoob/three.js/issues/29278
mrdoob/three.js,29277,render,WebGPURenderer:,https://github.com/mrdoob/three.js/issues/29277
mrdoob/three.js,29273,render,WebGPURenderer:,https://github.com/mrdoob/three.js/issues/29273
mrdoob/three.js,29271,render,WebGPURenderer:,https://github.com/mrdoob/three.js/issues/29271
mrdoob/three.js,29261,render,WebGPURenderer:,https://github.com/mrdoob/three.js/issues/29261
mrdoob/three.js,29257,render,WebGPURenderer:,https://github.com/mrdoob/three.js/issues/29257
mrdoob/three.js,29256,render,WebGPURenderer:,https://github.com/mrdoob/three.js/issues/29256
mrdoob/three.js,29255,render,WebGPURenderer:,https://github.com/mrdoob/three.js/issues/29255
mrdoob/three.js,29254,render,WebGPURenderer:,https://github.com/mrdoob/three.js/issues/29254
mrdoob/three.js,29252,render,WebGPURenderer:,https://github.com/mrdoob/three.js/issues/29252
mrdoob/three.js,29250,render,WebGPURenderer:,https://github.com/mrdoob/three.js/issues/29250
mrdoob/three.js,29249,render,WebGPURenderer:,https://github.com/mrdoob/three.js/issues/29249
mrdoob/three.js,29245,render,WebGPURenderer:,https://github.com/mrdoob/three.js/issues/29245
mrdoob/three.js,29242,mesh,BatchedMesh,https://github.com/mrdoob/three.js/issues/29242
mrdoob/three.js,29240,render,WebGPURenderer:,https://github.com/mrdoob/three.js/issues/29240
mrdoob/three.js,29239,render,WebGPURenderer:,https://github.com/mrdoob/three.js/issues/29239
mrdoob/three.js,29238,render,WebGPURenderer:,https://github.com/mrdoob/three.js/issues/29238
mrdoob/three.js,29237,render,WebGPURenderer:,https://github.com/mrdoob/three.js/issues/29237
mrdoob/three.js,29235,model,gltf-model,https://github.com/mrdoob/three.js/issues/29235
mrdoob/three.js,29232,render,WebGPURenderer:,https://github.com/mrdoob/three.js/issues/29232
mrdoob/three.js,29231,render,WebGPURenderer:,https://github.com/mrdoob/three.js/issues/29231
mrdoob/three.js,29230,render,WebGPURenderer:,https://github.com/mrdoob/three.js/issues/29230
mrdoob/three.js,29225,render,WebGPURenderer:,https://github.com/mrdoob/three.js/issues/29225
mrdoob/three.js,29221,render,WebGPURenderer:,https://github.com/mrdoob/three.js/issues/29221
mrdoob/three.js,29218,render,WebGPURenderer:,https://github.com/mrdoob/three.js/issues/29218
mrdoob/three.js,29217,render,WebGPURenderer:,https://github.com/mrdoob/three.js/issues/29217
mrdoob/three.js,29213,render,WebGPURenderer:,https://github.com/mrdoob/three.js/issues/29213
mrdoob/three.js,29203,render,WebGPURenderer:,https://github.com/mrdoob/three.js/issues/29203
mrdoob/three.js,29199,mesh,SkyMesh:,https://github.com/mrdoob/three.js/issues/29199
mrdoob/three.js,29198,render,WebGPURenderer:,https://github.com/mrdoob/three.js/issues/29198
mrdoob/three.js,29197,render,WebGPURenderer:,https://github.com/mrdoob/three.js/issues/29197
mrdoob/three.js,29192,render,WebGPURenderer:,https://github.com/mrdoob/three.js/issues/29192
mrdoob/three.js,29189,render,WebGLRenderer:,https://github.com/mrdoob/three.js/issues/29189
mrdoob/three.js,29188,render,WebGPURenderer:,https://github.com/mrdoob/three.js/issues/29188
mrdoob/three.js,29187,render,WebGPURenderer:,https://github.com/mrdoob/three.js/issues/29187
mrdoob/three.js,29186,render,WebGPURenderer:,https://github.com/mrdoob/three.js/issues/29186
mrdoob/three.js,29183,render,WebGPURenderer:,https://github.com/mrdoob/three.js/issues/29183
mrdoob/three.js,29182,mesh,InstancedMesh,https://github.com/mrdoob/three.js/issues/29182
mrdoob/three.js,29179,model,XRControllerModelFactory:,https://github.com/mrdoob/three.js/issues/29179
mrdoob/three.js,29177,render,WebGPURenderer:,https://github.com/mrdoob/three.js/issues/29177
mrdoob/three.js,29176,render,WebGPURenderer:,https://github.com/mrdoob/three.js/issues/29176
mrdoob/three.js,29175,render,WebGPURenderer:,https://github.com/mrdoob/three.js/issues/29175
mrdoob/three.js,29174,render,WebGPURenderer:,https://github.com/mrdoob/three.js/issues/29174
mrdoob/three.js,29172,render,WebGPURenderer:,https://github.com/mrdoob/three.js/issues/29172
mrdoob/three.js,29170,mesh,从R162开始，InstancedMesh添加到scene中，报这个错误,https://github.com/mrdoob/three.js/issues/29170
mrdoob/three.js,29160,texture,DataTexture,https://github.com/mrdoob/three.js/issues/29160
mrdoob/three.js,29159,render,Renderer,https://github.com/mrdoob/three.js/issues/29159
mrdoob/three.js,29154,render,WebGPURenderer:,https://github.com/mrdoob/three.js/issues/29154
mrdoob/three.js,29150,material,MaterialX:,https://github.com/mrdoob/three.js/issues/29150
mrdoob/three.js,29149,material,MaterialX:,https://github.com/mrdoob/three.js/issues/29149
mrdoob/three.js,29148,render,WebGPURenderer:,https://github.com/mrdoob/three.js/issues/29148
mrdoob/three.js,29141,material,NodeMaterial:,https://github.com/mrdoob/three.js/issues/29141
mrdoob/three.js,29137,render,WebGPURenderer:,https://github.com/mrdoob/three.js/issues/29137
mrdoob/three.js,29135,render,WebGPURenderer:,https://github.com/mrdoob/three.js/issues/29135
mrdoob/three.js,29132,render,WebGPURenderer:,https://github.com/mrdoob/three.js/issues/29132
mrdoob/three.js,29125,stereo,StereoEffect:,https://github.com/mrdoob/three.js/issues/29125
mrdoob/three.js,29117,material,NodeMaterial:,https://github.com/mrdoob/three.js/issues/29117
mrdoob/three.js,29110,render,WebGPURenderer:,https://github.com/mrdoob/three.js/issues/29110
mrdoob/three.js,29103,render,WebGPURenderer:,https://github.com/mrdoob/three.js/issues/29103
mrdoob/three.js,29096,render,WebGLRenderTarget,https://github.com/mrdoob/three.js/issues/29096
mrdoob/three.js,29094,render,WebGPURenderer:,https://github.com/mrdoob/three.js/issues/29094
mrdoob/three.js,29084,mesh,BatchedMesh:,https://github.com/mrdoob/three.js/issues/29084
mrdoob/three.js,29083,mesh,BatchedMesh:,https://github.com/mrdoob/three.js/issues/29083
mrdoob/three.js,29082,render,SSAARender:,https://github.com/mrdoob/three.js/issues/29082
mrdoob/three.js,29069,render,WebGPURenderer:,https://github.com/mrdoob/three.js/issues/29069
mrdoob/three.js,29066,render,WebGPURenderer:,https://github.com/mrdoob/three.js/issues/29066
mrdoob/three.js,29061,mesh,BatchedMesh:,https://github.com/mrdoob/three.js/issues/29061
mrdoob/three.js,29053,render,WebGPURenderer:,https://github.com/mrdoob/three.js/issues/29053
mrdoob/three.js,29045,mesh,BatchedMesh,https://github.com/mrdoob/three.js/issues/29045
mrdoob/three.js,29043,material,Material:,https://github.com/mrdoob/three.js/issues/29043
mrdoob/three.js,29041,mesh,MeshBatched,https://github.com/mrdoob/three.js/issues/29041
mrdoob/three.js,29038,material;mesh,MeshBasicNodeMaterial:,https://github.com/mrdoob/three.js/issues/29038
mrdoob/three.js,29037,mesh,BatchedMesh:,https://github.com/mrdoob/three.js/issues/29037
mrdoob/three.js,29036,mesh,BatchedMesh,https://github.com/mrdoob/three.js/issues/29036
mrdoob/three.js,29034,material,Material,https://github.com/mrdoob/three.js/issues/29034
mrdoob/three.js,29033,render,WebGPURenderer:,https://github.com/mrdoob/three.js/issues/29033
mrdoob/three.js,29031,material;mesh,MeshBasicNodeMaterial,https://github.com/mrdoob/three.js/issues/29031
mrdoob/three.js,29030,mesh,BatchedMesh:,https://github.com/mrdoob/three.js/issues/29030
mrdoob/three.js,29018,mesh,BatchedMesh,https://github.com/mrdoob/three.js/issues/29018
mrdoob/three.js,29017,sprite;sprites,Sprites,https://github.com/mrdoob/three.js/issues/29017
mrdoob/three.js,29010,render,WebGPURenderer:,https://github.com/mrdoob/three.js/issues/29010
mrdoob/three.js,28997,render,WebGPURenderer:,https://github.com/mrdoob/three.js/issues/28997
mrdoob/three.js,28996,texture,TextureUtils:,https://github.com/mrdoob/three.js/issues/28996
mrdoob/three.js,28988,material,MaterialXLoader:,https://github.com/mrdoob/three.js/issues/28988
mrdoob/three.js,28985,material,MaterialXLoader:,https://github.com/mrdoob/three.js/issues/28985
mrdoob/three.js,28982,material,NodeMaterial:,https://github.com/mrdoob/three.js/issues/28982
mrdoob/three.js,28978,mesh,Mesh,https://github.com/mrdoob/three.js/issues/28978
mrdoob/three.js,28973,render,WebGPURenderer:,https://github.com/mrdoob/three.js/issues/28973
mrdoob/three.js,28958,mesh,Mesh:,https://github.com/mrdoob/three.js/issues/28958
mrdoob/three.js,28951,render,WebGPURenderer:,https://github.com/mrdoob/three.js/issues/28951
mrdoob/three.js,28947,material;render,material.onbeforerender,https://github.com/mrdoob/three.js/issues/28947
mrdoob/three.js,28945,render,WebGPURenderer:,https://github.com/mrdoob/three.js/issues/28945
mrdoob/three.js,28941,material,NodeMaterial:,https://github.com/mrdoob/three.js/issues/28941
mrdoob/three.js,28939,render,WebGPURenderer:,https://github.com/mrdoob/three.js/issues/28939
mrdoob/three.js,28937,texture,CanvasTexture,https://github.com/mrdoob/three.js/issues/28937
mrdoob/three.js,28935,render,RenderObject:,https://github.com/mrdoob/three.js/issues/28935
mrdoob/three.js,28933,render,WebGPURenderer:,https://github.com/mrdoob/three.js/issues/28933
mrdoob/three.js,28927,render,WebGPURenderer:,https://github.com/mrdoob/three.js/issues/28927
mrdoob/three.js,28926,render,WebGPURenderer:,https://github.com/mrdoob/three.js/issues/28926
mrdoob/three.js,28924,material,MaterialNode:,https://github.com/mrdoob/three.js/issues/28924
mrdoob/three.js,28918,render,WebGPURenderer:,https://github.com/mrdoob/three.js/issues/28918
mrdoob/three.js,28913,render,WebGPURenderer:,https://github.com/mrdoob/three.js/issues/28913
mrdoob/three.js,28912,render,WebGPURenderer:,https://github.com/mrdoob/three.js/issues/28912
mrdoob/three.js,28911,render,WebGPURenderer:,https://github.com/mrdoob/three.js/issues/28911
mrdoob/three.js,28909,render,Renderer:,https://github.com/mrdoob/three.js/issues/28909
mrdoob/three.js,28904,render,WebGLRenderer:,https://github.com/mrdoob/three.js/issues/28904
mrdoob/three.js,28902,render,WebGPURenderer:,https://github.com/mrdoob/three.js/issues/28902
mrdoob/three.js,28901,render,WebGLRenderer:,https://github.com/mrdoob/three.js/issues/28901
mrdoob/three.js,28900,render,WebGPURenderer:,https://github.com/mrdoob/three.js/issues/28900
mrdoob/three.js,28899,texture,WebGPUTextureUtils:,https://github.com/mrdoob/three.js/issues/28899
mrdoob/three.js,28898,render,WebGPURenderer,https://github.com/mrdoob/three.js/issues/28898
mrdoob/three.js,28894,render,WebGPURenderer:,https://github.com/mrdoob/three.js/issues/28894
mrdoob/three.js,28889,render,WebGPURenderer:,https://github.com/mrdoob/three.js/issues/28889
mrdoob/three.js,28874,render,WebGPURenderer:,https://github.com/mrdoob/three.js/issues/28874
mrdoob/three.js,28873,render,WebGPURenderer:,https://github.com/mrdoob/three.js/issues/28873
mrdoob/three.js,28868,texture,VideoTexture:,https://github.com/mrdoob/three.js/issues/28868
mrdoob/three.js,28865,render,WebGPURenderer:,https://github.com/mrdoob/three.js/issues/28865
mrdoob/three.js,28863,render,WebGPURenderer:,https://github.com/mrdoob/three.js/issues/28863
mrdoob/three.js,28854,mesh,InstancedMesh:,https://github.com/mrdoob/three.js/issues/28854
mrdoob/three.js,28846,render,WebGPURenderer:,https://github.com/mrdoob/three.js/issues/28846
mrdoob/three.js,28839,material;mesh,MeshBasicNodeMaterial:,https://github.com/mrdoob/three.js/issues/28839
mrdoob/three.js,28838,render,WebGPURenderer:,https://github.com/mrdoob/three.js/issues/28838
mrdoob/three.js,28833,render,WebGPURenderer:,https://github.com/mrdoob/three.js/issues/28833
mrdoob/three.js,28831,render,WebGPURenderer:,https://github.com/mrdoob/three.js/issues/28831
mrdoob/three.js,28829,render,WebGLRenderer:,https://github.com/mrdoob/three.js/issues/28829
mrdoob/three.js,28827,render,WebGPURenderer:,https://github.com/mrdoob/three.js/issues/28827
mrdoob/three.js,28826,render,WebGPURenderer:,https://github.com/mrdoob/three.js/issues/28826
mrdoob/three.js,28824,model,LightingModel:,https://github.com/mrdoob/three.js/issues/28824
mrdoob/three.js,28823,texture,CubeTextureNode:,https://github.com/mrdoob/three.js/issues/28823
mrdoob/three.js,28822,model,ToonLightingModel:,https://github.com/mrdoob/three.js/issues/28822
mrdoob/three.js,28821,material;mesh,MeshBasicNodeMaterial:,https://github.com/mrdoob/three.js/issues/28821
mrdoob/three.js,28819,material,NodeMaterial:,https://github.com/mrdoob/three.js/issues/28819
mrdoob/three.js,28818,render,WebGLRenderer:,https://github.com/mrdoob/three.js/issues/28818
mrdoob/three.js,28817,material,NodeMaterial:,https://github.com/mrdoob/three.js/issues/28817
mrdoob/three.js,28814,material,NodeMaterial:,https://github.com/mrdoob/three.js/issues/28814
mrdoob/three.js,28812,material,NodeMaterial:,https://github.com/mrdoob/three.js/issues/28812
mrdoob/three.js,28809,texture,TextureNode:,https://github.com/mrdoob/three.js/issues/28809
mrdoob/three.js,28805,mesh,BatchedMesh:,https://github.com/mrdoob/three.js/issues/28805
mrdoob/three.js,28800,render,Renderer:,https://github.com/mrdoob/three.js/issues/28800
mrdoob/three.js,28798,material;mesh,MeshBasicNodeMaterial:,https://github.com/mrdoob/three.js/issues/28798
mrdoob/three.js,28795,material;mesh,MeshBasicNodeMaterial:,https://github.com/mrdoob/three.js/issues/28795
mrdoob/three.js,28790,render,WebGPURenderer:,https://github.com/mrdoob/three.js/issues/28790
mrdoob/three.js,28786,texture,TextureNode:,https://github.com/mrdoob/three.js/issues/28786
mrdoob/three.js,28785,render,WebGPURenderer:,https://github.com/mrdoob/three.js/issues/28785
mrdoob/three.js,28784,render,WebGPURenderer:,https://github.com/mrdoob/three.js/issues/28784
mrdoob/three.js,28766,render,WebGPURenderer:,https://github.com/mrdoob/three.js/issues/28766
mrdoob/three.js,28759,render,WebGPURenderer:,https://github.com/mrdoob/three.js/issues/28759
mrdoob/three.js,28758,render,WebGLRenderer,https://github.com/mrdoob/three.js/issues/28758
mrdoob/three.js,28756,texture,Texture:,https://github.com/mrdoob/three.js/issues/28756
mrdoob/three.js,28754,render,WebGPURenderer:,https://github.com/mrdoob/three.js/issues/28754
mrdoob/three.js,28753,render,WebGPURenderer:,https://github.com/mrdoob/three.js/issues/28753
mrdoob/three.js,28748,render,WebGPURenderer:,https://github.com/mrdoob/three.js/issues/28748
mrdoob/three.js,28747,render,WebGPURenderer:,https://github.com/mrdoob/three.js/issues/28747
mrdoob/three.js,28741,render,WebGPURenderer:,https://github.com/mrdoob/three.js/issues/28741
mrdoob/three.js,28736,material,WebGPU+Light+NormalMaterial,https://github.com/mrdoob/three.js/issues/28736
mrdoob/three.js,28730,render,WebGPURenderer:,https://github.com/mrdoob/three.js/issues/28730
mrdoob/three.js,28729,render,WebGPURenderer:,https://github.com/mrdoob/three.js/issues/28729
mrdoob/three.js,28726,render,WebGPURenderer:,https://github.com/mrdoob/three.js/issues/28726
mrdoob/three.js,28722,render,WebGPURenderer:,https://github.com/mrdoob/three.js/issues/28722
mrdoob/three.js,28719,render,WebGPURenderer:,https://github.com/mrdoob/three.js/issues/28719
mrdoob/three.js,28718,render,WebGPURenderer:,https://github.com/mrdoob/three.js/issues/28718
mrdoob/three.js,28717,render,WebGPURenderer:,https://github.com/mrdoob/three.js/issues/28717
mrdoob/three.js,28713,texture,TextureUtils:,https://github.com/mrdoob/three.js/issues/28713
mrdoob/three.js,28705,render,WebGPURenderer:,https://github.com/mrdoob/three.js/issues/28705
mrdoob/three.js,28704,render,WebGPURenderer:,https://github.com/mrdoob/three.js/issues/28704
mrdoob/three.js,28703,render,WebGPURenderer:,https://github.com/mrdoob/three.js/issues/28703
mrdoob/three.js,28702,material,Material:,https://github.com/mrdoob/three.js/issues/28702
mrdoob/three.js,28701,render,WebGPURenderer:,https://github.com/mrdoob/three.js/issues/28701
mrdoob/three.js,28698,render,WebGPURenderer:,https://github.com/mrdoob/three.js/issues/28698
mrdoob/three.js,28697,render,WebGPURenderer:,https://github.com/mrdoob/three.js/issues/28697
mrdoob/three.js,28683,render,WebGPURenderer:,https://github.com/mrdoob/three.js/issues/28683
mrdoob/three.js,28682,render,WebGPURenderer:,https://github.com/mrdoob/three.js/issues/28682
mrdoob/three.js,28679,texture,CompressedArrayTexture:,https://github.com/mrdoob/three.js/issues/28679
mrdoob/three.js,28676,render,WebGPURenderer:,https://github.com/mrdoob/three.js/issues/28676
mrdoob/three.js,28673,render,WebGPURenderer:,https://github.com/mrdoob/three.js/issues/28673
mrdoob/three.js,28663,render,WebGLRenderer:,https://github.com/mrdoob/three.js/issues/28663
mrdoob/three.js,28652,render,WebGLRenderTarget,https://github.com/mrdoob/three.js/issues/28652
mrdoob/three.js,28650,render,WebGPURenderer:,https://github.com/mrdoob/three.js/issues/28650
mrdoob/three.js,28646,render,WebGPURenderer:,https://github.com/mrdoob/three.js/issues/28646
mrdoob/three.js,28645,material,NodeMaterial:,https://github.com/mrdoob/three.js/issues/28645
mrdoob/three.js,28644,render,WebGPURenderer:,https://github.com/mrdoob/three.js/issues/28644
mrdoob/three.js,28642,render,WebGPURenderer:,https://github.com/mrdoob/three.js/issues/28642
mrdoob/three.js,28641,mesh,BatchedMesh:,https://github.com/mrdoob/three.js/issues/28641
mrdoob/three.js,28638,mesh,BatchedMesh:,https://github.com/mrdoob/three.js/issues/28638
mrdoob/three.js,28637,render,GPUComputationRenderer:,https://github.com/mrdoob/three.js/issues/28637
mrdoob/three.js,28620,render,WebGPURenderer:,https://github.com/mrdoob/three.js/issues/28620
mrdoob/three.js,28615,render,WebGPURenderer:,https://github.com/mrdoob/three.js/issues/28615
mrdoob/three.js,28609,render,WebGPURenderer:,https://github.com/mrdoob/three.js/issues/28609
mrdoob/three.js,28607,render,WebGPURenderer:,https://github.com/mrdoob/three.js/issues/28607
mrdoob/three.js,28606,render,WebGPURenderer:,https://github.com/mrdoob/three.js/issues/28606
mrdoob/three.js,28599,render,WebGPURenderer:,https://github.com/mrdoob/three.js/issues/28599
mrdoob/three.js,28596,render,WebGPURenderer:,https://github.com/mrdoob/three.js/issues/28596
mrdoob/three.js,28594,render,WebGPURenderer:,https://github.com/mrdoob/three.js/issues/28594
mrdoob/three.js,28593,render,WebGPURenderer:,https://github.com/mrdoob/three.js/issues/28593
mrdoob/three.js,28591,render,WebGPURenderer:,https://github.com/mrdoob/three.js/issues/28591
mrdoob/three.js,28584,render,WebGLRenderer:,https://github.com/mrdoob/three.js/issues/28584
mrdoob/three.js,28583,render,WebGPURenderer:,https://github.com/mrdoob/three.js/issues/28583
mrdoob/three.js,28580,render,WebGPURenderer:,https://github.com/mrdoob/three.js/issues/28580
mrdoob/three.js,28579,material,VolumeNodeMaterial,https://github.com/mrdoob/three.js/issues/28579
mrdoob/three.js,28578,render,WebGPURenderer:,https://github.com/mrdoob/three.js/issues/28578
mrdoob/three.js,28571,render,WebGLRenderer:,https://github.com/mrdoob/three.js/issues/28571
mrdoob/three.js,28565,model,XRHandModelFactory:,https://github.com/mrdoob/three.js/issues/28565
mrdoob/three.js,28555,render,RenderTransitionPass:,https://github.com/mrdoob/three.js/issues/28555
mrdoob/three.js,28553,render,WebGPURenderer:,https://github.com/mrdoob/three.js/issues/28553
mrdoob/three.js,28549,texture,TextureBinding,https://github.com/mrdoob/three.js/issues/28549
mrdoob/three.js,28544,render,WebGLRenderer:,https://github.com/mrdoob/three.js/issues/28544
mrdoob/three.js,28538,material,ShaderMaterial,https://github.com/mrdoob/three.js/issues/28538
mrdoob/three.js,28531,render,WebGPURenderer:,https://github.com/mrdoob/three.js/issues/28531
mrdoob/three.js,28530,render,WebGLRenderer:,https://github.com/mrdoob/three.js/issues/28530
mrdoob/three.js,28523,render,WebGPURenderer:,https://github.com/mrdoob/three.js/issues/28523
mrdoob/three.js,28522,render;rendering,Rendering,https://github.com/mrdoob/three.js/issues/28522
mrdoob/three.js,28521,render,WebGPURenderer:,https://github.com/mrdoob/three.js/issues/28521
mrdoob/three.js,28520,raycast,Raycaster:,https://github.com/mrdoob/three.js/issues/28520
mrdoob/three.js,28512,texture,"`texture.objectFit(800/600,",https://github.com/mrdoob/three.js/issues/28512
mrdoob/three.js,28507,render,WebGPURenderer:,https://github.com/mrdoob/three.js/issues/28507
mrdoob/three.js,28505,render,WebGPURenderer:,https://github.com/mrdoob/three.js/issues/28505
mrdoob/three.js,28501,render,readRenderTargetPixels(),https://github.com/mrdoob/three.js/issues/28501
mrdoob/three.js,28500,render,WebGPURenderer:,https://github.com/mrdoob/three.js/issues/28500
mrdoob/three.js,28495,render,WebGPURenderer:,https://github.com/mrdoob/three.js/issues/28495
mrdoob/three.js,28492,render,WebGPURenderer:,https://github.com/mrdoob/three.js/issues/28492
mrdoob/three.js,28490,render,WebGPURenderer:,https://github.com/mrdoob/three.js/issues/28490
mrdoob/three.js,28484,render,WebGPURenderer:,https://github.com/mrdoob/three.js/issues/28484
mrdoob/three.js,28483,render,WebGPURenderer:,https://github.com/mrdoob/three.js/issues/28483
mrdoob/three.js,28482,render,WebGLRenderer:,https://github.com/mrdoob/three.js/issues/28482
mrdoob/three.js,28481,render,WebGPURenderer:,https://github.com/mrdoob/three.js/issues/28481
mrdoob/three.js,28465,texture,copyTextureToTexture,https://github.com/mrdoob/three.js/issues/28465
mrdoob/three.js,28462,mesh,BatchedMesh:,https://github.com/mrdoob/three.js/issues/28462
mrdoob/three.js,28460,texture,DepthTexture:,https://github.com/mrdoob/three.js/issues/28460
mrdoob/three.js,28459,render,RenderPass:,https://github.com/mrdoob/three.js/issues/28459
mrdoob/three.js,28458,render,RenderPass:,https://github.com/mrdoob/three.js/issues/28458
mrdoob/three.js,28457,render,RenderPass:,https://github.com/mrdoob/three.js/issues/28457
mrdoob/three.js,28455,render,WebGPURenderer:,https://github.com/mrdoob/three.js/issues/28455
mrdoob/three.js,28451,render,WebGPURenderer:,https://github.com/mrdoob/three.js/issues/28451
mrdoob/three.js,28449,render,WebGLRenderer:,https://github.com/mrdoob/three.js/issues/28449
mrdoob/three.js,28447,render,WebGLRenderer:,https://github.com/mrdoob/three.js/issues/28447
mrdoob/three.js,28445,render,WebGLRenderer:,https://github.com/mrdoob/three.js/issues/28445
mrdoob/three.js,28442,render,WebGPURenderer:,https://github.com/mrdoob/three.js/issues/28442
mrdoob/three.js,28439,render,WebGPURenderer:,https://github.com/mrdoob/three.js/issues/28439
mrdoob/three.js,28438,render,WebGPURenderer:,https://github.com/mrdoob/three.js/issues/28438
mrdoob/three.js,28436,render,WebGPURenderer:,https://github.com/mrdoob/three.js/issues/28436
mrdoob/three.js,28435,render,WebGPURenderer:,https://github.com/mrdoob/three.js/issues/28435
mrdoob/three.js,28434,render,WebGLRenderer:,https://github.com/mrdoob/three.js/issues/28434
mrdoob/three.js,28423,render,WebGLRenderer:,https://github.com/mrdoob/three.js/issues/28423
mrdoob/three.js,28418,render,WebGPURenderer:,https://github.com/mrdoob/three.js/issues/28418
mrdoob/three.js,28417,render,WebGPURenderer:,https://github.com/mrdoob/three.js/issues/28417
mrdoob/three.js,28416,mesh,BatchedMesh:,https://github.com/mrdoob/three.js/issues/28416
mrdoob/three.js,28404,mesh,BatchedMesh:,https://github.com/mrdoob/three.js/issues/28404
mrdoob/three.js,28402,render,WebGPURenderer:,https://github.com/mrdoob/three.js/issues/28402
mrdoob/three.js,28401,mesh,BatchedMesh:,https://github.com/mrdoob/three.js/issues/28401
mrdoob/three.js,28400,render,WebGPURenderer:,https://github.com/mrdoob/three.js/issues/28400
mrdoob/three.js,28393,render,CSS2D/3DRenderer:,https://github.com/mrdoob/three.js/issues/28393
mrdoob/three.js,28392,render,WebGPURenderer:,https://github.com/mrdoob/three.js/issues/28392
mrdoob/three.js,28388,render,WebGLRenderer:,https://github.com/mrdoob/three.js/issues/28388
mrdoob/three.js,28372,render,WebGPURenderer:,https://github.com/mrdoob/three.js/issues/28372
mrdoob/three.js,28370,render,WebGPURenderer:,https://github.com/mrdoob/three.js/issues/28370
mrdoob/three.js,28369,render,WebGPURenderer:,https://github.com/mrdoob/three.js/issues/28369
mrdoob/three.js,28367,texture,DepthTexture:,https://github.com/mrdoob/three.js/issues/28367
mrdoob/three.js,28366,texture,DataTextureLoader:,https://github.com/mrdoob/three.js/issues/28366
mrdoob/three.js,28359,render,WebGPURenderer:,https://github.com/mrdoob/three.js/issues/28359
mrdoob/three.js,28347,render,WebGPURenderer:,https://github.com/mrdoob/three.js/issues/28347
mrdoob/three.js,28335,material,Material:,https://github.com/mrdoob/three.js/issues/28335
mrdoob/three.js,28330,render,CSS2DRenderer:,https://github.com/mrdoob/three.js/issues/28330
mrdoob/three.js,28329,render,WebGLRenderer:,https://github.com/mrdoob/three.js/issues/28329
mrdoob/three.js,28328,render,WebGPURenderer:,https://github.com/mrdoob/three.js/issues/28328
mrdoob/three.js,28315,render,WebGPURenderer:,https://github.com/mrdoob/three.js/issues/28315
mrdoob/three.js,28313,render,WebGPURenderer:,https://github.com/mrdoob/three.js/issues/28313
mrdoob/three.js,28293,render,CSS2D/3DRenderer:,https://github.com/mrdoob/three.js/issues/28293
mrdoob/three.js,28291,render,WebGLRenderer:,https://github.com/mrdoob/three.js/issues/28291
mrdoob/three.js,28289,render,WebGPURenderer:,https://github.com/mrdoob/three.js/issues/28289
mrdoob/three.js,28285,render,WebGLRenderer:,https://github.com/mrdoob/three.js/issues/28285
mrdoob/three.js,28283,render,WebGPURenderer:,https://github.com/mrdoob/three.js/issues/28283
mrdoob/three.js,28282,render,WebGLRenderer:,https://github.com/mrdoob/three.js/issues/28282
mrdoob/three.js,28281,render,WebGLRenderer:,https://github.com/mrdoob/three.js/issues/28281
mrdoob/three.js,28274,render,WebGPURenderer:,https://github.com/mrdoob/three.js/issues/28274
mrdoob/three.js,28272,texture,Texture:,https://github.com/mrdoob/three.js/issues/28272
mrdoob/three.js,28268,render,WebGPURenderer:,https://github.com/mrdoob/three.js/issues/28268
mrdoob/three.js,28265,material,Material,https://github.com/mrdoob/three.js/issues/28265
mrdoob/three.js,28259,render,WebGPURenderer:,https://github.com/mrdoob/three.js/issues/28259
mrdoob/three.js,28255,mesh,BatchedMesh:,https://github.com/mrdoob/three.js/issues/28255
mrdoob/three.js,28246,render,WebGPURenderer:,https://github.com/mrdoob/three.js/issues/28246
mrdoob/three.js,28240,material;mesh,MeshPhysicalMaterial:,https://github.com/mrdoob/three.js/issues/28240
mrdoob/three.js,28237,render,WebGPURenderer:,https://github.com/mrdoob/three.js/issues/28237
mrdoob/three.js,28235,render,WebGPURenderer:,https://github.com/mrdoob/three.js/issues/28235
mrdoob/three.js,28225,material;mesh,MeshToonMaterial,https://github.com/mrdoob/three.js/issues/28225
mrdoob/three.js,28218,render,WebGPURenderer:,https://github.com/mrdoob/three.js/issues/28218
mrdoob/three.js,28210,render,WebGPURenderer:,https://github.com/mrdoob/three.js/issues/28210
mrdoob/three.js,28200,render,WebGPURenderer:,https://github.com/mrdoob/three.js/issues/28200
mrdoob/three.js,28199,render,WebGPURenderer:,https://github.com/mrdoob/three.js/issues/28199
mrdoob/three.js,28197,render,WebGPURenderer:,https://github.com/mrdoob/three.js/issues/28197
mrdoob/three.js,28196,render,WebGLRenderer:,https://github.com/mrdoob/three.js/issues/28196
mrdoob/three.js,28194,shadowmap;webglshadowmap,WebGLShadowMap:,https://github.com/mrdoob/three.js/issues/28194
mrdoob/three.js,28186,render,WebGLRenderer:,https://github.com/mrdoob/three.js/issues/28186
mrdoob/three.js,28184,render,WebGLRenderer.setSize,https://github.com/mrdoob/three.js/issues/28184
mrdoob/three.js,28181,render,WebGPURenderer:,https://github.com/mrdoob/three.js/issues/28181
mrdoob/three.js,28177,render,WebGPURenderer:,https://github.com/mrdoob/three.js/issues/28177
mrdoob/three.js,28170,render,RenderTarget:,https://github.com/mrdoob/three.js/issues/28170
mrdoob/three.js,28167,material,NodeMaterial:,https://github.com/mrdoob/three.js/issues/28167
mrdoob/three.js,28165,render,WebGPURenderer:,https://github.com/mrdoob/three.js/issues/28165
mrdoob/three.js,28164,render,WebGPURenderer:,https://github.com/mrdoob/three.js/issues/28164
mrdoob/three.js,28163,render,WebGPURenderer:,https://github.com/mrdoob/three.js/issues/28163
mrdoob/three.js,28161,render,WebGPURenderer:,https://github.com/mrdoob/three.js/issues/28161
mrdoob/three.js,28155,render,WebGPURenderer:,https://github.com/mrdoob/three.js/issues/28155
mrdoob/three.js,28154,render,WebGLRenderer:,https://github.com/mrdoob/three.js/issues/28154
mrdoob/three.js,28151,mesh,BatchedMesh:,https://github.com/mrdoob/three.js/issues/28151
mrdoob/three.js,28146,render,WebGPURenderer:,https://github.com/mrdoob/three.js/issues/28146
mrdoob/three.js,28141,texture;textures,WebGLTextures:,https://github.com/mrdoob/three.js/issues/28141
mrdoob/three.js,28139,texture;textures,WebGLTextures:,https://github.com/mrdoob/three.js/issues/28139
mrdoob/three.js,28138,render,WebGPURenderer:,https://github.com/mrdoob/three.js/issues/28138
mrdoob/three.js,28135,render,WebGPURenderer:,https://github.com/mrdoob/three.js/issues/28135
mrdoob/three.js,28132,render,WebGLRenderer:,https://github.com/mrdoob/three.js/issues/28132
mrdoob/three.js,28130,material,`LineMaterial`:,https://github.com/mrdoob/three.js/issues/28130
mrdoob/three.js,28126,material,PhysicalMaterial:,https://github.com/mrdoob/three.js/issues/28126
mrdoob/three.js,28122,render,WebGPURenderer:,https://github.com/mrdoob/three.js/issues/28122
mrdoob/three.js,28120,render,WebGLRenderer:,https://github.com/mrdoob/three.js/issues/28120
mrdoob/three.js,28113,render,WebGLRenderer:,https://github.com/mrdoob/three.js/issues/28113
mrdoob/three.js,28106,render,WebGPURenderer:,https://github.com/mrdoob/three.js/issues/28106
mrdoob/three.js,28103,mesh,BatchedMesh:,https://github.com/mrdoob/three.js/issues/28103
mrdoob/three.js,28100,render,WebGLArrayRenderTarget:,https://github.com/mrdoob/three.js/issues/28100
mrdoob/three.js,28097,render,WebGLRenderer:,https://github.com/mrdoob/three.js/issues/28097
mrdoob/three.js,28096,render,RenderTarget:,https://github.com/mrdoob/three.js/issues/28096
mrdoob/three.js,28088,render,WebGLRenderer:,https://github.com/mrdoob/three.js/issues/28088
mrdoob/three.js,28086,render,WebGLRenderer:,https://github.com/mrdoob/three.js/issues/28086
mrdoob/three.js,28078,render,WebGLRenderer:,https://github.com/mrdoob/three.js/issues/28078
mrdoob/three.js,28072,render,WebGPURenderer:,https://github.com/mrdoob/three.js/issues/28072
mrdoob/three.js,28065,render,WebGPURenderer:,https://github.com/mrdoob/three.js/issues/28065
mrdoob/three.js,28064,render,WebGPURenderer:,https://github.com/mrdoob/three.js/issues/28064
mrdoob/three.js,28061,render,WebGPURenderer:,https://github.com/mrdoob/three.js/issues/28061
mrdoob/three.js,28056,material;mesh,MeshGouraudMaterial:,https://github.com/mrdoob/three.js/issues/28056
mrdoob/three.js,28054,render,WebGPURenderer:,https://github.com/mrdoob/three.js/issues/28054
mrdoob/three.js,28051,material;mesh,MeshPhysicalMaterial:,https://github.com/mrdoob/three.js/issues/28051
mrdoob/three.js,28048,render,WebGPURenderer:,https://github.com/mrdoob/three.js/issues/28048
mrdoob/three.js,28045,render,WebGPURenderer:,https://github.com/mrdoob/three.js/issues/28045
mrdoob/three.js,28043,render,WebGPURenderer:,https://github.com/mrdoob/three.js/issues/28043
mrdoob/three.js,28042,render,WebGPURenderer:,https://github.com/mrdoob/three.js/issues/28042
mrdoob/three.js,28041,render,WebGPURenderer:,https://github.com/mrdoob/three.js/issues/28041
mrdoob/three.js,28039,render,WebGPURenderer:,https://github.com/mrdoob/three.js/issues/28039
mrdoob/three.js,28035,texture,Texture,https://github.com/mrdoob/three.js/issues/28035
mrdoob/three.js,28027,raycast,Raycaster.setFromCamera:,https://github.com/mrdoob/three.js/issues/28027
mrdoob/three.js,28026,raycast,Raycaster.setFromCamera:,https://github.com/mrdoob/three.js/issues/28026
mrdoob/three.js,28021,render,WebGLRenderer:,https://github.com/mrdoob/three.js/issues/28021
mrdoob/three.js,28009,render,WebGPURenderer:,https://github.com/mrdoob/three.js/issues/28009
mrdoob/three.js,28008,render,WebGPURenderer:,https://github.com/mrdoob/three.js/issues/28008
mrdoob/three.js,28005,mesh,BatchedMesh:,https://github.com/mrdoob/three.js/issues/28005
mrdoob/three.js,28004,mesh,BatchedMesh:,https://github.com/mrdoob/three.js/issues/28004
mrdoob/three.js,27995,render,RenderObject:,https://github.com/mrdoob/three.js/issues/27995
mrdoob/three.js,27992,render,WebGLRenderer:,https://github.com/mrdoob/three.js/issues/27992
mrdoob/three.js,27988,render,WebGPURenderer:,https://github.com/mrdoob/three.js/issues/27988
mrdoob/three.js,27987,mesh,BatchedMesh:,https://github.com/mrdoob/three.js/issues/27987
mrdoob/three.js,27986,texture,TextureNode:,https://github.com/mrdoob/three.js/issues/27986
mrdoob/three.js,27985,mesh,BatchedMesh:,https://github.com/mrdoob/three.js/issues/27985
mrdoob/three.js,27984,render,WebGPURenderer:,https://github.com/mrdoob/three.js/issues/27984
mrdoob/three.js,27981,mesh,BatchedMesh:,https://github.com/mrdoob/three.js/issues/27981
mrdoob/three.js,27980,mesh,BatchedMesh:,https://github.com/mrdoob/three.js/issues/27980
mrdoob/three.js,27979,mesh,BatchedMesh:,https://github.com/mrdoob/three.js/issues/27979
mrdoob/three.js,27978,mesh,BatchedMesh:,https://github.com/mrdoob/three.js/issues/27978
mrdoob/three.js,27973,mesh,BatchedMesh:,https://github.com/mrdoob/three.js/issues/27973
mrdoob/three.js,27970,texture,TextureUtils:,https://github.com/mrdoob/three.js/issues/27970
mrdoob/three.js,27965,texture,DepthTexture,https://github.com/mrdoob/three.js/issues/27965
mrdoob/three.js,27963,texture,Texture:,https://github.com/mrdoob/three.js/issues/27963
mrdoob/three.js,27958,render,WebGPURenderer:,https://github.com/mrdoob/three.js/issues/27958
mrdoob/three.js,27957,render,CSSRenderer:,https://github.com/mrdoob/three.js/issues/27957
mrdoob/three.js,27953,mesh,HTMLMesh:,https://github.com/mrdoob/three.js/issues/27953
mrdoob/three.js,27952,mesh,InstancedMesh:,https://github.com/mrdoob/three.js/issues/27952
mrdoob/three.js,27951,render,WebGPURenderer:,https://github.com/mrdoob/three.js/issues/27951
mrdoob/three.js,27950,render,WebGPURenderer:,https://github.com/mrdoob/three.js/issues/27950
mrdoob/three.js,27944,mesh,InstancedMesh,https://github.com/mrdoob/three.js/issues/27944
mrdoob/three.js,27939,render,Renderer:,https://github.com/mrdoob/three.js/issues/27939
mrdoob/three.js,27937,render,WebGPURenderer:,https://github.com/mrdoob/three.js/issues/27937
mrdoob/three.js,27932,render,WebGPURenderer:,https://github.com/mrdoob/three.js/issues/27932
mrdoob/three.js,27930,mesh,BatchedMesh:,https://github.com/mrdoob/three.js/issues/27930
mrdoob/three.js,27928,render,WebGPURenderer:,https://github.com/mrdoob/three.js/issues/27928
mrdoob/three.js,27921,render,WebGLRenderer:,https://github.com/mrdoob/three.js/issues/27921
mrdoob/three.js,27918,render,WebGPURenderer:,https://github.com/mrdoob/three.js/issues/27918
mrdoob/three.js,27916,material,Shadowmaterial,https://github.com/mrdoob/three.js/issues/27916
mrdoob/three.js,27915,material,NodeMaterial:,https://github.com/mrdoob/three.js/issues/27915
mrdoob/three.js,27912,texture,CanvasTexture,https://github.com/mrdoob/three.js/issues/27912
mrdoob/three.js,27908,render,Renderer:,https://github.com/mrdoob/three.js/issues/27908
mrdoob/three.js,27906,mesh,Mesh:,https://github.com/mrdoob/three.js/issues/27906
mrdoob/three.js,27900,render,Renderer:,https://github.com/mrdoob/three.js/issues/27900
mrdoob/three.js,27897,mesh,BatchedMesh,https://github.com/mrdoob/three.js/issues/27897
mrdoob/three.js,27895,render,WebGPURenderer:,https://github.com/mrdoob/three.js/issues/27895
mrdoob/three.js,27894,render,WebGPURenderer:,https://github.com/mrdoob/three.js/issues/27894
mrdoob/three.js,27889,render,WebGPURenderer:,https://github.com/mrdoob/three.js/issues/27889
mrdoob/three.js,27888,render,WebGPURenderer:,https://github.com/mrdoob/three.js/issues/27888
mrdoob/three.js,27886,render,WebGLRenderer:,https://github.com/mrdoob/three.js/issues/27886
mrdoob/three.js,27885,render,WebGLRenderer:,https://github.com/mrdoob/three.js/issues/27885
mrdoob/three.js,27880,render,WebGPURenderer:,https://github.com/mrdoob/three.js/issues/27880
mrdoob/three.js,27875,render,WebGPURenderer:,https://github.com/mrdoob/three.js/issues/27875
mrdoob/three.js,27870,render,WebGPURenderer:,https://github.com/mrdoob/three.js/issues/27870
mrdoob/three.js,27863,render,WebGPURenderer:,https://github.com/mrdoob/three.js/issues/27863
mrdoob/three.js,27859,texture,"""copyTextureToTexture""",https://github.com/mrdoob/three.js/issues/27859
mrdoob/three.js,27853,render,WebGLRenderer:,https://github.com/mrdoob/three.js/issues/27853
mrdoob/three.js,27850,render,WebGPURenderer:,https://github.com/mrdoob/three.js/issues/27850
mrdoob/three.js,27840,render,WebGPURenderer:,https://github.com/mrdoob/three.js/issues/27840
mrdoob/three.js,27839,render,WebGPURenderer:,https://github.com/mrdoob/three.js/issues/27839
mrdoob/three.js,27836,render,WebGLRenderer:,https://github.com/mrdoob/three.js/issues/27836
mrdoob/three.js,27835,render,WebGPURenderer:,https://github.com/mrdoob/three.js/issues/27835
mrdoob/three.js,27829,render,WebGPURenderer:,https://github.com/mrdoob/three.js/issues/27829
mrdoob/three.js,27827,mesh,BatchMesh’s,https://github.com/mrdoob/three.js/issues/27827
mrdoob/three.js,27820,render,WebGPURenderer:,https://github.com/mrdoob/three.js/issues/27820
mrdoob/three.js,27815,render,WebGPURenderer:,https://github.com/mrdoob/three.js/issues/27815
mrdoob/three.js,27810,texture;textures,WebGLTextures:,https://github.com/mrdoob/three.js/issues/27810
mrdoob/three.js,27801,raycast,Raycaster:,https://github.com/mrdoob/three.js/issues/27801
mrdoob/three.js,27799,render,WebGLRenderer:,https://github.com/mrdoob/three.js/issues/27799
mrdoob/three.js,27788,render,WebGLRenderer:,https://github.com/mrdoob/three.js/issues/27788
mrdoob/three.js,27785,render,WebGLRenderer:,https://github.com/mrdoob/three.js/issues/27785
mrdoob/three.js,27774,render,`WebGPURenderer`:,https://github.com/mrdoob/three.js/issues/27774
mrdoob/three.js,27771,render,WebGLRenderer:,https://github.com/mrdoob/three.js/issues/27771
mrdoob/three.js,27770,render,WebGPURenderer:,https://github.com/mrdoob/three.js/issues/27770
mrdoob/three.js,27769,material,Material:,https://github.com/mrdoob/three.js/issues/27769
mrdoob/three.js,27768,render,WebGLRenderer:,https://github.com/mrdoob/three.js/issues/27768
mrdoob/three.js,27761,render,WebGLRenderer:,https://github.com/mrdoob/three.js/issues/27761
mrdoob/three.js,27758,render,WebGLRenderer:,https://github.com/mrdoob/three.js/issues/27758
mrdoob/three.js,27753,render,WebGPURenderer:,https://github.com/mrdoob/three.js/issues/27753
mrdoob/three.js,27751,render,WebGPURenderer:,https://github.com/mrdoob/three.js/issues/27751
mrdoob/three.js,27741,render,"WebGPURenderer,",https://github.com/mrdoob/three.js/issues/27741
mrdoob/three.js,27737,render,WebGPURenderer:,https://github.com/mrdoob/three.js/issues/27737
mrdoob/three.js,27717,render,WebGLRenderer:,https://github.com/mrdoob/three.js/issues/27717
mrdoob/three.js,27712,render,WebGPURenderer:,https://github.com/mrdoob/three.js/issues/27712
mrdoob/three.js,27709,raycast,Raycaster:,https://github.com/mrdoob/three.js/issues/27709
mrdoob/three.js,27708,render,WebGPURenderer:,https://github.com/mrdoob/three.js/issues/27708
mrdoob/three.js,27704,mesh,InstancedMesh.getMorphAt(),https://github.com/mrdoob/three.js/issues/27704
mrdoob/three.js,27703,render,WebGLRenderer:,https://github.com/mrdoob/three.js/issues/27703
mrdoob/three.js,27701,material,Material:,https://github.com/mrdoob/three.js/issues/27701
mrdoob/three.js,27697,render,WebGPURenderer:,https://github.com/mrdoob/three.js/issues/27697
mrdoob/three.js,27691,render,WebGPURenderer:,https://github.com/mrdoob/three.js/issues/27691
mrdoob/three.js,27690,render,WebGPURenderer:,https://github.com/mrdoob/three.js/issues/27690
mrdoob/three.js,27688,texture;textures,WebGLTextures:,https://github.com/mrdoob/three.js/issues/27688
mrdoob/three.js,27687,render,WebGPURenderer:,https://github.com/mrdoob/three.js/issues/27687
mrdoob/three.js,27686,render;rendering,Rendering,https://github.com/mrdoob/three.js/issues/27686
mrdoob/three.js,27684,render,WebGLRenderer:,https://github.com/mrdoob/three.js/issues/27684
mrdoob/three.js,27669,mesh,InstancedMesh:,https://github.com/mrdoob/three.js/issues/27669
mrdoob/three.js,27668,render,WebGLRenderer:,https://github.com/mrdoob/three.js/issues/27668
mrdoob/three.js,27663,render,render,https://github.com/mrdoob/three.js/issues/27663
mrdoob/three.js,27661,render,WebGPURenderer:,https://github.com/mrdoob/three.js/issues/27661
mrdoob/three.js,27655,render,WebGLRenderer:,https://github.com/mrdoob/three.js/issues/27655
mrdoob/three.js,27650,render,WebGPURenderer:,https://github.com/mrdoob/three.js/issues/27650
mrdoob/three.js,27641,render,WebGPURenderer:,https://github.com/mrdoob/three.js/issues/27641
mrdoob/three.js,27630,render,WebGLRenderer:,https://github.com/mrdoob/three.js/issues/27630
mrdoob/three.js,27628,render,WebGPURenderer:,https://github.com/mrdoob/three.js/issues/27628
mrdoob/three.js,27625,render,WebGPURenderer:,https://github.com/mrdoob/three.js/issues/27625
mrdoob/three.js,27622,render,WebGPURenderer:,https://github.com/mrdoob/three.js/issues/27622
mrdoob/three.js,27621,render,WebGPURenderer:,https://github.com/mrdoob/three.js/issues/27621
mrdoob/three.js,27619,render,WebGPURenderer:,https://github.com/mrdoob/three.js/issues/27619
mrdoob/three.js,27618,render,WebGLRenderer:,https://github.com/mrdoob/three.js/issues/27618
mrdoob/three.js,27615,texture,WebGLTextureUtils:,https://github.com/mrdoob/three.js/issues/27615
mrdoob/three.js,27613,render,WebGPURenderer:,https://github.com/mrdoob/three.js/issues/27613
mrdoob/three.js,27612,render,WebGPURenderer:,https://github.com/mrdoob/three.js/issues/27612
mrdoob/three.js,27611,render,WebGPURenderer:,https://github.com/mrdoob/three.js/issues/27611
mrdoob/three.js,27610,render,WebGPURenderer:,https://github.com/mrdoob/three.js/issues/27610
mrdoob/three.js,27609,render,WebGPURenderer:,https://github.com/mrdoob/three.js/issues/27609
mrdoob/three.js,27599,render,WebGPURenderer:,https://github.com/mrdoob/three.js/issues/27599
mrdoob/three.js,27597,render,WebGPURenderer:,https://github.com/mrdoob/three.js/issues/27597
mrdoob/three.js,27596,render,WebGPURenderer:,https://github.com/mrdoob/three.js/issues/27596
mrdoob/three.js,27593,render,WebGPURenderer:,https://github.com/mrdoob/three.js/issues/27593
mrdoob/three.js,27589,render,WebGPURenderer:,https://github.com/mrdoob/three.js/issues/27589
mrdoob/three.js,27583,raycast,Raycaster,https://github.com/mrdoob/three.js/issues/27583
mrdoob/three.js,27582,render,WebGPURenderer:,https://github.com/mrdoob/three.js/issues/27582
mrdoob/three.js,27576,material,NodeMaterial:,https://github.com/mrdoob/three.js/issues/27576
mrdoob/three.js,27575,material,MaterialXLoader:,https://github.com/mrdoob/three.js/issues/27575
mrdoob/three.js,27571,render,SSAARenderPass(TAA),https://github.com/mrdoob/three.js/issues/27571
mrdoob/three.js,27570,render,WebGPURenderer:,https://github.com/mrdoob/three.js/issues/27570
mrdoob/three.js,27569,render,WebGPURenderer:,https://github.com/mrdoob/three.js/issues/27569
mrdoob/three.js,27567,render,WebGPURenderer:,https://github.com/mrdoob/three.js/issues/27567
mrdoob/three.js,27559,render,WebGPURenderer:,https://github.com/mrdoob/three.js/issues/27559
mrdoob/three.js,27557,render,WebGPURenderer:,https://github.com/mrdoob/three.js/issues/27557
mrdoob/three.js,27551,render,WebGPURenderer:,https://github.com/mrdoob/three.js/issues/27551
mrdoob/three.js,27537,render,WebGPURenderer:,https://github.com/mrdoob/three.js/issues/27537
mrdoob/three.js,27520,render,WebGPURenderer:,https://github.com/mrdoob/three.js/issues/27520
mrdoob/three.js,27518,render,WebGPURenderer:,https://github.com/mrdoob/three.js/issues/27518
mrdoob/three.js,27514,render,WebGPURenderer:,https://github.com/mrdoob/three.js/issues/27514
mrdoob/three.js,27513,render,WebGPURenderer:,https://github.com/mrdoob/three.js/issues/27513
mrdoob/three.js,27508,render,WebGPURenderer:,https://github.com/mrdoob/three.js/issues/27508
mrdoob/three.js,27505,render,WebGPURenderer:,https://github.com/mrdoob/three.js/issues/27505
mrdoob/three.js,27504,render,WebGPURenderer:,https://github.com/mrdoob/three.js/issues/27504
mrdoob/three.js,27503,render,WebGPURenderer:,https://github.com/mrdoob/three.js/issues/27503
mrdoob/three.js,27502,texture,DepthTexture,https://github.com/mrdoob/three.js/issues/27502
mrdoob/three.js,27496,material,MaterialX:,https://github.com/mrdoob/three.js/issues/27496
mrdoob/three.js,27494,material,MaterialX:,https://github.com/mrdoob/three.js/issues/27494
mrdoob/three.js,27492,display,display,https://github.com/mrdoob/three.js/issues/27492
mrdoob/three.js,27490,render,WebGPURenderer:,https://github.com/mrdoob/three.js/issues/27490
mrdoob/three.js,27488,render,WebGPURenderer:,https://github.com/mrdoob/three.js/issues/27488
mrdoob/three.js,27484,mesh,BatchedMesh:,https://github.com/mrdoob/three.js/issues/27484
mrdoob/three.js,27482,render,WebGLRenderer:,https://github.com/mrdoob/three.js/issues/27482
mrdoob/three.js,27473,render,WebGPURenderer:,https://github.com/mrdoob/three.js/issues/27473
mrdoob/three.js,27472,render,WebGPURenderer:,https://github.com/mrdoob/three.js/issues/27472
mrdoob/three.js,27471,render,WebGPURenderer:,https://github.com/mrdoob/three.js/issues/27471
mrdoob/three.js,27466,render,WebGPURenderer:,https://github.com/mrdoob/three.js/issues/27466
mrdoob/three.js,27463,render,WebGPURenderer:,https://github.com/mrdoob/three.js/issues/27463
mrdoob/three.js,27462,material,MaterialXLoader:,https://github.com/mrdoob/three.js/issues/27462
mrdoob/three.js,27460,texture;textures,WebGLTextures:,https://github.com/mrdoob/three.js/issues/27460
mrdoob/three.js,27458,material,MaterialX:,https://github.com/mrdoob/three.js/issues/27458
mrdoob/three.js,27456,material,MaterialX:,https://github.com/mrdoob/three.js/issues/27456
mrdoob/three.js,27454,render,WebGPURenderer:,https://github.com/mrdoob/three.js/issues/27454
mrdoob/three.js,27452,render,WebGPURenderer:,https://github.com/mrdoob/three.js/issues/27452
mrdoob/three.js,27451,render,WebGPURenderer:,https://github.com/mrdoob/three.js/issues/27451
mrdoob/three.js,27447,render,WebGPURenderer:,https://github.com/mrdoob/three.js/issues/27447
mrdoob/three.js,27444,render,WebGPURenderer:,https://github.com/mrdoob/three.js/issues/27444
mrdoob/three.js,27442,render,WebGPURenderer:,https://github.com/mrdoob/three.js/issues/27442
mrdoob/three.js,27434,render,WebGLRenderer:,https://github.com/mrdoob/three.js/issues/27434
mrdoob/three.js,27433,material,MaterialXLoader:,https://github.com/mrdoob/three.js/issues/27433
mrdoob/three.js,27432,material,MaterialXLoader:,https://github.com/mrdoob/three.js/issues/27432
mrdoob/three.js,27410,render,WebGPURenderer:,https://github.com/mrdoob/three.js/issues/27410
mrdoob/three.js,27402,render,WebGPURenderer:,https://github.com/mrdoob/three.js/issues/27402
mrdoob/three.js,27400,render,WebGPURenderer:,https://github.com/mrdoob/three.js/issues/27400
mrdoob/three.js,27398,render,WebGPURenderer:,https://github.com/mrdoob/three.js/issues/27398
mrdoob/three.js,27397,render,WebGPURenderer:,https://github.com/mrdoob/three.js/issues/27397
mrdoob/three.js,27378,render,CSS3DRenderer,https://github.com/mrdoob/three.js/issues/27378
mrdoob/three.js,27371,render,WebGLRenderer:,https://github.com/mrdoob/three.js/issues/27371
mrdoob/three.js,27369,render,WebGPURenderer:,https://github.com/mrdoob/three.js/issues/27369
mrdoob/three.js,27367,render,WebGPURenderer:,https://github.com/mrdoob/three.js/issues/27367
mrdoob/three.js,27366,render,WebGLRenderer:,https://github.com/mrdoob/three.js/issues/27366
mrdoob/three.js,27356,material,MaterialXLoader:,https://github.com/mrdoob/three.js/issues/27356
mrdoob/three.js,27355,render,WebGPURenderer:,https://github.com/mrdoob/three.js/issues/27355
mrdoob/three.js,27353,material,LineMaterial:,https://github.com/mrdoob/three.js/issues/27353
mrdoob/three.js,27349,material,LineMaterial:,https://github.com/mrdoob/three.js/issues/27349
mrdoob/three.js,27340,texture;textures,WebGLTextures:,https://github.com/mrdoob/three.js/issues/27340
mrdoob/three.js,27332,texture,StorageTexture:,https://github.com/mrdoob/three.js/issues/27332
mrdoob/three.js,27326,shadowmap;webglshadowmap,WebGLShadowMap:,https://github.com/mrdoob/three.js/issues/27326
mrdoob/three.js,27313,render,WebGLRenderer:,https://github.com/mrdoob/three.js/issues/27313
mrdoob/three.js,27294,render,WebGPURenderer:,https://github.com/mrdoob/three.js/issues/27294
mrdoob/three.js,27279,render,WebGPURenderer:,https://github.com/mrdoob/three.js/issues/27279
mrdoob/three.js,27259,texture;textures,Textures,https://github.com/mrdoob/three.js/issues/27259
mrdoob/three.js,27258,mesh,BatchedMesh:,https://github.com/mrdoob/three.js/issues/27258
mrdoob/three.js,27251,texture,DepthTexture:,https://github.com/mrdoob/three.js/issues/27251
mrdoob/three.js,27249,render,WebGLArrayRenderTarget:,https://github.com/mrdoob/three.js/issues/27249
mrdoob/three.js,27244,material,NodeMaterial:,https://github.com/mrdoob/three.js/issues/27244
mrdoob/three.js,27243,render,WebGPURenderer:,https://github.com/mrdoob/three.js/issues/27243
mrdoob/three.js,27240,mesh,HTMLMesh,https://github.com/mrdoob/three.js/issues/27240
mrdoob/three.js,27238,material,NodeMaterial:,https://github.com/mrdoob/three.js/issues/27238
mrdoob/three.js,27236,mesh,BatchedMesh:,https://github.com/mrdoob/three.js/issues/27236
mrdoob/three.js,27233,render,WebGPURenderer:,https://github.com/mrdoob/three.js/issues/27233
mrdoob/three.js,27231,mesh,BatchedMesh:,https://github.com/mrdoob/three.js/issues/27231
mrdoob/three.js,27229,mesh,BatchedMesh:,https://github.com/mrdoob/three.js/issues/27229
mrdoob/three.js,27228,mesh,BatchedMesh:,https://github.com/mrdoob/three.js/issues/27228
mrdoob/three.js,27222,render,WebGPURenderer:,https://github.com/mrdoob/three.js/issues/27222
mrdoob/three.js,27219,mesh,BatchedMesh:,https://github.com/mrdoob/three.js/issues/27219
mrdoob/three.js,27213,mesh,BatchedMesh:,https://github.com/mrdoob/three.js/issues/27213
mrdoob/three.js,27210,material,NodeMaterial:,https://github.com/mrdoob/three.js/issues/27210
mrdoob/three.js,27209,mesh,BatchedMesh:,https://github.com/mrdoob/three.js/issues/27209
mrdoob/three.js,27207,render,WebGPURenderer:,https://github.com/mrdoob/three.js/issues/27207
mrdoob/three.js,27203,mesh,BatchedMesh:,https://github.com/mrdoob/three.js/issues/27203
mrdoob/three.js,27202,mesh,BatchedMesh:,https://github.com/mrdoob/three.js/issues/27202
mrdoob/three.js,27201,mesh,BatchedMesh:,https://github.com/mrdoob/three.js/issues/27201
mrdoob/three.js,27200,mesh,BatchedMesh:,https://github.com/mrdoob/three.js/issues/27200
mrdoob/three.js,27190,render,WebGPURenderer:,https://github.com/mrdoob/three.js/issues/27190
mrdoob/three.js,27178,mesh,BatchedMesh:,https://github.com/mrdoob/three.js/issues/27178
mrdoob/three.js,27176,mesh,BatchedMesh:,https://github.com/mrdoob/three.js/issues/27176
mrdoob/three.js,27175,mesh,BatchedMesh:,https://github.com/mrdoob/three.js/issues/27175
mrdoob/three.js,27170,mesh,InstancedMesh:,https://github.com/mrdoob/three.js/issues/27170
mrdoob/three.js,27168,mesh,BatchedMesh:,https://github.com/mrdoob/three.js/issues/27168
mrdoob/three.js,27164,material;mesh,MeshPhysicalMaterial:,https://github.com/mrdoob/three.js/issues/27164
mrdoob/three.js,27150,render,WebGPURenderer:,https://github.com/mrdoob/three.js/issues/27150
mrdoob/three.js,27149,render,WebGPURenderer:,https://github.com/mrdoob/three.js/issues/27149
mrdoob/three.js,27146,mesh,BatchedMesh:,https://github.com/mrdoob/three.js/issues/27146
mrdoob/three.js,27145,mesh,BatchedMesh:,https://github.com/mrdoob/three.js/issues/27145
mrdoob/three.js,27137,texture,TextureUtils:,https://github.com/mrdoob/three.js/issues/27137
mrdoob/three.js,27136,texture,TextureUtils:,https://github.com/mrdoob/three.js/issues/27136
mrdoob/three.js,27134,render,WebGPURenderer:,https://github.com/mrdoob/three.js/issues/27134
mrdoob/three.js,27131,mesh,BatchedMesh:,https://github.com/mrdoob/three.js/issues/27131
mrdoob/three.js,27130,mesh,BatchedMesh:,https://github.com/mrdoob/three.js/issues/27130
mrdoob/three.js,27126,render,WebGPURenderer:,https://github.com/mrdoob/three.js/issues/27126
mrdoob/three.js,27120,mesh,BatchedMesh:,https://github.com/mrdoob/three.js/issues/27120
mrdoob/three.js,27117,skinning,Skinning,https://github.com/mrdoob/three.js/issues/27117
mrdoob/three.js,27116,mesh,InstancedMesh:,https://github.com/mrdoob/three.js/issues/27116
mrdoob/three.js,27115,mesh,BatchedMesh:,https://github.com/mrdoob/three.js/issues/27115
mrdoob/three.js,27111,render,WebGLRenderer:,https://github.com/mrdoob/three.js/issues/27111
mrdoob/three.js,27109,mesh,BatchedMesh:,https://github.com/mrdoob/three.js/issues/27109
mrdoob/three.js,27101,render,Renderer:,https://github.com/mrdoob/three.js/issues/27101
mrdoob/three.js,27099,mesh,BatchedMesh:,https://github.com/mrdoob/three.js/issues/27099
mrdoob/three.js,27098,render,WebGPURenderer:,https://github.com/mrdoob/three.js/issues/27098
mrdoob/three.js,27092,mesh,HTMLMesh:,https://github.com/mrdoob/three.js/issues/27092
mrdoob/three.js,27091,mesh,HTMLMesh:,https://github.com/mrdoob/three.js/issues/27091
mrdoob/three.js,27090,render,WebGPURenderer:,https://github.com/mrdoob/three.js/issues/27090
mrdoob/three.js,27083,render,WebGPURenderer:,https://github.com/mrdoob/three.js/issues/27083
mrdoob/three.js,27080,render,WebGLRenderer:,https://github.com/mrdoob/three.js/issues/27080
mrdoob/three.js,27078,mesh,BatchedMesh:,https://github.com/mrdoob/three.js/issues/27078
mrdoob/three.js,27077,mesh,BatchedMesh:,https://github.com/mrdoob/three.js/issues/27077
mrdoob/three.js,27074,mesh,BatchedMesh:,https://github.com/mrdoob/three.js/issues/27074
mrdoob/three.js,27071,render,WebGPURenderer:,https://github.com/mrdoob/three.js/issues/27071
mrdoob/three.js,27068,render,Renderer:,https://github.com/mrdoob/three.js/issues/27068
mrdoob/three.js,27066,mesh,BatchedMesh:,https://github.com/mrdoob/three.js/issues/27066
mrdoob/three.js,27065,render,WebGPURenderer:,https://github.com/mrdoob/three.js/issues/27065
mrdoob/three.js,27060,mesh,BatchedMesh:,https://github.com/mrdoob/three.js/issues/27060
mrdoob/three.js,27055,render,WebGPURenderer:,https://github.com/mrdoob/three.js/issues/27055
mrdoob/three.js,27054,mesh,BatchedMesh:,https://github.com/mrdoob/three.js/issues/27054
mrdoob/three.js,27049,mesh,BatchedMesh:,https://github.com/mrdoob/three.js/issues/27049
mrdoob/three.js,27046,mesh,BatchedMesh,https://github.com/mrdoob/three.js/issues/27046
mrdoob/three.js,27045,mesh,BatchedMesh:,https://github.com/mrdoob/three.js/issues/27045
mrdoob/three.js,27043,mesh,BatchedMesh:,https://github.com/mrdoob/three.js/issues/27043
mrdoob/three.js,27037,render,WebGPURenderer:,https://github.com/mrdoob/three.js/issues/27037
mrdoob/three.js,27031,texture,TextureNode:,https://github.com/mrdoob/three.js/issues/27031
mrdoob/three.js,27026,render,WebGPURenderer:,https://github.com/mrdoob/three.js/issues/27026
mrdoob/three.js,27023,render,WebGPURenderer:,https://github.com/mrdoob/three.js/issues/27023
mrdoob/three.js,27021,render,WebGPURenderer:,https://github.com/mrdoob/three.js/issues/27021
mrdoob/three.js,27019,material,InstancedPointsNodeMaterial:,https://github.com/mrdoob/three.js/issues/27019
mrdoob/three.js,27017,render,CSS3DRenderer:,https://github.com/mrdoob/three.js/issues/27017
mrdoob/three.js,27012,render,WebGPURenderer:,https://github.com/mrdoob/three.js/issues/27012
mrdoob/three.js,27009,render,WebGPURenderer:,https://github.com/mrdoob/three.js/issues/27009
mrdoob/three.js,27006,render,WebGPURenderer:,https://github.com/mrdoob/three.js/issues/27006
mrdoob/three.js,27000,material,Material:,https://github.com/mrdoob/three.js/issues/27000
mrdoob/three.js,26993,raycast,Raycaster,https://github.com/mrdoob/three.js/issues/26993
mrdoob/three.js,26991,render,TAARenderPass:,https://github.com/mrdoob/three.js/issues/26991
mrdoob/three.js,26988,render,WebGPURenderer:,https://github.com/mrdoob/three.js/issues/26988
mrdoob/three.js,26987,render,WebGPURenderer:,https://github.com/mrdoob/three.js/issues/26987
mrdoob/three.js,26985,mesh,SkinnedMesh:,https://github.com/mrdoob/three.js/issues/26985
mrdoob/three.js,26983,render,WebGPURenderer:,https://github.com/mrdoob/three.js/issues/26983
mrdoob/three.js,26978,render,WebGPURenderer:,https://github.com/mrdoob/three.js/issues/26978
mrdoob/three.js,26974,render,WebGPURenderer:,https://github.com/mrdoob/three.js/issues/26974
mrdoob/three.js,26970,material,Line2NodeMaterial:,https://github.com/mrdoob/three.js/issues/26970
mrdoob/three.js,26966,render,WebGLRenderer:,https://github.com/mrdoob/three.js/issues/26966
mrdoob/three.js,26965,render,WebGPURenderer:,https://github.com/mrdoob/three.js/issues/26965
mrdoob/three.js,26964,render,WebGLRenderer:,https://github.com/mrdoob/three.js/issues/26964
mrdoob/three.js,26959,render,WebGLRenderer:,https://github.com/mrdoob/three.js/issues/26959
mrdoob/three.js,26958,render,WebGPURenderer:,https://github.com/mrdoob/three.js/issues/26958
mrdoob/three.js,26957,render,WebGPURenderer:,https://github.com/mrdoob/three.js/issues/26957
mrdoob/three.js,26950,render,CSS3DRenderer:,https://github.com/mrdoob/three.js/issues/26950
mrdoob/three.js,26949,material,Material:,https://github.com/mrdoob/three.js/issues/26949
mrdoob/three.js,26947,material,Material:,https://github.com/mrdoob/three.js/issues/26947
mrdoob/three.js,26944,render,WebGLRenderer:,https://github.com/mrdoob/three.js/issues/26944
mrdoob/three.js,26943,raycast,Raycaster,https://github.com/mrdoob/three.js/issues/26943
mrdoob/three.js,26942,render,WebGPURenderer:,https://github.com/mrdoob/three.js/issues/26942
mrdoob/three.js,26925,material,NodeMaterial:,https://github.com/mrdoob/three.js/issues/26925
mrdoob/three.js,26914,render,SVGRenderer:,https://github.com/mrdoob/three.js/issues/26914
mrdoob/three.js,26913,mesh,SkinnedMesh:,https://github.com/mrdoob/three.js/issues/26913
mrdoob/three.js,26906,render,WebGPURenderer,https://github.com/mrdoob/three.js/issues/26906
mrdoob/three.js,26902,render,WebGLRenderer:,https://github.com/mrdoob/three.js/issues/26902
mrdoob/three.js,26900,material,Material:,https://github.com/mrdoob/three.js/issues/26900
mrdoob/three.js,26885,model,PhysicalLightingModel:,https://github.com/mrdoob/three.js/issues/26885
mrdoob/three.js,26859,texture,VideoTexture,https://github.com/mrdoob/three.js/issues/26859
mrdoob/three.js,26843,render,WebGPURenderer:,https://github.com/mrdoob/three.js/issues/26843
mrdoob/three.js,26842,texture,StorageTexture:,https://github.com/mrdoob/three.js/issues/26842
mrdoob/three.js,26839,texture,TextureNode:,https://github.com/mrdoob/three.js/issues/26839
mrdoob/three.js,26838,render,RenderNodes:,https://github.com/mrdoob/three.js/issues/26838
mrdoob/three.js,26823,render,WebGPURenderer:,https://github.com/mrdoob/three.js/issues/26823
mrdoob/three.js,26818,render,WebGPURenderer:,https://github.com/mrdoob/three.js/issues/26818
mrdoob/three.js,26814,texture,Texture:,https://github.com/mrdoob/three.js/issues/26814
mrdoob/three.js,26813,texture,copyExternalImageToTexture,https://github.com/mrdoob/three.js/issues/26813
mrdoob/three.js,26808,render,WebGPURenderer:,https://github.com/mrdoob/three.js/issues/26808
mrdoob/three.js,26807,render,WebGPURenderer:,https://github.com/mrdoob/three.js/issues/26807
mrdoob/three.js,26801,render,WebGPURenderer:,https://github.com/mrdoob/three.js/issues/26801
mrdoob/three.js,26798,render,WebGPURenderer:,https://github.com/mrdoob/three.js/issues/26798
mrdoob/three.js,26797,render,WebGPURenderer:,https://github.com/mrdoob/three.js/issues/26797
mrdoob/three.js,26791,material,Material:,https://github.com/mrdoob/three.js/issues/26791
mrdoob/three.js,26776,render,WebGPURenderer:,https://github.com/mrdoob/three.js/issues/26776
mrdoob/three.js,26775,render,RenderTarget:,https://github.com/mrdoob/three.js/issues/26775
mrdoob/three.js,26774,sprite,Sprite:,https://github.com/mrdoob/three.js/issues/26774
mrdoob/three.js,26770,render,"WebGPURenderer,",https://github.com/mrdoob/three.js/issues/26770
mrdoob/three.js,26769,render,WebGPURenderer:,https://github.com/mrdoob/three.js/issues/26769
mrdoob/three.js,26768,render,WebGLRenderer:,https://github.com/mrdoob/three.js/issues/26768
mrdoob/three.js,26764,texture;textures,WebGLTextures:,https://github.com/mrdoob/three.js/issues/26764
mrdoob/three.js,26757,material;mesh,`MeshPhysicalMaterial.sheenColor`,https://github.com/mrdoob/three.js/issues/26757
mrdoob/three.js,26754,texture,Fix(Texture):,https://github.com/mrdoob/three.js/issues/26754
mrdoob/three.js,26744,render,WebGPURenderer:,https://github.com/mrdoob/three.js/issues/26744
mrdoob/three.js,26737,render,WebGLRenderer:,https://github.com/mrdoob/three.js/issues/26737
mrdoob/three.js,26731,render,WebGPURenderer:,https://github.com/mrdoob/three.js/issues/26731
mrdoob/three.js,26730,render,WebGPURenderer:,https://github.com/mrdoob/three.js/issues/26730
mrdoob/three.js,26720,material,LineMaterial:,https://github.com/mrdoob/three.js/issues/26720
mrdoob/three.js,26707,material,MaterialLoader:,https://github.com/mrdoob/three.js/issues/26707
mrdoob/three.js,26673,render,WebGPURenderer:,https://github.com/mrdoob/three.js/issues/26673
mrdoob/three.js,26671,render,WebGPURenderer:,https://github.com/mrdoob/three.js/issues/26671
mrdoob/three.js,26664,material,Material:,https://github.com/mrdoob/three.js/issues/26664
mrdoob/three.js,26654,texture;textures,TextureStore,https://github.com/mrdoob/three.js/issues/26654
mrdoob/three.js,26653,texture;textures,TextureStore,https://github.com/mrdoob/three.js/issues/26653
mrdoob/three.js,26651,texture;textures,TextureStore,https://github.com/mrdoob/three.js/issues/26651
mrdoob/three.js,26644,render,WebGLRenderer:,https://github.com/mrdoob/three.js/issues/26644
mrdoob/three.js,26640,render,Renderer:,https://github.com/mrdoob/three.js/issues/26640
mrdoob/three.js,26638,render,RenderPass:,https://github.com/mrdoob/three.js/issues/26638
mrdoob/three.js,26630,render,WebGPURenderer:,https://github.com/mrdoob/three.js/issues/26630
mrdoob/three.js,26626,render,WebGPURenderer:,https://github.com/mrdoob/three.js/issues/26626
mrdoob/three.js,26614,render,RenderPass,https://github.com/mrdoob/three.js/issues/26614
mrdoob/three.js,26585,render,WebGPURenderer:,https://github.com/mrdoob/three.js/issues/26585
mrdoob/three.js,26584,render,WebGPURenderer:,https://github.com/mrdoob/three.js/issues/26584
mrdoob/three.js,26583,render,CSS3DRenderer,https://github.com/mrdoob/three.js/issues/26583
mrdoob/three.js,26574,texture,TextureNode:,https://github.com/mrdoob/three.js/issues/26574
mrdoob/three.js,26564,texture,Texture,https://github.com/mrdoob/three.js/issues/26564
mrdoob/three.js,26560,render,WebGLRenderer,https://github.com/mrdoob/three.js/issues/26560
mrdoob/three.js,26556,render,WebGPURenderer:,https://github.com/mrdoob/three.js/issues/26556
mrdoob/three.js,26544,render,WebGPURenderer:,https://github.com/mrdoob/three.js/issues/26544
mrdoob/three.js,26543,material;mesh,MeshPhysicalMaterial:,https://github.com/mrdoob/three.js/issues/26543
mrdoob/three.js,26542,material,LineDashedNodeMaterial:,https://github.com/mrdoob/three.js/issues/26542
mrdoob/three.js,26535,sprite,Sprite:,https://github.com/mrdoob/three.js/issues/26535
mrdoob/three.js,26521,texture,VideoTexture:,https://github.com/mrdoob/three.js/issues/26521
mrdoob/three.js,26514,render,WebGPURenderer:,https://github.com/mrdoob/three.js/issues/26514
mrdoob/three.js,26513,render,WebGPURenderer:,https://github.com/mrdoob/three.js/issues/26513
mrdoob/three.js,26493,render,WebGPURenderer:,https://github.com/mrdoob/three.js/issues/26493
mrdoob/three.js,26492,render,WebGLRenderer:,https://github.com/mrdoob/three.js/issues/26492
mrdoob/three.js,26489,render,WebGPURenderer:,https://github.com/mrdoob/three.js/issues/26489
mrdoob/three.js,26486,model,LightingModel:,https://github.com/mrdoob/three.js/issues/26486
mrdoob/three.js,26467,render,WebGLRenderer:,https://github.com/mrdoob/three.js/issues/26467
mrdoob/three.js,26465,render,WebGLRenderer:,https://github.com/mrdoob/three.js/issues/26465
mrdoob/three.js,26463,render,RendererNodes:,https://github.com/mrdoob/three.js/issues/26463
mrdoob/three.js,26461,texture,TextureNode:,https://github.com/mrdoob/three.js/issues/26461
mrdoob/three.js,26457,texture,DataTextureLoader:,https://github.com/mrdoob/three.js/issues/26457
mrdoob/three.js,26455,render,WebGPURenderer:,https://github.com/mrdoob/three.js/issues/26455
mrdoob/three.js,26453,render,WebGPURenderer:,https://github.com/mrdoob/three.js/issues/26453
mrdoob/three.js,26451,render,WebGPURenderer:,https://github.com/mrdoob/three.js/issues/26451
mrdoob/three.js,26450,texture;textures,WebGLTextures:,https://github.com/mrdoob/three.js/issues/26450
mrdoob/three.js,26449,render,WebGPURenderer:,https://github.com/mrdoob/three.js/issues/26449
mrdoob/three.js,26448,render,WebGPURenderer:,https://github.com/mrdoob/three.js/issues/26448
mrdoob/three.js,26444,material,MaterialNode:,https://github.com/mrdoob/three.js/issues/26444
mrdoob/three.js,26440,material,NodeMaterial:,https://github.com/mrdoob/three.js/issues/26440
mrdoob/three.js,26430,mesh,InstancedMesh:,https://github.com/mrdoob/three.js/issues/26430
mrdoob/three.js,26429,material,NodeMaterial:,https://github.com/mrdoob/three.js/issues/26429
mrdoob/three.js,26427,render,RenderTarget:,https://github.com/mrdoob/three.js/issues/26427
mrdoob/three.js,26424,render,WebGPURenderer:,https://github.com/mrdoob/three.js/issues/26424
mrdoob/three.js,26423,render,WebGPURenderer:,https://github.com/mrdoob/three.js/issues/26423
mrdoob/three.js,26422,render,WebGPURenderer:,https://github.com/mrdoob/three.js/issues/26422
mrdoob/three.js,26420,render,WebGPURenderer:,https://github.com/mrdoob/three.js/issues/26420
mrdoob/three.js,26418,render,WebGLMultipleRenderTargets:,https://github.com/mrdoob/three.js/issues/26418
mrdoob/three.js,26417,render,WebGPURenderer:,https://github.com/mrdoob/three.js/issues/26417
mrdoob/three.js,26412,texture,DataTextureLoader:,https://github.com/mrdoob/three.js/issues/26412
mrdoob/three.js,26410,model;models,Models,https://github.com/mrdoob/three.js/issues/26410
mrdoob/three.js,26409,render,WebGPURenderer:,https://github.com/mrdoob/three.js/issues/26409
mrdoob/three.js,26400,render,WebGPURenderer:,https://github.com/mrdoob/three.js/issues/26400
mrdoob/three.js,26396,raycast,Raycaster,https://github.com/mrdoob/three.js/issues/26396
mrdoob/three.js,26393,render,WebGPURenderer:,https://github.com/mrdoob/three.js/issues/26393
mrdoob/three.js,26392,render,WebGLRenderer:,https://github.com/mrdoob/three.js/issues/26392
mrdoob/three.js,26391,render,WebGPURenderer:,https://github.com/mrdoob/three.js/issues/26391
mrdoob/three.js,26390,render,"onBeforeRender,onAfterRender",https://github.com/mrdoob/three.js/issues/26390
mrdoob/three.js,26387,model,OculusHandPointerModel:,https://github.com/mrdoob/three.js/issues/26387
mrdoob/three.js,26385,raycast,Raycaster,https://github.com/mrdoob/three.js/issues/26385
mrdoob/three.js,26381,render,WebGPURenderer,https://github.com/mrdoob/three.js/issues/26381
mrdoob/three.js,26376,render,WebGPURenderer:,https://github.com/mrdoob/three.js/issues/26376
mrdoob/three.js,26375,render,WebGPURenderer:,https://github.com/mrdoob/three.js/issues/26375
mrdoob/three.js,26371,render,WebGLRenderer:,https://github.com/mrdoob/three.js/issues/26371
mrdoob/three.js,26351,render,WebGPURenderer:,https://github.com/mrdoob/three.js/issues/26351
mrdoob/three.js,26347,render,WebGLRenderer:,https://github.com/mrdoob/three.js/issues/26347
mrdoob/three.js,26334,material;mesh,MeshPhysicalMaterial:,https://github.com/mrdoob/three.js/issues/26334
mrdoob/three.js,26333,render,WebGPURenderer:,https://github.com/mrdoob/three.js/issues/26333
mrdoob/three.js,26329,render,WebGPURenderer:,https://github.com/mrdoob/three.js/issues/26329
mrdoob/three.js,26326,render,WebGPURenderer:,https://github.com/mrdoob/three.js/issues/26326
mrdoob/three.js,26325,render,WebGPURenderer:,https://github.com/mrdoob/three.js/issues/26325
mrdoob/three.js,26306,render,WebGLRenderer:,https://github.com/mrdoob/three.js/issues/26306
mrdoob/three.js,26304,render,WebGPURenderer:,https://github.com/mrdoob/three.js/issues/26304
mrdoob/three.js,26299,render,WebGLRenderer:,https://github.com/mrdoob/three.js/issues/26299
mrdoob/three.js,26295,render,WebGPURenderer:,https://github.com/mrdoob/three.js/issues/26295
mrdoob/three.js,26293,render,WebGLRenderer:,https://github.com/mrdoob/three.js/issues/26293
mrdoob/three.js,26268,mesh,MeshSurfaceSampler:,https://github.com/mrdoob/three.js/issues/26268
mrdoob/three.js,26262,model,OculusHandPointerModel:,https://github.com/mrdoob/three.js/issues/26262
mrdoob/three.js,26253,texture,CanvasTexture,https://github.com/mrdoob/three.js/issues/26253
mrdoob/three.js,26249,render,WebGLRenderer:,https://github.com/mrdoob/three.js/issues/26249
mrdoob/three.js,26235,raycast,Raycast,https://github.com/mrdoob/three.js/issues/26235
mrdoob/three.js,26233,render,WebGPURenderer,https://github.com/mrdoob/three.js/issues/26233
mrdoob/three.js,26231,material,NodeMaterial:,https://github.com/mrdoob/three.js/issues/26231
mrdoob/three.js,26227,material,NodeMaterial:,https://github.com/mrdoob/three.js/issues/26227
mrdoob/three.js,26225,render,WebGLRender,https://github.com/mrdoob/three.js/issues/26225
mrdoob/three.js,26219,mesh,MeshSurfaceSampler:,https://github.com/mrdoob/three.js/issues/26219
mrdoob/three.js,26211,render,WebGPURenderer,https://github.com/mrdoob/three.js/issues/26211
mrdoob/three.js,26207,mesh,MeshSurfaceSampler:,https://github.com/mrdoob/three.js/issues/26207
mrdoob/three.js,26199,render,TAARenderPass:,https://github.com/mrdoob/three.js/issues/26199
mrdoob/three.js,26196,render,WebGPURenderer:,https://github.com/mrdoob/three.js/issues/26196
mrdoob/three.js,26187,render,`renderer.toneMapping`,https://github.com/mrdoob/three.js/issues/26187
mrdoob/three.js,26186,render,WebGPURenderer:,https://github.com/mrdoob/three.js/issues/26186
mrdoob/three.js,26183,texture,Texture:,https://github.com/mrdoob/three.js/issues/26183
mrdoob/three.js,26178,render,SSAARenderPass:,https://github.com/mrdoob/three.js/issues/26178
mrdoob/three.js,26177,render,WebGLRenderer:,https://github.com/mrdoob/three.js/issues/26177
mrdoob/three.js,26172,material,Material:,https://github.com/mrdoob/three.js/issues/26172
mrdoob/three.js,26162,texture,CubeTextureLoader:,https://github.com/mrdoob/three.js/issues/26162
mrdoob/three.js,26160,render,WebGLRenderer:,https://github.com/mrdoob/three.js/issues/26160
mrdoob/three.js,26152,render,WebGPURenderer:,https://github.com/mrdoob/three.js/issues/26152
mrdoob/three.js,26142,render,WebGPURenderer:,https://github.com/mrdoob/three.js/issues/26142
mrdoob/three.js,26138,render,WebGLRenderer:,https://github.com/mrdoob/three.js/issues/26138
mrdoob/three.js,26131,render,WebGLRenderer:,https://github.com/mrdoob/three.js/issues/26131
mrdoob/three.js,26128,render,WebGLRenderer:,https://github.com/mrdoob/three.js/issues/26128
mrdoob/three.js,26127,sprite;sprites,Sprites,https://github.com/mrdoob/three.js/issues/26127
mrdoob/three.js,26057,render,WebGPURenderer:,https://github.com/mrdoob/three.js/issues/26057
mrdoob/three.js,26046,render,WebGPURenderer:,https://github.com/mrdoob/three.js/issues/26046
mrdoob/three.js,26027,texture,FramebufferTexture:,https://github.com/mrdoob/three.js/issues/26027
mrdoob/three.js,26022,render,WebGPURenderer:,https://github.com/mrdoob/three.js/issues/26022
mrdoob/three.js,26016,render,WebGPURenderer:,https://github.com/mrdoob/three.js/issues/26016
mrdoob/three.js,26006,render,WebGPURenderer:,https://github.com/mrdoob/three.js/issues/26006
mrdoob/three.js,25997,render,WebGPURenderer,https://github.com/mrdoob/three.js/issues/25997
mrdoob/three.js,25987,render,WebGPURenderer:,https://github.com/mrdoob/three.js/issues/25987
mrdoob/three.js,25974,render,WebGLRenderer:,https://github.com/mrdoob/three.js/issues/25974
mrdoob/three.js,25973,mesh,InstancedMesh/SkinnedMesh:,https://github.com/mrdoob/three.js/issues/25973
mrdoob/three.js,25971,mesh,Mesh:,https://github.com/mrdoob/three.js/issues/25971
mrdoob/three.js,25970,mesh,MeshSurfaceSampler:,https://github.com/mrdoob/three.js/issues/25970
mrdoob/three.js,25964,render,WebGPURenderer:,https://github.com/mrdoob/three.js/issues/25964
mrdoob/three.js,25960,mesh,SkinnedMesh+InstancedMesh:,https://github.com/mrdoob/three.js/issues/25960
mrdoob/three.js,25959,render,WebGLRenderer:,https://github.com/mrdoob/three.js/issues/25959
mrdoob/three.js,25958,texture,DepthTexture:,https://github.com/mrdoob/three.js/issues/25958
mrdoob/three.js,25957,mesh,SkinnedMesh:,https://github.com/mrdoob/three.js/issues/25957
mrdoob/three.js,25954,mesh,SkinnedMesh:,https://github.com/mrdoob/three.js/issues/25954
mrdoob/three.js,25937,render,WebGLRenderer:,https://github.com/mrdoob/three.js/issues/25937
mrdoob/three.js,25930,mesh,HTMLMesh:,https://github.com/mrdoob/three.js/issues/25930
mrdoob/three.js,25927,mesh,HTMLMesh:,https://github.com/mrdoob/three.js/issues/25927
mrdoob/three.js,25924,render,WebGPURenderer:,https://github.com/mrdoob/three.js/issues/25924
mrdoob/three.js,25916,mesh,HTMLMesh:,https://github.com/mrdoob/three.js/issues/25916
mrdoob/three.js,25913,render,WebGLRenderer:,https://github.com/mrdoob/three.js/issues/25913
mrdoob/three.js,25904,render,WebGPURenderer:,https://github.com/mrdoob/three.js/issues/25904
mrdoob/three.js,25903,render,WebGPURenderer:,https://github.com/mrdoob/three.js/issues/25903
mrdoob/three.js,25897,sprite,CSS3DSprite,https://github.com/mrdoob/three.js/issues/25897
mrdoob/three.js,25891,material,MaterialLoader:,https://github.com/mrdoob/three.js/issues/25891
mrdoob/three.js,25890,texture;textures,WebGPUTextures:,https://github.com/mrdoob/three.js/issues/25890
mrdoob/three.js,25886,texture;textures,WebGPUTextures:,https://github.com/mrdoob/three.js/issues/25886
mrdoob/three.js,25885,render,WebGPURenderer:,https://github.com/mrdoob/three.js/issues/25885
mrdoob/three.js,25878,render,WebGPURenderer:,https://github.com/mrdoob/three.js/issues/25878
mrdoob/three.js,25876,texture;textures,WebGPUTextures:,https://github.com/mrdoob/three.js/issues/25876
mrdoob/three.js,25875,render,WebGPURenderer:,https://github.com/mrdoob/three.js/issues/25875
mrdoob/three.js,25872,material;mesh,MeshPhongMaterial:,https://github.com/mrdoob/three.js/issues/25872
mrdoob/three.js,25865,texture;textures,WebGPUTextures:,https://github.com/mrdoob/three.js/issues/25865
mrdoob/three.js,25864,texture;textures,WebGPUTextures:,https://github.com/mrdoob/three.js/issues/25864
mrdoob/three.js,25863,shadowmap;webglshadowmap,WebGLShadowMap:,https://github.com/mrdoob/three.js/issues/25863
mrdoob/three.js,25862,material;materials,materials,https://github.com/mrdoob/three.js/issues/25862
mrdoob/three.js,25861,material,NodeMaterial.fromMaterial():,https://github.com/mrdoob/three.js/issues/25861
mrdoob/three.js,25860,material,NodeMaterial:,https://github.com/mrdoob/three.js/issues/25860
mrdoob/three.js,25857,material,Material:,https://github.com/mrdoob/three.js/issues/25857
mrdoob/three.js,25856,texture,HDRCubeTextureLoader:,https://github.com/mrdoob/three.js/issues/25856
mrdoob/three.js,25848,render,0.150.0以上版本，使用CSS3DRenderer时，在ios下无法展示dom，pc及安卓正常,https://github.com/mrdoob/three.js/issues/25848
mrdoob/three.js,25847,shadowmap;webglshadowmap,WebGLShadowMap:,https://github.com/mrdoob/three.js/issues/25847
mrdoob/three.js,25831,texture,TextureLoader,https://github.com/mrdoob/three.js/issues/25831
mrdoob/three.js,25822,render,WebGPURenderer:,https://github.com/mrdoob/three.js/issues/25822
mrdoob/three.js,25821,texture;textures,WebGPUTextures:,https://github.com/mrdoob/three.js/issues/25821
mrdoob/three.js,25805,render,WebGLRenderTarget:,https://github.com/mrdoob/three.js/issues/25805
mrdoob/three.js,25803,render,WebGLMultipleRenderTargets:,https://github.com/mrdoob/three.js/issues/25803
mrdoob/three.js,25801,render,WebGPURenderer:,https://github.com/mrdoob/three.js/issues/25801
mrdoob/three.js,25791,mesh,SkinnedMesh:,https://github.com/mrdoob/three.js/issues/25791
mrdoob/three.js,25788,render,WebGLRenderer:,https://github.com/mrdoob/three.js/issues/25788
mrdoob/three.js,25785,render,WebGPURenderer:,https://github.com/mrdoob/three.js/issues/25785
mrdoob/three.js,25783,render,WebGLRenderer:,https://github.com/mrdoob/three.js/issues/25783
mrdoob/three.js,25773,render,WebGPURenderer:,https://github.com/mrdoob/three.js/issues/25773
mrdoob/three.js,25771,render;texture,Texture+WebGLRenderTarget:,https://github.com/mrdoob/three.js/issues/25771
mrdoob/three.js,25766,render,WebGPURenderer:,https://github.com/mrdoob/three.js/issues/25766
mrdoob/three.js,25756,render,WebGLRenderer:,https://github.com/mrdoob/three.js/issues/25756
mrdoob/three.js,25750,render,WebGPURenderer:,https://github.com/mrdoob/three.js/issues/25750
mrdoob/three.js,25733,render,WebGLRenderer:,https://github.com/mrdoob/three.js/issues/25733
mrdoob/three.js,25724,texture,VideoTexture:,https://github.com/mrdoob/three.js/issues/25724
mrdoob/three.js,25721,render,WebGLRenderer:,https://github.com/mrdoob/three.js/issues/25721
mrdoob/three.js,25720,material,ShaderMaterial:,https://github.com/mrdoob/three.js/issues/25720
mrdoob/three.js,25717,material,LineBasicMaterial:,https://github.com/mrdoob/three.js/issues/25717
mrdoob/three.js,25707,material,PointsMaterial:,https://github.com/mrdoob/three.js/issues/25707
mrdoob/three.js,25700,material;mesh,MeshStandardNodeMaterial:,https://github.com/mrdoob/three.js/issues/25700
mrdoob/three.js,25698,render,WebGPURenderer:,https://github.com/mrdoob/three.js/issues/25698
mrdoob/three.js,25695,material;mesh,MeshDistanceMaterial:,https://github.com/mrdoob/three.js/issues/25695
mrdoob/three.js,25688,material,shaderMaterial:,https://github.com/mrdoob/three.js/issues/25688
mrdoob/three.js,25679,render,WebGLRenderer:,https://github.com/mrdoob/three.js/issues/25679
mrdoob/three.js,25673,render,CSS2DRenderer:,https://github.com/mrdoob/three.js/issues/25673
mrdoob/three.js,25669,texture,Texture,https://github.com/mrdoob/three.js/issues/25669
mrdoob/three.js,25667,render,Renderer,https://github.com/mrdoob/three.js/issues/25667
mrdoob/three.js,25660,mesh,HTMLMesh:,https://github.com/mrdoob/three.js/issues/25660
mrdoob/three.js,25651,mesh,Mesh:,https://github.com/mrdoob/three.js/issues/25651
mrdoob/three.js,25638,render,Renderer,https://github.com/mrdoob/three.js/issues/25638
mrdoob/three.js,25618,render;rendering,Rendering,https://github.com/mrdoob/three.js/issues/25618
mrdoob/three.js,25612,mesh,SkinnedMesh:,https://github.com/mrdoob/three.js/issues/25612
mrdoob/three.js,25610,mesh,InstancedMesh,https://github.com/mrdoob/three.js/issues/25610
mrdoob/three.js,25606,mesh,InstancedMesh:,https://github.com/mrdoob/three.js/issues/25606
mrdoob/three.js,25599,render,WebGLRenderer:,https://github.com/mrdoob/three.js/issues/25599
mrdoob/three.js,25594,raycast,Raycaster,https://github.com/mrdoob/three.js/issues/25594
mrdoob/three.js,25591,mesh,InstancedMesh:,https://github.com/mrdoob/three.js/issues/25591
mrdoob/three.js,25586,mesh,SkinnedMesh:,https://github.com/mrdoob/three.js/issues/25586
mrdoob/three.js,25582,material,Material:,https://github.com/mrdoob/three.js/issues/25582
mrdoob/three.js,25579,mesh,InstancedMesh:,https://github.com/mrdoob/three.js/issues/25579
mrdoob/three.js,25566,raycast,Raycaster:,https://github.com/mrdoob/three.js/issues/25566
mrdoob/three.js,25533,texture,Texture:,https://github.com/mrdoob/three.js/issues/25533
mrdoob/three.js,25530,render,WebGPURenderer:,https://github.com/mrdoob/three.js/issues/25530
mrdoob/three.js,25527,render,WebGPURenderer:,https://github.com/mrdoob/three.js/issues/25527
mrdoob/three.js,25516,material,ShadowMaterial:,https://github.com/mrdoob/three.js/issues/25516
mrdoob/three.js,25515,material,ShadowMaterial:,https://github.com/mrdoob/three.js/issues/25515
mrdoob/three.js,25502,render,WebGLRenderer:,https://github.com/mrdoob/three.js/issues/25502
mrdoob/three.js,25494,render,WebGLRenderer:,https://github.com/mrdoob/three.js/issues/25494
mrdoob/three.js,25491,texture,Texture:,https://github.com/mrdoob/three.js/issues/25491
mrdoob/three.js,25486,render,WebGLRenderer:,https://github.com/mrdoob/three.js/issues/25486
mrdoob/three.js,25485,material;mesh,MeshPhysicalMaterial:,https://github.com/mrdoob/three.js/issues/25485
mrdoob/three.js,25436,render,WebGLRenderer:,https://github.com/mrdoob/three.js/issues/25436
mrdoob/three.js,25362,material,CreateMaterialColorAnimation(),https://github.com/mrdoob/three.js/issues/25362
mrdoob/three.js,25353,render;rendering,Rendering,https://github.com/mrdoob/three.js/issues/25353
mrdoob/three.js,25321,material,multiMaterial,https://github.com/mrdoob/three.js/issues/25321
mrdoob/three.js,25270,render,WebGLRenderer:,https://github.com/mrdoob/three.js/issues/25270
mrdoob/three.js,25262,texture,textureLoader,https://github.com/mrdoob/three.js/issues/25262
mrdoob/three.js,25258,render,WebGPURenderer:,https://github.com/mrdoob/three.js/issues/25258
mrdoob/three.js,25257,render,WebGPURenderer:,https://github.com/mrdoob/three.js/issues/25257
mrdoob/three.js,25253,texture,Texture,https://github.com/mrdoob/three.js/issues/25253
mrdoob/three.js,25228,shadowmap;webglshadowmap,WebGLShadowMap:,https://github.com/mrdoob/three.js/issues/25228
mrdoob/three.js,25221,shadowmap;webglshadowmap,WebGLShadowmap:,https://github.com/mrdoob/three.js/issues/25221
mrdoob/three.js,25217,material;mesh,MeshDepthMaterial,https://github.com/mrdoob/three.js/issues/25217
mrdoob/three.js,25215,material,NodeMaterial:,https://github.com/mrdoob/three.js/issues/25215
mrdoob/three.js,25204,render,WebGPURenderer:,https://github.com/mrdoob/three.js/issues/25204
mrdoob/three.js,25203,raycast,Instancing/raycast,https://github.com/mrdoob/three.js/issues/25203
mrdoob/three.js,25180,render,WebGLRenderer:,https://github.com/mrdoob/three.js/issues/25180
mrdoob/three.js,25178,mesh,Mesh:,https://github.com/mrdoob/three.js/issues/25178
mrdoob/three.js,25170,material,NodeMaterial,https://github.com/mrdoob/three.js/issues/25170
mrdoob/three.js,25165,material,Material:,https://github.com/mrdoob/three.js/issues/25165
mrdoob/three.js,25162,raycast,Raycaster,https://github.com/mrdoob/three.js/issues/25162
mrdoob/three.js,25150,render,WebGPURenderer:,https://github.com/mrdoob/three.js/issues/25150
mrdoob/three.js,25137,shadowmap;webglshadowmap,WebGLShadowMap:,https://github.com/mrdoob/three.js/issues/25137
mrdoob/three.js,25128,material,MMDToonMaterial:,https://github.com/mrdoob/three.js/issues/25128
mrdoob/three.js,25127,material,PackedPhongMaterial:,https://github.com/mrdoob/three.js/issues/25127
mrdoob/three.js,25110,texture,Texture:,https://github.com/mrdoob/three.js/issues/25110
mrdoob/three.js,25108,texture,Texture.toJSON:,https://github.com/mrdoob/three.js/issues/25108
mrdoob/three.js,25096,material;mesh,MeshDistanceMaterial:,https://github.com/mrdoob/three.js/issues/25096
mrdoob/three.js,25092,render,WebGLRenderer:,https://github.com/mrdoob/three.js/issues/25092
mrdoob/three.js,25091,shadowmap,webgl_shadowmap_pointlight:,https://github.com/mrdoob/three.js/issues/25091
mrdoob/three.js,25082,shadowmap;webglshadowmap,WebGLShadowMap:,https://github.com/mrdoob/three.js/issues/25082
mrdoob/three.js,25075,render,WebGPURenderer,https://github.com/mrdoob/three.js/issues/25075
mrdoob/three.js,25072,render,WebGPURenderer:,https://github.com/mrdoob/three.js/issues/25072
mrdoob/three.js,25068,texture;textures,WebGLTextures:,https://github.com/mrdoob/three.js/issues/25068
mrdoob/three.js,25062,mesh,`ShadowMesh`,https://github.com/mrdoob/three.js/issues/25062
mrdoob/three.js,25059,mesh,BatchedMesh,https://github.com/mrdoob/three.js/issues/25059
mrdoob/three.js,25004,material,`Material.setValues()`,https://github.com/mrdoob/three.js/issues/25004
mrdoob/three.js,25003,material,NodeMaterial:,https://github.com/mrdoob/three.js/issues/25003
mrdoob/three.js,25002,material,NodeMaterial:,https://github.com/mrdoob/three.js/issues/25002
mrdoob/three.js,25000,shadowmap;webglshadowmap,WebGLShadowMap:,https://github.com/mrdoob/three.js/issues/25000
mrdoob/three.js,24975,render,WebGLRenderer:,https://github.com/mrdoob/three.js/issues/24975
mrdoob/three.js,24959,material;mesh,MeshLambertMaterial,https://github.com/mrdoob/three.js/issues/24959
mrdoob/three.js,24898,material;materials,Materials,https://github.com/mrdoob/three.js/issues/24898
mrdoob/three.js,24890,material,customDistanceMaterial,https://github.com/mrdoob/three.js/issues/24890
mrdoob/three.js,24881,render,RenderPixelatedPass:,https://github.com/mrdoob/three.js/issues/24881
mrdoob/three.js,24867,render,WebGLRenderer:,https://github.com/mrdoob/three.js/issues/24867
mrdoob/three.js,24822,sprite;sprites,Sprites,https://github.com/mrdoob/three.js/issues/24822
mrdoob/three.js,24816,render,WebGLRenderer:,https://github.com/mrdoob/three.js/issues/24816
mrdoob/three.js,24811,render,WebGLRenderer,https://github.com/mrdoob/three.js/issues/24811
mrdoob/three.js,24809,render,WebGLRenderer,https://github.com/mrdoob/three.js/issues/24809
mrdoob/three.js,24799,model,Model,https://github.com/mrdoob/three.js/issues/24799
mrdoob/three.js,24798,material,Material.toJSON():,https://github.com/mrdoob/three.js/issues/24798
mrdoob/three.js,24797,material;mesh,MeshPhysicalMaterial,https://github.com/mrdoob/three.js/issues/24797
mrdoob/three.js,24781,mesh,HTMLMesh:,https://github.com/mrdoob/three.js/issues/24781
mrdoob/three.js,24779,mesh,HTMLMesh:,https://github.com/mrdoob/three.js/issues/24779
mrdoob/three.js,24771,material,Material,https://github.com/mrdoob/three.js/issues/24771
mrdoob/three.js,24757,texture,VideoTexture,https://github.com/mrdoob/three.js/issues/24757
mrdoob/three.js,24755,render,WebGPURenderer:,https://github.com/mrdoob/three.js/issues/24755
mrdoob/three.js,24753,texture;textures,WebGLTextures:,https://github.com/mrdoob/three.js/issues/24753
mrdoob/three.js,24749,mesh,InstancedMesh:,https://github.com/mrdoob/three.js/issues/24749
mrdoob/three.js,24747,render,WebGLRenderTarget:,https://github.com/mrdoob/three.js/issues/24747
mrdoob/three.js,24743,render,WebGLRenderer,https://github.com/mrdoob/three.js/issues/24743
mrdoob/three.js,24736,raycast,Raycasting:,https://github.com/mrdoob/three.js/issues/24736
mrdoob/three.js,24723,material,NodeMaterial:,https://github.com/mrdoob/three.js/issues/24723
mrdoob/three.js,24717,texture;textures,WebGLTextures:,https://github.com/mrdoob/three.js/issues/24717
mrdoob/three.js,24716,texture;textures,WebGLTextures,https://github.com/mrdoob/three.js/issues/24716
mrdoob/three.js,24689,texture;textures,WebGLTextures:,https://github.com/mrdoob/three.js/issues/24689
mrdoob/three.js,24679,texture,DataTexture3D,https://github.com/mrdoob/three.js/issues/24679
mrdoob/three.js,24671,render,WebGPURenderer:,https://github.com/mrdoob/three.js/issues/24671
mrdoob/three.js,24664,render,WebGLRenderer:,https://github.com/mrdoob/three.js/issues/24664
mrdoob/three.js,24650,mesh,HTMLMesh:,https://github.com/mrdoob/three.js/issues/24650
mrdoob/three.js,24627,mesh,MeshSurfaceSampler,https://github.com/mrdoob/three.js/issues/24627
mrdoob/three.js,24622,material;mesh,MeshPhysicalMaterial:,https://github.com/mrdoob/three.js/issues/24622
mrdoob/three.js,24618,render,renderer.setPixelRatio(window.devicePixelRatio);,https://github.com/mrdoob/three.js/issues/24618
mrdoob/three.js,24599,texture;textures,WebGLTextures:,https://github.com/mrdoob/three.js/issues/24599
mrdoob/three.js,24597,texture,VideoTexture,https://github.com/mrdoob/three.js/issues/24597
mrdoob/three.js,24584,blending,THREE.MultiplyBlending,https://github.com/mrdoob/three.js/issues/24584
mrdoob/three.js,24554,render,GPUComputationRenderer:,https://github.com/mrdoob/three.js/issues/24554
mrdoob/three.js,24546,mesh,HTMLMesh,https://github.com/mrdoob/three.js/issues/24546
mrdoob/three.js,24535,render,WebGLRenderLists:,https://github.com/mrdoob/three.js/issues/24535
mrdoob/three.js,24534,render,WebGLRenderStates:,https://github.com/mrdoob/three.js/issues/24534
mrdoob/three.js,24479,mesh,SkinnedMesh:,https://github.com/mrdoob/three.js/issues/24479
mrdoob/three.js,24477,raycast,Raycaster,https://github.com/mrdoob/three.js/issues/24477
mrdoob/three.js,24466,render,WebGLRenderer:,https://github.com/mrdoob/three.js/issues/24466
mrdoob/three.js,24456,raycast,Raycasting:,https://github.com/mrdoob/three.js/issues/24456
mrdoob/three.js,24452,material;mesh,MeshLambertMaterial:,https://github.com/mrdoob/three.js/issues/24452
mrdoob/three.js,24435,render,WebGLRenderer:,https://github.com/mrdoob/three.js/issues/24435
mrdoob/three.js,24433,render,WebGLRenderer:,https://github.com/mrdoob/three.js/issues/24433
mrdoob/three.js,24424,material,Material:,https://github.com/mrdoob/three.js/issues/24424
mrdoob/three.js,24414,render,GPUComputationRenderer:,https://github.com/mrdoob/three.js/issues/24414
mrdoob/three.js,24410,material;materials,NodeMaterials:,https://github.com/mrdoob/three.js/issues/24410
mrdoob/three.js,24383,render,WebGPURenderer:,https://github.com/mrdoob/three.js/issues/24383
mrdoob/three.js,24382,render,WebGPURenderer,https://github.com/mrdoob/three.js/issues/24382
mrdoob/three.js,24379,render,WebGPURenderer:,https://github.com/mrdoob/three.js/issues/24379
mrdoob/three.js,24373,render,WebGPURenderer:,https://github.com/mrdoob/three.js/issues/24373
mrdoob/three.js,24371,render,WebGPURenderer,https://github.com/mrdoob/three.js/issues/24371
mrdoob/three.js,24346,render,Renderers:,https://github.com/mrdoob/three.js/issues/24346
mrdoob/three.js,24345,texture,React16.8.6+Three0.142.0_DataTexture,https://github.com/mrdoob/three.js/issues/24345
mrdoob/three.js,24318,render,TAARenderPass:,https://github.com/mrdoob/three.js/issues/24318
mrdoob/three.js,24312,material,Material,https://github.com/mrdoob/three.js/issues/24312
mrdoob/three.js,24271,material,Material:,https://github.com/mrdoob/three.js/issues/24271
mrdoob/three.js,24270,material;materials,webgl_materials_envmaps_exr:,https://github.com/mrdoob/three.js/issues/24270
mrdoob/three.js,24268,transparency,Transparency,https://github.com/mrdoob/three.js/issues/24268
mrdoob/three.js,24247,render,WebGPURenderer:,https://github.com/mrdoob/three.js/issues/24247
mrdoob/three.js,24245,render,WebGLRenderer:,https://github.com/mrdoob/three.js/issues/24245
mrdoob/three.js,24239,render,"SSAARenderPass,",https://github.com/mrdoob/three.js/issues/24239
mrdoob/three.js,24238,material,MaterialLoader:,https://github.com/mrdoob/three.js/issues/24238
mrdoob/three.js,24237,material,Material:,https://github.com/mrdoob/three.js/issues/24237
mrdoob/three.js,24233,render,WebGPURenderer:,https://github.com/mrdoob/three.js/issues/24233
mrdoob/three.js,24223,shadowmap;webglshadowmap,WebGLShadowMap:,https://github.com/mrdoob/three.js/issues/24223
mrdoob/three.js,24213,render,WebGPURenderer:,https://github.com/mrdoob/three.js/issues/24213
mrdoob/three.js,24196,sprite,css3DSprite,https://github.com/mrdoob/three.js/issues/24196
mrdoob/three.js,24186,render,WebGPURenderer:,https://github.com/mrdoob/three.js/issues/24186
mrdoob/three.js,24179,render,WebGLRenderer:,https://github.com/mrdoob/three.js/issues/24179
mrdoob/three.js,24178,render,WebGLRenderer:,https://github.com/mrdoob/three.js/issues/24178
mrdoob/three.js,24165,render;rendering,Rendering,https://github.com/mrdoob/three.js/issues/24165
mrdoob/three.js,24162,material,`ShaderMaterial`,https://github.com/mrdoob/three.js/issues/24162
mrdoob/three.js,24161,render,WebGLRenderer.precision:,https://github.com/mrdoob/three.js/issues/24161
mrdoob/three.js,24158,material;sprite,SpriteNodeMaterial:,https://github.com/mrdoob/three.js/issues/24158
mrdoob/three.js,24144,shadowmap;webglshadowmap,WebGLShadowMap:,https://github.com/mrdoob/three.js/issues/24144
mrdoob/three.js,24141,render,WebGLMultipleRenderTargets:,https://github.com/mrdoob/three.js/issues/24141
mrdoob/three.js,24140,render,WebGLMultipleRenderTargets:,https://github.com/mrdoob/three.js/issues/24140
mrdoob/three.js,24136,material,Material:,https://github.com/mrdoob/three.js/issues/24136
mrdoob/three.js,24098,render,WebGPURenderer:,https://github.com/mrdoob/three.js/issues/24098
mrdoob/three.js,24096,material,NodeMaterial:,https://github.com/mrdoob/three.js/issues/24096
mrdoob/three.js,24095,texture;textures,WebGLTextures:,https://github.com/mrdoob/three.js/issues/24095
mrdoob/three.js,24091,render,WebGLRenderer:,https://github.com/mrdoob/three.js/issues/24091
mrdoob/three.js,24083,mesh,Mesh,https://github.com/mrdoob/three.js/issues/24083
mrdoob/three.js,24045,render,Render,https://github.com/mrdoob/three.js/issues/24045
mrdoob/three.js,24044,render,WebGLRenderer:,https://github.com/mrdoob/three.js/issues/24044
mrdoob/three.js,24043,mesh,HTMLMesh:,https://github.com/mrdoob/three.js/issues/24043
mrdoob/three.js,24039,material;materials,Materials,https://github.com/mrdoob/three.js/issues/24039
mrdoob/three.js,24030,mesh,HTMLMesh:,https://github.com/mrdoob/three.js/issues/24030
mrdoob/three.js,24021,render,WebGPURenderer:,https://github.com/mrdoob/three.js/issues/24021
mrdoob/three.js,24019,texture,DepthTexture:,https://github.com/mrdoob/three.js/issues/24019
mrdoob/three.js,24018,mesh;meshes,SkinnedMeshes,https://github.com/mrdoob/three.js/issues/24018
mrdoob/three.js,24002,render,WebGLRenderTarget:,https://github.com/mrdoob/three.js/issues/24002
mrdoob/three.js,24001,render,WebGLMultipleRenderTargets:,https://github.com/mrdoob/three.js/issues/24001
mrdoob/three.js,23997,render,WebGLRenderTarget:,https://github.com/mrdoob/three.js/issues/23997
mrdoob/three.js,23969,render,WebGLRenderer:,https://github.com/mrdoob/three.js/issues/23969
mrdoob/three.js,23943,model,Model,https://github.com/mrdoob/three.js/issues/23943
mrdoob/three.js,23941,texture,Texture,https://github.com/mrdoob/three.js/issues/23941
mrdoob/three.js,23939,material,Material:,https://github.com/mrdoob/three.js/issues/23939
mrdoob/three.js,23937,render,WebGLRenderer:,https://github.com/mrdoob/three.js/issues/23937
mrdoob/three.js,23936,render,WebGLRenderer:,https://github.com/mrdoob/three.js/issues/23936
mrdoob/three.js,23928,mesh,SkinnedMesh:,https://github.com/mrdoob/three.js/issues/23928
mrdoob/three.js,23921,model,Model,https://github.com/mrdoob/three.js/issues/23921
mrdoob/three.js,23915,material;mesh,`MeshNormalMaterial`,https://github.com/mrdoob/three.js/issues/23915
mrdoob/three.js,23912,mesh,face.getMesh(rhino.MeshType.Any),https://github.com/mrdoob/three.js/issues/23912
mrdoob/three.js,23885,render,WebGLRenderer:,https://github.com/mrdoob/three.js/issues/23885
mrdoob/three.js,23875,render;rendering,WebGLRenderingTarget:Resize,https://github.com/mrdoob/three.js/issues/23875
mrdoob/three.js,23872,material,NodeMaterial:,https://github.com/mrdoob/three.js/issues/23872
mrdoob/three.js,23869,material;mesh,MeshPhysicalMaterial:,https://github.com/mrdoob/three.js/issues/23869
mrdoob/three.js,23868,texture;textures,WebGLTextures:,https://github.com/mrdoob/three.js/issues/23868
mrdoob/three.js,23854,texture;textures,WebGLTextures:,https://github.com/mrdoob/three.js/issues/23854
mrdoob/three.js,23847,render,GPURenderer,https://github.com/mrdoob/three.js/issues/23847
mrdoob/three.js,23840,opacity,Opacity,https://github.com/mrdoob/three.js/issues/23840
mrdoob/three.js,23828,material,NodeMaterial:,https://github.com/mrdoob/three.js/issues/23828
mrdoob/three.js,23821,render,WebGL1Renderer,https://github.com/mrdoob/three.js/issues/23821
mrdoob/three.js,23808,texture;textures,WebGLTextures:,https://github.com/mrdoob/three.js/issues/23808
mrdoob/three.js,23801,material;mesh,MeshDepthMaterial:,https://github.com/mrdoob/three.js/issues/23801
mrdoob/three.js,23784,material;mesh,MeshVelocityMaterial:,https://github.com/mrdoob/three.js/issues/23784
mrdoob/three.js,23783,texture,DataTexture,https://github.com/mrdoob/three.js/issues/23783
mrdoob/three.js,23782,texture,VideoTexture:,https://github.com/mrdoob/three.js/issues/23782
mrdoob/three.js,23781,render,WebGLMultipleRenderTargets:,https://github.com/mrdoob/three.js/issues/23781
mrdoob/three.js,23754,material,Material:,https://github.com/mrdoob/three.js/issues/23754
mrdoob/three.js,23743,material,NodeMaterial:,https://github.com/mrdoob/three.js/issues/23743
mrdoob/three.js,23732,render,WebGLRenderTarget:,https://github.com/mrdoob/three.js/issues/23732
mrdoob/three.js,23727,render,WebGLRenderer:,https://github.com/mrdoob/three.js/issues/23727
mrdoob/three.js,23724,material,NodeMaterial:,https://github.com/mrdoob/three.js/issues/23724
mrdoob/three.js,23717,render,WebGLRenderer:,https://github.com/mrdoob/three.js/issues/23717
mrdoob/three.js,23713,material;materials,WebGLMaterials:,https://github.com/mrdoob/three.js/issues/23713
mrdoob/three.js,23707,material,NodeMaterial,https://github.com/mrdoob/three.js/issues/23707
mrdoob/three.js,23706,material,NodeMaterial,https://github.com/mrdoob/three.js/issues/23706
mrdoob/three.js,23700,render;rendering,Rendering,https://github.com/mrdoob/three.js/issues/23700
mrdoob/three.js,23694,render,WebGLRenderer,https://github.com/mrdoob/three.js/issues/23694
mrdoob/three.js,23692,texture,WebGLTexture:,https://github.com/mrdoob/three.js/issues/23692
mrdoob/three.js,23686,render,WebGLRenderer:,https://github.com/mrdoob/three.js/issues/23686
mrdoob/three.js,23682,material;mesh,MeshStandardMaterial:,https://github.com/mrdoob/three.js/issues/23682
mrdoob/three.js,23661,material;materials,Materials:,https://github.com/mrdoob/three.js/issues/23661
mrdoob/three.js,23657,mesh,HtmlMesh,https://github.com/mrdoob/three.js/issues/23657
mrdoob/three.js,23655,render;texture,WebGPUTextureRenderer:,https://github.com/mrdoob/three.js/issues/23655
mrdoob/three.js,23652,render,WebGPURenderStates:,https://github.com/mrdoob/three.js/issues/23652
mrdoob/three.js,23644,render,WebGLRenderer:,https://github.com/mrdoob/three.js/issues/23644
mrdoob/three.js,23637,texture,Texture:,https://github.com/mrdoob/three.js/issues/23637
mrdoob/three.js,23611,texture;textures,WebGLTextures:,https://github.com/mrdoob/three.js/issues/23611
mrdoob/three.js,23600,material,NodeMaterial:,https://github.com/mrdoob/three.js/issues/23600
mrdoob/three.js,23594,render,CSS2DRenderer:,https://github.com/mrdoob/three.js/issues/23594
mrdoob/three.js,23585,render,WebGLRenderer:,https://github.com/mrdoob/three.js/issues/23585
mrdoob/three.js,23560,material,NodeMaterial:,https://github.com/mrdoob/three.js/issues/23560
mrdoob/three.js,23555,render,WebGLRenderer.getContext,https://github.com/mrdoob/three.js/issues/23555
mrdoob/three.js,23547,render,WebGPURenderer:,https://github.com/mrdoob/three.js/issues/23547
mrdoob/three.js,23523,render,WebGLRenderer:,https://github.com/mrdoob/three.js/issues/23523
mrdoob/three.js,23521,render,Css3drenderer,https://github.com/mrdoob/three.js/issues/23521
mrdoob/three.js,23519,render,Css3drenderer,https://github.com/mrdoob/three.js/issues/23519
mrdoob/three.js,23504,render,WebGLRenderer:,https://github.com/mrdoob/three.js/issues/23504
mrdoob/three.js,23499,mesh,SkinnedMesh.clone,https://github.com/mrdoob/three.js/issues/23499
mrdoob/three.js,23495,render,WebGLRenderer:,https://github.com/mrdoob/three.js/issues/23495
mrdoob/three.js,23492,texture;textures,WebGLTextures:,https://github.com/mrdoob/three.js/issues/23492
mrdoob/three.js,23491,render,WebGLRenderer:,https://github.com/mrdoob/three.js/issues/23491
mrdoob/three.js,23486,material,Shadermaterial,https://github.com/mrdoob/three.js/issues/23486
mrdoob/three.js,23470,texture;textures,WebGLTextures:,https://github.com/mrdoob/three.js/issues/23470
mrdoob/three.js,23462,render,WebGLRenderTarget:,https://github.com/mrdoob/three.js/issues/23462
mrdoob/three.js,23458,render,css3DRender,https://github.com/mrdoob/three.js/issues/23458
mrdoob/three.js,23452,render,WebGLRenderer:,https://github.com/mrdoob/three.js/issues/23452
mrdoob/three.js,23450,render,WebGLRenderer:,https://github.com/mrdoob/three.js/issues/23450
mrdoob/three.js,23448,material;mesh,MeshPhysicalMaterial,https://github.com/mrdoob/three.js/issues/23448
mrdoob/three.js,23443,render,WebGLCubeRenderTarget:,https://github.com/mrdoob/three.js/issues/23443
mrdoob/three.js,23438,material,Material:,https://github.com/mrdoob/three.js/issues/23438
mrdoob/three.js,23436,texture;textures,WebGPUTextures:,https://github.com/mrdoob/three.js/issues/23436
mrdoob/three.js,23433,render,WebGLCubeRenderTarget:,https://github.com/mrdoob/three.js/issues/23433
mrdoob/three.js,23421,texture;textures,WebGLTextures:,https://github.com/mrdoob/three.js/issues/23421
mrdoob/three.js,23413,material,ShaderMaterial,https://github.com/mrdoob/three.js/issues/23413
mrdoob/three.js,23393,render,WebGPURenderer:,https://github.com/mrdoob/three.js/issues/23393
mrdoob/three.js,23381,mesh,HTMLMesh:,https://github.com/mrdoob/three.js/issues/23381
mrdoob/three.js,23372,render,WebGPURenderer's,https://github.com/mrdoob/three.js/issues/23372
mrdoob/three.js,23361,material,Material:,https://github.com/mrdoob/three.js/issues/23361
mrdoob/three.js,23360,render,CSS2DRenderer:,https://github.com/mrdoob/three.js/issues/23360
mrdoob/three.js,23353,texture,Texture,https://github.com/mrdoob/three.js/issues/23353
mrdoob/three.js,23327,mesh,HTMLMesh:,https://github.com/mrdoob/three.js/issues/23327
mrdoob/three.js,23326,texture,HTMLTexture:,https://github.com/mrdoob/three.js/issues/23326
mrdoob/three.js,23323,texture,Texture:,https://github.com/mrdoob/three.js/issues/23323
mrdoob/three.js,23319,mesh,HTMLMesh,https://github.com/mrdoob/three.js/issues/23319
mrdoob/three.js,23314,material,NodeMaterial:,https://github.com/mrdoob/three.js/issues/23314
mrdoob/three.js,23313,raycast,Raycasting,https://github.com/mrdoob/three.js/issues/23313
mrdoob/three.js,23289,render,WebGLRenderer:,https://github.com/mrdoob/three.js/issues/23289
mrdoob/three.js,23288,render,WebGLRenderer:,https://github.com/mrdoob/three.js/issues/23288
mrdoob/three.js,23284,render;rendering,Rendering,https://github.com/mrdoob/three.js/issues/23284
mrdoob/three.js,23282,material,NodeMaterial:,https://github.com/mrdoob/three.js/issues/23282
mrdoob/three.js,23281,render;texture,render.copyTextureToTexture,https://github.com/mrdoob/three.js/issues/23281
mrdoob/three.js,23274,texture;textures,WebGLTextures:,https://github.com/mrdoob/three.js/issues/23274
mrdoob/three.js,23273,render,WebGPURenderer,https://github.com/mrdoob/three.js/issues/23273
mrdoob/three.js,23271,texture;textures,WebGLTextures:,https://github.com/mrdoob/three.js/issues/23271
mrdoob/three.js,23270,texture;textures,WebGLTextures:,https://github.com/mrdoob/three.js/issues/23270
mrdoob/three.js,23264,render,WebGLRenderer:,https://github.com/mrdoob/three.js/issues/23264
mrdoob/three.js,23259,material,ShaderMaterial,https://github.com/mrdoob/three.js/issues/23259
mrdoob/three.js,23253,render,WebGLRenderer:,https://github.com/mrdoob/three.js/issues/23253
mrdoob/three.js,23252,texture,Texture:,https://github.com/mrdoob/three.js/issues/23252
mrdoob/three.js,23237,render,WebGLRenderTarget:,https://github.com/mrdoob/three.js/issues/23237
mrdoob/three.js,23234,render,WebGLRenderTarget,https://github.com/mrdoob/three.js/issues/23234
mrdoob/three.js,23230,render,WebGLRenderer:,https://github.com/mrdoob/three.js/issues/23230
mrdoob/three.js,23228,texture,Texture:,https://github.com/mrdoob/three.js/issues/23228
mrdoob/three.js,23224,texture,TextureLoader,https://github.com/mrdoob/three.js/issues/23224
mrdoob/three.js,23223,texture,VideoTexture:,https://github.com/mrdoob/three.js/issues/23223
mrdoob/three.js,23216,material,NodeMaterial:,https://github.com/mrdoob/three.js/issues/23216
mrdoob/three.js,23215,material,NodeMaterial:,https://github.com/mrdoob/three.js/issues/23215
mrdoob/three.js,23214,material,NodeMaterial:,https://github.com/mrdoob/three.js/issues/23214
mrdoob/three.js,23213,render,WebGPURenderer:,https://github.com/mrdoob/three.js/issues/23213
mrdoob/three.js,23205,texture;textures,WebGPUTextures:,https://github.com/mrdoob/three.js/issues/23205
mrdoob/three.js,23198,opacity,Opacity,https://github.com/mrdoob/three.js/issues/23198
mrdoob/three.js,23196,texture;textures,Textures,https://github.com/mrdoob/three.js/issues/23196
mrdoob/three.js,23194,render,WebGLRenderer:,https://github.com/mrdoob/three.js/issues/23194
mrdoob/three.js,23190,display,Display,https://github.com/mrdoob/three.js/issues/23190
mrdoob/three.js,23184,render,WebGLRenderer:,https://github.com/mrdoob/three.js/issues/23184
mrdoob/three.js,23182,material,NodeMaterial:,https://github.com/mrdoob/three.js/issues/23182
mrdoob/three.js,23166,material,Material:,https://github.com/mrdoob/three.js/issues/23166
mrdoob/three.js,23154,render,WebGLRenderer:,https://github.com/mrdoob/three.js/issues/23154
mrdoob/three.js,23150,render,WebGLRenderer:,https://github.com/mrdoob/three.js/issues/23150
mrdoob/three.js,23129,render,WebGLRenderer:,https://github.com/mrdoob/three.js/issues/23129
mrdoob/three.js,23128,render,css3drender,https://github.com/mrdoob/three.js/issues/23128
mrdoob/three.js,23126,material;mesh,MeshMatcapMaterial:,https://github.com/mrdoob/three.js/issues/23126
mrdoob/three.js,23124,render,WebGLRenderer:,https://github.com/mrdoob/three.js/issues/23124
mrdoob/three.js,23123,texture,BasisTextureLoader:,https://github.com/mrdoob/three.js/issues/23123
mrdoob/three.js,23116,render,WebGLRenderer:,https://github.com/mrdoob/three.js/issues/23116
mrdoob/three.js,23115,raycast,Raycaster's,https://github.com/mrdoob/three.js/issues/23115
mrdoob/three.js,23080,render,WebGLRenderer:,https://github.com/mrdoob/three.js/issues/23080
mrdoob/three.js,23064,material,NodeMaterial:,https://github.com/mrdoob/three.js/issues/23064
mrdoob/three.js,23060,render,WebGLRenderer:,https://github.com/mrdoob/three.js/issues/23060
mrdoob/three.js,23054,material,PointsNodeMaterial,https://github.com/mrdoob/three.js/issues/23054
mrdoob/three.js,23049,render,WebGLRenderer:,https://github.com/mrdoob/three.js/issues/23049
mrdoob/three.js,23046,render,WebGLRenderer:,https://github.com/mrdoob/three.js/issues/23046
mrdoob/three.js,23010,render,WebGLRenderer:,https://github.com/mrdoob/three.js/issues/23010
mrdoob/three.js,22992,render,WebGLMultisampleRenderTarget:,https://github.com/mrdoob/three.js/issues/22992
mrdoob/three.js,22971,material;mesh,MeshPhysicalMaterial:,https://github.com/mrdoob/three.js/issues/22971
mrdoob/three.js,22964,render,CSS3DRenderer:,https://github.com/mrdoob/three.js/issues/22964
mrdoob/three.js,22958,material,NodeMaterial,https://github.com/mrdoob/three.js/issues/22958
mrdoob/three.js,22954,material,StandardMaterialEditor:,https://github.com/mrdoob/three.js/issues/22954
mrdoob/three.js,22952,render,WebGLRenderer:,https://github.com/mrdoob/three.js/issues/22952
mrdoob/three.js,22951,texture;textures,WebGLTextures:,https://github.com/mrdoob/three.js/issues/22951
mrdoob/three.js,22947,texture;textures,WebGLTextures:,https://github.com/mrdoob/three.js/issues/22947
mrdoob/three.js,22937,material,[FR]customDepthMaterial,https://github.com/mrdoob/three.js/issues/22937
mrdoob/three.js,22936,material,NodeMaterial:,https://github.com/mrdoob/three.js/issues/22936
mrdoob/three.js,22934,mesh,THREE.MeshLine,https://github.com/mrdoob/three.js/issues/22934
mrdoob/three.js,22930,material,NodeMaterial,https://github.com/mrdoob/three.js/issues/22930
mrdoob/three.js,22928,texture;textures,WebGLTextures:,https://github.com/mrdoob/three.js/issues/22928
mrdoob/three.js,22911,material;mesh,MeshToonMaterial:,https://github.com/mrdoob/three.js/issues/22911
mrdoob/three.js,22903,texture;textures,WebGLTextures:,https://github.com/mrdoob/three.js/issues/22903
mrdoob/three.js,22902,render,WebGLRenderer:,https://github.com/mrdoob/three.js/issues/22902
mrdoob/three.js,22901,material,NodeMaterial:,https://github.com/mrdoob/three.js/issues/22901
mrdoob/three.js,22891,texture;textures,WebGLTextures:,https://github.com/mrdoob/three.js/issues/22891
mrdoob/three.js,22878,material,NodeMaterial:,https://github.com/mrdoob/three.js/issues/22878
mrdoob/three.js,22870,texture,Texture:,https://github.com/mrdoob/three.js/issues/22870
mrdoob/three.js,22869,render,WebGPURenderer:,https://github.com/mrdoob/three.js/issues/22869
mrdoob/three.js,22868,material,NodeMaterial:,https://github.com/mrdoob/three.js/issues/22868
mrdoob/three.js,22864,texture,`CanvasTexture`,https://github.com/mrdoob/three.js/issues/22864
mrdoob/three.js,22846,texture,Texture:,https://github.com/mrdoob/three.js/issues/22846
mrdoob/three.js,22839,material;mesh,MeshPhysicalMaterial:,https://github.com/mrdoob/three.js/issues/22839
mrdoob/three.js,22837,material;mesh,MeshPhysicalMaterial:,https://github.com/mrdoob/three.js/issues/22837
mrdoob/three.js,22833,material,NodeMaterial:,https://github.com/mrdoob/three.js/issues/22833
mrdoob/three.js,22804,material,LineMaterial,https://github.com/mrdoob/three.js/issues/22804
mrdoob/three.js,22792,render,WebGLRenderer:,https://github.com/mrdoob/three.js/issues/22792
mrdoob/three.js,22790,texture,WebGLTexture:,https://github.com/mrdoob/three.js/issues/22790
mrdoob/three.js,22788,render,WebGLRenderer:,https://github.com/mrdoob/three.js/issues/22788
mrdoob/three.js,22772,render,WebGLMultipleRenderTargets:,https://github.com/mrdoob/three.js/issues/22772
mrdoob/three.js,22762,material;mesh,MeshPhysicalMaterial:,https://github.com/mrdoob/three.js/issues/22762
mrdoob/three.js,22759,render,WebGLRenderer:,https://github.com/mrdoob/three.js/issues/22759
mrdoob/three.js,22749,material,LineMaterial:,https://github.com/mrdoob/three.js/issues/22749
mrdoob/three.js,22726,material,LineMaterial:,https://github.com/mrdoob/three.js/issues/22726
mrdoob/three.js,22708,shadowmap;webglshadowmap,WebGLShadowMap:,https://github.com/mrdoob/three.js/issues/22708
mrdoob/three.js,22703,render,renderBufferDirect,https://github.com/mrdoob/three.js/issues/22703
mrdoob/three.js,22698,texture,Texture:,https://github.com/mrdoob/three.js/issues/22698
mrdoob/three.js,22687,material;mesh,MeshPhysicalMaterial:,https://github.com/mrdoob/three.js/issues/22687
mrdoob/three.js,22683,texture,VideoTexture,https://github.com/mrdoob/three.js/issues/22683
mrdoob/three.js,22667,mesh,InstancedSkinnedMesh,https://github.com/mrdoob/three.js/issues/22667
mrdoob/three.js,22665,render,WebGPURenderPipeline:,https://github.com/mrdoob/three.js/issues/22665
mrdoob/three.js,22662,material,NodeMaterial:,https://github.com/mrdoob/three.js/issues/22662
mrdoob/three.js,22655,material;mesh,MeshStandardMaterial,https://github.com/mrdoob/three.js/issues/22655
mrdoob/three.js,22652,texture;textures,Textures,https://github.com/mrdoob/three.js/issues/22652
mrdoob/three.js,22644,material,NodeMaterial:,https://github.com/mrdoob/three.js/issues/22644
mrdoob/three.js,22641,material,NodeMaterial:,https://github.com/mrdoob/three.js/issues/22641
mrdoob/three.js,22635,render,CSS2DRenderer,https://github.com/mrdoob/three.js/issues/22635
mrdoob/three.js,22634,render,CSS2DRenderer,https://github.com/mrdoob/three.js/issues/22634
mrdoob/three.js,22624,render,WebGLRenderer:,https://github.com/mrdoob/three.js/issues/22624
mrdoob/three.js,22619,render;rendering,Rendering,https://github.com/mrdoob/three.js/issues/22619
mrdoob/three.js,22603,material,NodeMaterial:,https://github.com/mrdoob/three.js/issues/22603
mrdoob/three.js,22598,material,Material:,https://github.com/mrdoob/three.js/issues/22598
mrdoob/three.js,22595,render,Prerender,https://github.com/mrdoob/three.js/issues/22595
mrdoob/three.js,22592,material,NodeMaterial:,https://github.com/mrdoob/three.js/issues/22592
mrdoob/three.js,22572,material,NodeMaterial:,https://github.com/mrdoob/three.js/issues/22572
mrdoob/three.js,22564,render,WebGLRenderer:,https://github.com/mrdoob/three.js/issues/22564
mrdoob/three.js,22554,material,NodeMaterial:,https://github.com/mrdoob/three.js/issues/22554
mrdoob/three.js,22552,material,MaterialLoader:createMaterial(),https://github.com/mrdoob/three.js/issues/22552
mrdoob/three.js,22551,render,WebGLRenderer:,https://github.com/mrdoob/three.js/issues/22551
mrdoob/three.js,22546,transparency,Transparency,https://github.com/mrdoob/three.js/issues/22546
mrdoob/three.js,22538,material,NodeMaterial:,https://github.com/mrdoob/three.js/issues/22538
mrdoob/three.js,22530,render,WebGLRenderer:,https://github.com/mrdoob/three.js/issues/22530
mrdoob/three.js,22518,material,NodeMaterial:,https://github.com/mrdoob/three.js/issues/22518
mrdoob/three.js,22509,material,NodeMaterial:,https://github.com/mrdoob/three.js/issues/22509
mrdoob/three.js,22501,texture,TextureNode:,https://github.com/mrdoob/three.js/issues/22501
mrdoob/three.js,22497,material,NodeMaterial:,https://github.com/mrdoob/three.js/issues/22497
mrdoob/three.js,22495,sprite,Sprite,https://github.com/mrdoob/three.js/issues/22495
mrdoob/three.js,22482,render,WebGPURenderer:,https://github.com/mrdoob/three.js/issues/22482
mrdoob/three.js,22481,material,ShadowMaterial:,https://github.com/mrdoob/three.js/issues/22481
mrdoob/three.js,22466,material;mesh,MeshPhysicalMaterial:,https://github.com/mrdoob/three.js/issues/22466
mrdoob/three.js,22465,material;mesh,MeshPhysicalMaterial:,https://github.com/mrdoob/three.js/issues/22465
mrdoob/three.js,22464,material;mesh,MeshPhysicalMaterial:,https://github.com/mrdoob/three.js/issues/22464
mrdoob/three.js,22463,material;mesh,MeshPhysicalMaterial:,https://github.com/mrdoob/three.js/issues/22463
mrdoob/three.js,22460,raycast,Raycaster:,https://github.com/mrdoob/three.js/issues/22460
mrdoob/three.js,22457,material;mesh,MeshPhysicalMaterial:,https://github.com/mrdoob/three.js/issues/22457
mrdoob/three.js,22456,material;mesh,MeshPhysicalMaterial:,https://github.com/mrdoob/three.js/issues/22456
mrdoob/three.js,22448,mesh,DisposableMesh,https://github.com/mrdoob/three.js/issues/22448
mrdoob/three.js,22443,material,Material:,https://github.com/mrdoob/three.js/issues/22443
mrdoob/three.js,22438,material,*Material:,https://github.com/mrdoob/three.js/issues/22438
mrdoob/three.js,22428,render,WebGLRenderer:,https://github.com/mrdoob/three.js/issues/22428
mrdoob/three.js,22427,material;materials,WebGLMaterials:,https://github.com/mrdoob/three.js/issues/22427
mrdoob/three.js,22426,render,WebGLRenderer:,https://github.com/mrdoob/three.js/issues/22426
mrdoob/three.js,22420,render,WebGPURenderer:,https://github.com/mrdoob/three.js/issues/22420
mrdoob/three.js,22418,render,WebGLRenderer,https://github.com/mrdoob/three.js/issues/22418
mrdoob/three.js,22417,material,NodeMaterial:,https://github.com/mrdoob/three.js/issues/22417
mrdoob/three.js,22410,shadowmap;webglshadowmap,WebGLShadowMap:,https://github.com/mrdoob/three.js/issues/22410
mrdoob/three.js,22403,render,Renderer:,https://github.com/mrdoob/three.js/issues/22403
mrdoob/three.js,22398,material,NodeMaterial:,https://github.com/mrdoob/three.js/issues/22398
mrdoob/three.js,22397,material;mesh,MeshLambertMaterial:,https://github.com/mrdoob/three.js/issues/22397
mrdoob/three.js,22395,render,WebGLRenderer:,https://github.com/mrdoob/three.js/issues/22395
mrdoob/three.js,22394,texture;textures,WebGLTextures:,https://github.com/mrdoob/three.js/issues/22394
mrdoob/three.js,22392,render,Render,https://github.com/mrdoob/three.js/issues/22392
mrdoob/three.js,22389,material;mesh,MeshPhysicalMaterial:,https://github.com/mrdoob/three.js/issues/22389
mrdoob/three.js,22381,material;mesh,MeshPhysicalMaterial:,https://github.com/mrdoob/three.js/issues/22381
mrdoob/three.js,22380,texture,VideoTexture,https://github.com/mrdoob/three.js/issues/22380
mrdoob/three.js,22379,material;mesh,MeshPhysicalMaterial:,https://github.com/mrdoob/three.js/issues/22379
mrdoob/three.js,22376,mesh,BatchedMesh:,https://github.com/mrdoob/three.js/issues/22376
mrdoob/three.js,22365,material;mesh,MeshPhysicalMaterial:,https://github.com/mrdoob/three.js/issues/22365
mrdoob/three.js,22351,render,WebGLRenderer:,https://github.com/mrdoob/three.js/issues/22351
mrdoob/three.js,22344,render,WebGLRenderTarget:,https://github.com/mrdoob/three.js/issues/22344
mrdoob/three.js,22343,material;mesh,MeshPhysicalMaterial:,https://github.com/mrdoob/three.js/issues/22343
mrdoob/three.js,22340,render,WebGLRenderer:,https://github.com/mrdoob/three.js/issues/22340
mrdoob/three.js,22336,material;mesh,MeshPhysicalMaterial:,https://github.com/mrdoob/three.js/issues/22336
mrdoob/three.js,22334,material;mesh,MeshPhysicalMaterial:,https://github.com/mrdoob/three.js/issues/22334
mrdoob/three.js,22331,material;mesh,MeshPhysicalMaterial:,https://github.com/mrdoob/three.js/issues/22331
mrdoob/three.js,22330,render,WebGPURenderer:,https://github.com/mrdoob/three.js/issues/22330
mrdoob/three.js,22319,material;mesh,MeshPhysicalMaterial:,https://github.com/mrdoob/three.js/issues/22319
mrdoob/three.js,22308,material;mesh,MeshStandardMaterial:,https://github.com/mrdoob/three.js/issues/22308
mrdoob/three.js,22301,material,NodeMaterial:,https://github.com/mrdoob/three.js/issues/22301
mrdoob/three.js,22293,render,WebGLRenderer:,https://github.com/mrdoob/three.js/issues/22293
mrdoob/three.js,22292,shadowmap;webglshadowmap,WebGLShadowMap:,https://github.com/mrdoob/three.js/issues/22292
mrdoob/three.js,22287,shadowmap;webglshadowmap,WebGLShadowMaps:,https://github.com/mrdoob/three.js/issues/22287
mrdoob/three.js,22280,render,WebGLRenderer:,https://github.com/mrdoob/three.js/issues/22280
mrdoob/three.js,22279,material;mesh,MeshPhysicalMaterial:,https://github.com/mrdoob/three.js/issues/22279
mrdoob/three.js,22278,material;mesh,MeshPhysicalMaterial:,https://github.com/mrdoob/three.js/issues/22278
mrdoob/three.js,22277,material;mesh,MeshNormalMaterial:,https://github.com/mrdoob/three.js/issues/22277
mrdoob/three.js,22275,render,WebGLRenderer:,https://github.com/mrdoob/three.js/issues/22275
mrdoob/three.js,22266,render,WebGLRenderer:,https://github.com/mrdoob/three.js/issues/22266
mrdoob/three.js,22264,material;mesh,MeshPhongMaterial:,https://github.com/mrdoob/three.js/issues/22264
mrdoob/three.js,22258,render,WebGLRenderer#compile,https://github.com/mrdoob/three.js/issues/22258
mrdoob/three.js,22250,material,NodeMaterial:,https://github.com/mrdoob/three.js/issues/22250
mrdoob/three.js,22248,material;mesh,MeshMatcapMaterial:,https://github.com/mrdoob/three.js/issues/22248
mrdoob/three.js,22244,render,WebGLRenderer:,https://github.com/mrdoob/three.js/issues/22244
mrdoob/three.js,22238,material;mesh,MeshPhysicalMaterial:,https://github.com/mrdoob/three.js/issues/22238
mrdoob/three.js,22236,render,WebGLRenderer:,https://github.com/mrdoob/three.js/issues/22236
mrdoob/three.js,22235,sprite,CSS3DSprite,https://github.com/mrdoob/three.js/issues/22235
mrdoob/three.js,22224,material;mesh,MeshPhysicalMaterial:,https://github.com/mrdoob/three.js/issues/22224
mrdoob/three.js,22220,render,WebGLRenderer:,https://github.com/mrdoob/three.js/issues/22220
mrdoob/three.js,22217,render,renderer.compile,https://github.com/mrdoob/three.js/issues/22217
mrdoob/three.js,22211,material;mesh,MeshPhysicalMaterial:,https://github.com/mrdoob/three.js/issues/22211
mrdoob/three.js,22210,render,WebGPURenderer:,https://github.com/mrdoob/three.js/issues/22210
mrdoob/three.js,22206,material;mesh,MeshPhysicalMaterial:,https://github.com/mrdoob/three.js/issues/22206
mrdoob/three.js,22203,mesh,InstancedMesh,https://github.com/mrdoob/three.js/issues/22203
mrdoob/three.js,22189,render,WebGLRenderer:,https://github.com/mrdoob/three.js/issues/22189
mrdoob/three.js,22185,render,WebGLRenderer:,https://github.com/mrdoob/three.js/issues/22185
mrdoob/three.js,22182,render,"WebGLRenderer,",https://github.com/mrdoob/three.js/issues/22182
mrdoob/three.js,22179,material,Material.fromMaterial,https://github.com/mrdoob/three.js/issues/22179
mrdoob/three.js,22178,render,WebGLRenderer:,https://github.com/mrdoob/three.js/issues/22178
mrdoob/three.js,22172,material,Material:,https://github.com/mrdoob/three.js/issues/22172
mrdoob/three.js,22170,mesh,InstancedMesh,https://github.com/mrdoob/three.js/issues/22170
mrdoob/three.js,22169,material,Material:,https://github.com/mrdoob/three.js/issues/22169
mrdoob/three.js,22166,material,Material:,https://github.com/mrdoob/three.js/issues/22166
mrdoob/three.js,22146,material;mesh,MeshStandardMaterial:,https://github.com/mrdoob/three.js/issues/22146
mrdoob/three.js,22128,render,WebGPURenderer:,https://github.com/mrdoob/three.js/issues/22128
mrdoob/three.js,22123,render,WebGLRenderer:,https://github.com/mrdoob/three.js/issues/22123
mrdoob/three.js,22106,render,CSSRenderers:,https://github.com/mrdoob/three.js/issues/22106
mrdoob/three.js,22098,mesh,HTMLMesh:,https://github.com/mrdoob/three.js/issues/22098
mrdoob/three.js,22093,mesh,HTMLMesh,https://github.com/mrdoob/three.js/issues/22093
mrdoob/three.js,22082,render,WebGLRenderer:,https://github.com/mrdoob/three.js/issues/22082
mrdoob/three.js,22078,render,WebGLMultisampleRenderTarget's,https://github.com/mrdoob/three.js/issues/22078
mrdoob/three.js,22072,texture;textures,WebGLTextures:,https://github.com/mrdoob/three.js/issues/22072
mrdoob/three.js,22068,mesh,Mesh:,https://github.com/mrdoob/three.js/issues/22068
mrdoob/three.js,22066,render,WebGLMultisampleRenderTarget:,https://github.com/mrdoob/three.js/issues/22066
mrdoob/three.js,22041,render,WebGLRenderer:,https://github.com/mrdoob/three.js/issues/22041
mrdoob/three.js,22034,render,WebGPURenderer:,https://github.com/mrdoob/three.js/issues/22034
mrdoob/three.js,22030,material,MaterialLoader:,https://github.com/mrdoob/three.js/issues/22030
mrdoob/three.js,22004,render,Render,https://github.com/mrdoob/three.js/issues/22004
mrdoob/three.js,22000,material;materials,Materials,https://github.com/mrdoob/three.js/issues/22000
mrdoob/three.js,21998,render,Render,https://github.com/mrdoob/three.js/issues/21998
mrdoob/three.js,21986,texture,copyTextureToTexture,https://github.com/mrdoob/three.js/issues/21986
mrdoob/three.js,21982,mesh,InstancedMesh,https://github.com/mrdoob/three.js/issues/21982
mrdoob/three.js,21967,render,WebGLRenderer:,https://github.com/mrdoob/three.js/issues/21967
mrdoob/three.js,21942,render;texture,WebGLRenderer.copyTextureToTexture3D(),https://github.com/mrdoob/three.js/issues/21942
mrdoob/three.js,21934,render,`readRenderTargetPixels`,https://github.com/mrdoob/three.js/issues/21934
mrdoob/three.js,21914,material;sprite,ShaderMaterial/SpriteMaterial,https://github.com/mrdoob/three.js/issues/21914
mrdoob/three.js,21911,material;mesh,MeshPhysicalMaterial,https://github.com/mrdoob/three.js/issues/21911
mrdoob/three.js,21902,material;mesh,MeshDepthMaterial:,https://github.com/mrdoob/three.js/issues/21902
mrdoob/three.js,21893,render,WebGLRenderer:,https://github.com/mrdoob/three.js/issues/21893
mrdoob/three.js,21879,render,WebGPURenderPipeline:,https://github.com/mrdoob/three.js/issues/21879
mrdoob/three.js,21877,material;mesh,MeshPhysicalMaterial:,https://github.com/mrdoob/three.js/issues/21877
mrdoob/three.js,21868,render,WebGPURenderer:,https://github.com/mrdoob/three.js/issues/21868
mrdoob/three.js,21823,render,CSS3DRenderer:,https://github.com/mrdoob/three.js/issues/21823
mrdoob/three.js,21804,material,Material:,https://github.com/mrdoob/three.js/issues/21804
mrdoob/three.js,21800,material,NodeMaterial:,https://github.com/mrdoob/three.js/issues/21800
mrdoob/three.js,21797,material,LineMaterial:,https://github.com/mrdoob/three.js/issues/21797
mrdoob/three.js,21795,sprite,CSS3DSprite,https://github.com/mrdoob/three.js/issues/21795
mrdoob/three.js,21793,material,NodeMaterial:,https://github.com/mrdoob/three.js/issues/21793
mrdoob/three.js,21788,material,Material:,https://github.com/mrdoob/three.js/issues/21788
mrdoob/three.js,21777,render,WebGLRenderer:,https://github.com/mrdoob/three.js/issues/21777
mrdoob/three.js,21774,render,WebGLRenderer:,https://github.com/mrdoob/three.js/issues/21774
mrdoob/three.js,21768,render,WebGPURenderPipelines:,https://github.com/mrdoob/three.js/issues/21768
mrdoob/three.js,21751,render,WebGPURenderPipelines:,https://github.com/mrdoob/three.js/issues/21751
mrdoob/three.js,21750,render,WebGPURenderer:,https://github.com/mrdoob/three.js/issues/21750
mrdoob/three.js,21745,material,Material,https://github.com/mrdoob/three.js/issues/21745
mrdoob/three.js,21744,render,WebGLRenderer,https://github.com/mrdoob/three.js/issues/21744
mrdoob/three.js,21741,render,WebGPURenderPipelines:,https://github.com/mrdoob/three.js/issues/21741
mrdoob/three.js,21735,render,SSAARenderPass,https://github.com/mrdoob/three.js/issues/21735
mrdoob/three.js,21734,render,WebGLRenderer:,https://github.com/mrdoob/three.js/issues/21734
mrdoob/three.js,21723,render,THREE.CSS3DRenderer,https://github.com/mrdoob/three.js/issues/21723
mrdoob/three.js,21719,render,WebGLRenderTarget:,https://github.com/mrdoob/three.js/issues/21719
mrdoob/three.js,21699,render,WebGPURenderer:,https://github.com/mrdoob/three.js/issues/21699
mrdoob/three.js,21672,material,ShaderMaterial,https://github.com/mrdoob/three.js/issues/21672
mrdoob/three.js,21633,texture,DataTexture2DArray/3D:,https://github.com/mrdoob/three.js/issues/21633
mrdoob/three.js,21626,material;materials,Materials:,https://github.com/mrdoob/three.js/issues/21626
mrdoob/three.js,21606,render,WebGLRenderer:,https://github.com/mrdoob/three.js/issues/21606
mrdoob/three.js,21602,render,WebGLRenderer:,https://github.com/mrdoob/three.js/issues/21602
mrdoob/three.js,21573,render,WebGLMultisampleRenderTarget:,https://github.com/mrdoob/three.js/issues/21573
mrdoob/three.js,21570,texture,WebGLTexture:,https://github.com/mrdoob/three.js/issues/21570
mrdoob/three.js,21569,render,WebGLMultisampleRenderTarget,https://github.com/mrdoob/three.js/issues/21569
mrdoob/three.js,21530,render,WebGLRenderer:,https://github.com/mrdoob/three.js/issues/21530
mrdoob/three.js,21529,render,WebGLRenderer:,https://github.com/mrdoob/three.js/issues/21529
mrdoob/three.js,21522,render,WebGLRenderer:,https://github.com/mrdoob/three.js/issues/21522
mrdoob/three.js,21507,mesh,InstancedMesh:,https://github.com/mrdoob/three.js/issues/21507
mrdoob/three.js,21486,mesh,InstancedMesh:,https://github.com/mrdoob/three.js/issues/21486
mrdoob/three.js,21472,render,WebGPURenderer:,https://github.com/mrdoob/three.js/issues/21472
mrdoob/three.js,21457,material;mesh,MeshLambertMaterial,https://github.com/mrdoob/three.js/issues/21457
mrdoob/three.js,21456,sprite,Sprite,https://github.com/mrdoob/three.js/issues/21456
mrdoob/three.js,21455,texture;textures,WebGLTextures.js:,https://github.com/mrdoob/three.js/issues/21455
mrdoob/three.js,21452,shadowmap;webglshadowmap,WebGLShadowMap:,https://github.com/mrdoob/three.js/issues/21452
mrdoob/three.js,21447,render,WebGLRenderer:,https://github.com/mrdoob/three.js/issues/21447
mrdoob/three.js,21444,material;materials;texture,webgl2_materials_texture3d,https://github.com/mrdoob/three.js/issues/21444
mrdoob/three.js,21443,render,WebGPURenderer:,https://github.com/mrdoob/three.js/issues/21443
mrdoob/three.js,21442,render,WebGLRenderer:,https://github.com/mrdoob/three.js/issues/21442
mrdoob/three.js,21428,material,Material:,https://github.com/mrdoob/three.js/issues/21428
mrdoob/three.js,21416,render,CSS2DRenderer:,https://github.com/mrdoob/three.js/issues/21416
mrdoob/three.js,21394,mesh,Mesh:,https://github.com/mrdoob/three.js/issues/21394
mrdoob/three.js,21383,material,Material:,https://github.com/mrdoob/three.js/issues/21383
mrdoob/three.js,21381,render,WebGPURenderer:,https://github.com/mrdoob/three.js/issues/21381
mrdoob/three.js,21367,render,WebGPURenderer:,https://github.com/mrdoob/three.js/issues/21367
mrdoob/three.js,21366,render,WebGPURenderer:,https://github.com/mrdoob/three.js/issues/21366
mrdoob/three.js,21363,material;materials,webgl_materials_envmaps_parallax.html,https://github.com/mrdoob/three.js/issues/21363
mrdoob/three.js,21362,render,WebGLRenderer:,https://github.com/mrdoob/three.js/issues/21362
mrdoob/three.js,21361,texture,TextureArray,https://github.com/mrdoob/three.js/issues/21361
mrdoob/three.js,21346,render,WebGPURenderPipelines:,https://github.com/mrdoob/three.js/issues/21346
mrdoob/three.js,21345,render,WebGPURenderer:,https://github.com/mrdoob/three.js/issues/21345
mrdoob/three.js,21336,render,WebGLRenderer:,https://github.com/mrdoob/three.js/issues/21336
mrdoob/three.js,21321,render,CSS3DRenderer,https://github.com/mrdoob/three.js/issues/21321
mrdoob/three.js,21320,raycast,RayCaster:,https://github.com/mrdoob/three.js/issues/21320
mrdoob/three.js,21319,material;mesh,MeshStandardMaterial:,https://github.com/mrdoob/three.js/issues/21319
mrdoob/three.js,21318,texture,TextureEncodingTest.gltf,https://github.com/mrdoob/three.js/issues/21318
mrdoob/three.js,21317,render,CSS3DRenderer:,https://github.com/mrdoob/three.js/issues/21317
mrdoob/three.js,21309,render,WebGLCubeRenderTarget:,https://github.com/mrdoob/three.js/issues/21309
mrdoob/three.js,21288,material,Material.side,https://github.com/mrdoob/three.js/issues/21288
mrdoob/three.js,21280,raycast,Raycaster:,https://github.com/mrdoob/three.js/issues/21280
mrdoob/three.js,21278,raycast,Raycaster.intersectObjects(),https://github.com/mrdoob/three.js/issues/21278
mrdoob/three.js,21265,material,MaterialLoader,https://github.com/mrdoob/three.js/issues/21265
mrdoob/three.js,21254,render,WebGLRenderLists:,https://github.com/mrdoob/three.js/issues/21254
mrdoob/three.js,21253,material,NodeMaterial:,https://github.com/mrdoob/three.js/issues/21253
mrdoob/three.js,21204,render,WebGLRenderer:,https://github.com/mrdoob/three.js/issues/21204
mrdoob/three.js,21200,material,Material:,https://github.com/mrdoob/three.js/issues/21200
mrdoob/three.js,21194,render,WebGPURenderer:,https://github.com/mrdoob/three.js/issues/21194
mrdoob/three.js,21193,mesh,SkinnedMesh:,https://github.com/mrdoob/three.js/issues/21193
mrdoob/three.js,21166,material,Material:,https://github.com/mrdoob/three.js/issues/21166
mrdoob/three.js,21161,mesh,Mesh:,https://github.com/mrdoob/three.js/issues/21161
mrdoob/three.js,21149,render,WebGPURenderer:,https://github.com/mrdoob/three.js/issues/21149
mrdoob/three.js,21139,render,WebGPURenderer:,https://github.com/mrdoob/three.js/issues/21139
mrdoob/three.js,21131,texture,BasisTextureLoader:,https://github.com/mrdoob/three.js/issues/21131
mrdoob/three.js,21130,texture,CubeTexturePass:,https://github.com/mrdoob/three.js/issues/21130
mrdoob/three.js,21121,material;mesh,Meshstandardmaterial,https://github.com/mrdoob/three.js/issues/21121
mrdoob/three.js,21120,texture,CanvasTexture,https://github.com/mrdoob/three.js/issues/21120
mrdoob/three.js,21117,render,WebGLRenderer:,https://github.com/mrdoob/three.js/issues/21117
mrdoob/three.js,21109,model,XRHandModelFactory:,https://github.com/mrdoob/three.js/issues/21109
mrdoob/three.js,21094,texture,BasisTextureLoader:,https://github.com/mrdoob/three.js/issues/21094
mrdoob/three.js,21073,render,WebGLRenderer:,https://github.com/mrdoob/three.js/issues/21073
mrdoob/three.js,21053,render,WebGLRenderTarget:,https://github.com/mrdoob/three.js/issues/21053
mrdoob/three.js,21028,mesh,InstancedMesh:,https://github.com/mrdoob/three.js/issues/21028
mrdoob/three.js,21027,mesh,InstancedMesh,https://github.com/mrdoob/three.js/issues/21027
mrdoob/three.js,20997,model;models,Models,https://github.com/mrdoob/three.js/issues/20997
mrdoob/three.js,20995,texture,CanvasTexture,https://github.com/mrdoob/three.js/issues/20995
mrdoob/three.js,20984,material,CSM.setupMaterial,https://github.com/mrdoob/three.js/issues/20984
mrdoob/three.js,20964,model,packLDrawModel:,https://github.com/mrdoob/three.js/issues/20964
mrdoob/three.js,20961,texture;textures,WebGLTextures:,https://github.com/mrdoob/three.js/issues/20961
mrdoob/three.js,20960,texture,cubeTexture,https://github.com/mrdoob/three.js/issues/20960
mrdoob/three.js,20910,render,WebGLRenderer:,https://github.com/mrdoob/three.js/issues/20910
mrdoob/three.js,20909,raycast,Raycaster:,https://github.com/mrdoob/three.js/issues/20909
mrdoob/three.js,20882,mesh,InstancedMesh,https://github.com/mrdoob/three.js/issues/20882
mrdoob/three.js,20875,mesh,SkinnedMesh:,https://github.com/mrdoob/three.js/issues/20875
mrdoob/three.js,20868,material;mesh,MeshStandardNodeMaterial,https://github.com/mrdoob/three.js/issues/20868
mrdoob/three.js,20859,render,WebGLRenderer:,https://github.com/mrdoob/three.js/issues/20859
mrdoob/three.js,20830,mesh;raycast,Mesh.raycast:,https://github.com/mrdoob/three.js/issues/20830
mrdoob/three.js,20818,render,WebGLRenderer:,https://github.com/mrdoob/three.js/issues/20818
mrdoob/three.js,20816,mesh,InstancedMesh:,https://github.com/mrdoob/three.js/issues/20816
mrdoob/three.js,20815,texture,CompressedTexture:,https://github.com/mrdoob/three.js/issues/20815
mrdoob/three.js,20800,texture,CompressedTextureLoader:,https://github.com/mrdoob/three.js/issues/20800
mrdoob/three.js,20794,material,NodeMaterial:,https://github.com/mrdoob/three.js/issues/20794
mrdoob/three.js,20768,render,SSAARenderPass,https://github.com/mrdoob/three.js/issues/20768
mrdoob/three.js,20747,render,Renderer:,https://github.com/mrdoob/three.js/issues/20747
mrdoob/three.js,20702,mesh,MeshSurfaceSampler:,https://github.com/mrdoob/three.js/issues/20702
mrdoob/three.js,20700,material;mesh,MeshStandardMaterial,https://github.com/mrdoob/three.js/issues/20700
mrdoob/three.js,20698,render,WebGLRenderer:,https://github.com/mrdoob/three.js/issues/20698
mrdoob/three.js,20697,raycast,THREE.Raycaster.intersectObject,https://github.com/mrdoob/three.js/issues/20697
mrdoob/three.js,20682,texture,TextureLoader,https://github.com/mrdoob/three.js/issues/20682
mrdoob/three.js,20681,render,SSAARenderPass,https://github.com/mrdoob/three.js/issues/20681
mrdoob/three.js,20673,material,Material:,https://github.com/mrdoob/three.js/issues/20673
mrdoob/three.js,20671,render,renderer.info.frame,https://github.com/mrdoob/three.js/issues/20671
mrdoob/three.js,20663,mesh,InstancedMesh:,https://github.com/mrdoob/three.js/issues/20663
mrdoob/three.js,20655,material,NodeMaterial:,https://github.com/mrdoob/three.js/issues/20655
mrdoob/three.js,20651,material;mesh,MeshBasicMaterial,https://github.com/mrdoob/three.js/issues/20651
mrdoob/three.js,20630,material,NodeMaterial:,https://github.com/mrdoob/three.js/issues/20630
mrdoob/three.js,20616,render,WebGLRenderer:,https://github.com/mrdoob/three.js/issues/20616
mrdoob/three.js,20593,material,LineMaterial:,https://github.com/mrdoob/three.js/issues/20593
mrdoob/three.js,20589,mesh,SkinnedMesh:,https://github.com/mrdoob/three.js/issues/20589
mrdoob/three.js,20588,texture,DataTexture,https://github.com/mrdoob/three.js/issues/20588
mrdoob/three.js,20587,render,WebGLRenderer:,https://github.com/mrdoob/three.js/issues/20587
mrdoob/three.js,20576,mesh,MeshSurfaceSampler:,https://github.com/mrdoob/three.js/issues/20576
mrdoob/three.js,20574,render,WebGPURenderer:,https://github.com/mrdoob/three.js/issues/20574
mrdoob/three.js,20561,material;mesh,MeshPhysicalMaterial,https://github.com/mrdoob/three.js/issues/20561
mrdoob/three.js,20560,texture,VideoTexture,https://github.com/mrdoob/three.js/issues/20560
mrdoob/three.js,20559,material,Multi-material,https://github.com/mrdoob/three.js/issues/20559
mrdoob/three.js,20554,render,WEBGLRenderer,https://github.com/mrdoob/three.js/issues/20554
mrdoob/three.js,20549,render,Renderer,https://github.com/mrdoob/three.js/issues/20549
mrdoob/three.js,20541,material,NodeMaterial:,https://github.com/mrdoob/three.js/issues/20541
mrdoob/three.js,20534,material,MaterialLoader:,https://github.com/mrdoob/three.js/issues/20534
mrdoob/three.js,20521,material,MaterialLoader:,https://github.com/mrdoob/three.js/issues/20521
mrdoob/three.js,20490,texture,CubeTexture:,https://github.com/mrdoob/three.js/issues/20490
mrdoob/three.js,20463,render,WebGLRenderer:,https://github.com/mrdoob/three.js/issues/20463
mrdoob/three.js,20450,render,WebGLRenderer:,https://github.com/mrdoob/three.js/issues/20450
mrdoob/three.js,20449,texture,VideoTexture:,https://github.com/mrdoob/three.js/issues/20449
mrdoob/three.js,20448,material;mesh,MeshPhysicalMaterial.aoMap,https://github.com/mrdoob/three.js/issues/20448
mrdoob/three.js,20432,render,isDirty/Culled/didRender,https://github.com/mrdoob/three.js/issues/20432
mrdoob/three.js,20422,render,WebGLRenderer:,https://github.com/mrdoob/three.js/issues/20422
mrdoob/three.js,20421,material,NodeMaterial:,https://github.com/mrdoob/three.js/issues/20421
mrdoob/three.js,20407,render,WebGPURenderer:,https://github.com/mrdoob/three.js/issues/20407
mrdoob/three.js,20400,texture,VideoTexture,https://github.com/mrdoob/three.js/issues/20400
mrdoob/three.js,20392,render,CSS3DRenderer,https://github.com/mrdoob/three.js/issues/20392
mrdoob/three.js,20371,render,renderToScreen,https://github.com/mrdoob/three.js/issues/20371
mrdoob/three.js,20370,texture,CompressedTextureLoader,https://github.com/mrdoob/three.js/issues/20370
mrdoob/three.js,20367,raycast,Raycasting,https://github.com/mrdoob/three.js/issues/20367
mrdoob/three.js,20365,raycast,Raycasting,https://github.com/mrdoob/three.js/issues/20365
mrdoob/three.js,20346,render,WebGLRenderer:,https://github.com/mrdoob/three.js/issues/20346
mrdoob/three.js,20330,render,WebGPURenderer:,https://github.com/mrdoob/three.js/issues/20330
mrdoob/three.js,20328,render,WebGLRenderTarget.copy,https://github.com/mrdoob/three.js/issues/20328
mrdoob/three.js,20325,render,readRenderTargetPixels,https://github.com/mrdoob/three.js/issues/20325
mrdoob/three.js,20322,material;mesh,MeshPhysicalMaterial:,https://github.com/mrdoob/three.js/issues/20322
mrdoob/three.js,20319,render,WebGPURenderer:,https://github.com/mrdoob/three.js/issues/20319
mrdoob/three.js,20309,texture,Videotexture,https://github.com/mrdoob/three.js/issues/20309
mrdoob/three.js,20298,render,WebGPURenderer:,https://github.com/mrdoob/three.js/issues/20298
mrdoob/three.js,20297,material,NodeMaterial:,https://github.com/mrdoob/three.js/issues/20297
mrdoob/three.js,20291,shadowmap;webglshadowmap,WebGLShadowMap:,https://github.com/mrdoob/three.js/issues/20291
mrdoob/three.js,20284,texture;textures,WebGPUTextures:,https://github.com/mrdoob/three.js/issues/20284
mrdoob/three.js,20281,render,WebGPURenderer:,https://github.com/mrdoob/three.js/issues/20281
mrdoob/three.js,20276,render,WebGPURenderer:,https://github.com/mrdoob/three.js/issues/20276
mrdoob/three.js,20275,render,WebGPURenderer:,https://github.com/mrdoob/three.js/issues/20275
mrdoob/three.js,20274,render,WebGPURenderer:,https://github.com/mrdoob/three.js/issues/20274
mrdoob/three.js,20272,render,WebGPURenderer:,https://github.com/mrdoob/three.js/issues/20272
mrdoob/three.js,20269,render,WebGPURenderer:,https://github.com/mrdoob/three.js/issues/20269
mrdoob/three.js,20268,render,WebGPURenderer:,https://github.com/mrdoob/three.js/issues/20268
mrdoob/three.js,20262,render,WebGPURenderer:,https://github.com/mrdoob/three.js/issues/20262
mrdoob/three.js,20257,texture;textures,WebGPUTextures:,https://github.com/mrdoob/three.js/issues/20257
mrdoob/three.js,20254,render,WebGPURenderer:,https://github.com/mrdoob/three.js/issues/20254
mrdoob/three.js,20249,material,NodeMaterial:,https://github.com/mrdoob/three.js/issues/20249
mrdoob/three.js,20248,material,NodeMaterial:,https://github.com/mrdoob/three.js/issues/20248
mrdoob/three.js,20247,texture,VideoTexture,https://github.com/mrdoob/three.js/issues/20247
mrdoob/three.js,20238,texture,videotexture,https://github.com/mrdoob/three.js/issues/20238
mrdoob/three.js,20232,material,NodeMaterial:,https://github.com/mrdoob/three.js/issues/20232
mrdoob/three.js,20231,material,NodeMaterial:,https://github.com/mrdoob/three.js/issues/20231
mrdoob/three.js,20225,texture,DataTextureLoader:,https://github.com/mrdoob/three.js/issues/20225
mrdoob/three.js,20213,material,NodeMaterial:,https://github.com/mrdoob/three.js/issues/20213
mrdoob/three.js,20182,render,WebGLCubeRenderTarget:,https://github.com/mrdoob/three.js/issues/20182
mrdoob/three.js,20181,render,WebGLRenderer:,https://github.com/mrdoob/three.js/issues/20181
mrdoob/three.js,20180,mesh,THREE.InstancedMesh:,https://github.com/mrdoob/three.js/issues/20180
mrdoob/three.js,20178,material;materials,WebGLMaterials:,https://github.com/mrdoob/three.js/issues/20178
mrdoob/three.js,20151,render,WebGLRenderer:,https://github.com/mrdoob/three.js/issues/20151
mrdoob/three.js,20144,raycast,Raycaster:,https://github.com/mrdoob/three.js/issues/20144
mrdoob/three.js,20135,render,WebGLRenderer:,https://github.com/mrdoob/three.js/issues/20135
mrdoob/three.js,20132,texture,Texture,https://github.com/mrdoob/three.js/issues/20132
mrdoob/three.js,20131,render,Render,https://github.com/mrdoob/three.js/issues/20131
mrdoob/three.js,20126,material,NodeMaterial:,https://github.com/mrdoob/three.js/issues/20126
mrdoob/three.js,20124,render,WebGLRenderer:,https://github.com/mrdoob/three.js/issues/20124
mrdoob/three.js,20123,render,WebGLRenderer:,https://github.com/mrdoob/three.js/issues/20123
mrdoob/three.js,20115,render,WebGLRenderer:,https://github.com/mrdoob/three.js/issues/20115
mrdoob/three.js,20113,render,WebGLCubeRenderTarget:,https://github.com/mrdoob/three.js/issues/20113
mrdoob/three.js,20101,render,renderers:,https://github.com/mrdoob/three.js/issues/20101
mrdoob/three.js,20100,material;materials,materials:,https://github.com/mrdoob/three.js/issues/20100
mrdoob/three.js,20097,render,WebGLRenderer:,https://github.com/mrdoob/three.js/issues/20097
mrdoob/three.js,20095,material,ShaderMaterial:,https://github.com/mrdoob/three.js/issues/20095
mrdoob/three.js,20085,render,WebGLRenderer:,https://github.com/mrdoob/three.js/issues/20085
mrdoob/three.js,20081,render,WebGLRenderer:,https://github.com/mrdoob/three.js/issues/20081
mrdoob/three.js,20078,render,WebGLRenderer:,https://github.com/mrdoob/three.js/issues/20078
mrdoob/three.js,20069,render,CSS3DRenderer:,https://github.com/mrdoob/three.js/issues/20069
mrdoob/three.js,20050,material,MaterialLoader:,https://github.com/mrdoob/three.js/issues/20050
mrdoob/three.js,20048,render,WebGLRenderer:,https://github.com/mrdoob/three.js/issues/20048
mrdoob/three.js,20035,render,WebGLCubeRenderTarget,https://github.com/mrdoob/three.js/issues/20035
mrdoob/three.js,20011,render,renderers:,https://github.com/mrdoob/three.js/issues/20011
mrdoob/three.js,20009,texture;textures,src/textures:,https://github.com/mrdoob/three.js/issues/20009
mrdoob/three.js,20005,material,ShaderMaterial:,https://github.com/mrdoob/three.js/issues/20005
mrdoob/three.js,20002,material;materials,materials:,https://github.com/mrdoob/three.js/issues/20002
mrdoob/three.js,19995,material;sprite,SpriteMaterial,https://github.com/mrdoob/three.js/issues/19995
mrdoob/three.js,19971,material,NodeMaterial:,https://github.com/mrdoob/three.js/issues/19971
mrdoob/three.js,19966,material,Material.d.ts:,https://github.com/mrdoob/three.js/issues/19966
mrdoob/three.js,19955,material,BasicNodeMaterial:,https://github.com/mrdoob/three.js/issues/19955
mrdoob/three.js,19947,mesh,InstancingMesh:,https://github.com/mrdoob/three.js/issues/19947
mrdoob/three.js,19931,render,WebGLCubeRenderTarget:,https://github.com/mrdoob/three.js/issues/19931
mrdoob/three.js,19927,shadowmap;webglshadowmap,WebGLShadowMap:,https://github.com/mrdoob/three.js/issues/19927
mrdoob/three.js,19926,render,WebGLRenderTarget:,https://github.com/mrdoob/three.js/issues/19926
mrdoob/three.js,19912,material;mesh;skinning,`MeshStandardMaterial().skinning,https://github.com/mrdoob/three.js/issues/19912
mrdoob/three.js,19909,material;materials,NodeMaterials:,https://github.com/mrdoob/three.js/issues/19909
mrdoob/three.js,19906,texture,VideoTexture:,https://github.com/mrdoob/three.js/issues/19906
mrdoob/three.js,19883,sprite;sprites,Sprites,https://github.com/mrdoob/three.js/issues/19883
mrdoob/three.js,19882,material;materials,WebGLMaterials:,https://github.com/mrdoob/three.js/issues/19882
mrdoob/three.js,19872,texture,'textureCubeLodEXT',https://github.com/mrdoob/three.js/issues/19872
mrdoob/three.js,19866,render,WebGLRenderer.setSize,https://github.com/mrdoob/three.js/issues/19866
mrdoob/three.js,19860,material,MaterialLoader:,https://github.com/mrdoob/three.js/issues/19860
mrdoob/three.js,19854,render,CSS3DRenderer,https://github.com/mrdoob/three.js/issues/19854
mrdoob/three.js,19851,render,WebGLRenderTarget:,https://github.com/mrdoob/three.js/issues/19851
mrdoob/three.js,19842,material,NodeMaterial:,https://github.com/mrdoob/three.js/issues/19842
mrdoob/three.js,19839,render,WebGLRenderer:,https://github.com/mrdoob/three.js/issues/19839
mrdoob/three.js,19836,material,ShaderMaterial:,https://github.com/mrdoob/three.js/issues/19836
mrdoob/three.js,19833,material,NodeMaterial:,https://github.com/mrdoob/three.js/issues/19833
mrdoob/three.js,19827,render,THREE.WebGLRenderer.readRenderTargetPixels:,https://github.com/mrdoob/three.js/issues/19827
mrdoob/three.js,19818,material,MaterialLoader:,https://github.com/mrdoob/three.js/issues/19818
mrdoob/three.js,19813,render,WebGLRenderer:,https://github.com/mrdoob/three.js/issues/19813
mrdoob/three.js,19805,material,BasicLineMaterial.lineWidth,https://github.com/mrdoob/three.js/issues/19805
mrdoob/three.js,19803,shadowmap;webglshadowmap,WebGLShadowMap:,https://github.com/mrdoob/three.js/issues/19803
mrdoob/three.js,19802,render,SVGRenderer:,https://github.com/mrdoob/three.js/issues/19802
mrdoob/three.js,19797,texture,BasisTextureLoader,https://github.com/mrdoob/three.js/issues/19797
mrdoob/three.js,19795,render,WebGLCubeRenderTarget:,https://github.com/mrdoob/three.js/issues/19795
mrdoob/three.js,19775,sprite,Sprite,https://github.com/mrdoob/three.js/issues/19775
mrdoob/three.js,19772,material,LineMaterial.js,https://github.com/mrdoob/three.js/issues/19772
mrdoob/three.js,19752,render,WebGLRenderer:,https://github.com/mrdoob/three.js/issues/19752
mrdoob/three.js,19745,render,WebGLRenderer:,https://github.com/mrdoob/three.js/issues/19745
mrdoob/three.js,19743,render,SVGRenderer.setSize,https://github.com/mrdoob/three.js/issues/19743
mrdoob/three.js,19732,render,SVGRenderer,https://github.com/mrdoob/three.js/issues/19732
mrdoob/three.js,19722,material;mesh,MeshToonMaterial:,https://github.com/mrdoob/three.js/issues/19722
mrdoob/three.js,19710,texture,copyTextureToTexture,https://github.com/mrdoob/three.js/issues/19710
mrdoob/three.js,19707,render,WebGLRenderer:,https://github.com/mrdoob/three.js/issues/19707
mrdoob/three.js,19695,render,WebGLRenderer:,https://github.com/mrdoob/three.js/issues/19695
mrdoob/three.js,19690,material;mesh,MeshPhysicalMaterial:,https://github.com/mrdoob/three.js/issues/19690
mrdoob/three.js,19681,material,ShadowMaterial:,https://github.com/mrdoob/three.js/issues/19681
mrdoob/three.js,19663,model,XRControllerModelFactory:,https://github.com/mrdoob/three.js/issues/19663
mrdoob/three.js,19661,mesh,MeshSurfaceSampler:,https://github.com/mrdoob/three.js/issues/19661
mrdoob/three.js,19645,render,WebGLRenderStates:,https://github.com/mrdoob/three.js/issues/19645
mrdoob/three.js,19634,render,WebGLRenderer:,https://github.com/mrdoob/three.js/issues/19634
mrdoob/three.js,19632,mesh,MeshSurfaceSampler,https://github.com/mrdoob/three.js/issues/19632
mrdoob/three.js,19620,render,WebGLRenderer:,https://github.com/mrdoob/three.js/issues/19620
mrdoob/three.js,19614,render,WebGLRenderer:,https://github.com/mrdoob/three.js/issues/19614
mrdoob/three.js,19606,render,WebGLRenderer:,https://github.com/mrdoob/three.js/issues/19606
mrdoob/three.js,19601,render,WebGLRenderer:,https://github.com/mrdoob/three.js/issues/19601
mrdoob/three.js,19598,render,WebGLRenderTarget:,https://github.com/mrdoob/three.js/issues/19598
mrdoob/three.js,19576,mesh,InstancedMesh,https://github.com/mrdoob/three.js/issues/19576
mrdoob/three.js,19564,render,WebGLRenderer,https://github.com/mrdoob/three.js/issues/19564
mrdoob/three.js,19563,render,WebGLRenderer,https://github.com/mrdoob/three.js/issues/19563
mrdoob/three.js,19541,texture,BasisTextureLoader:,https://github.com/mrdoob/three.js/issues/19541
mrdoob/three.js,19487,render,WebGLRenderer:,https://github.com/mrdoob/three.js/issues/19487
mrdoob/three.js,19477,render,onBeforeRender,https://github.com/mrdoob/three.js/issues/19477
mrdoob/three.js,19471,mesh,Mesh/Line/Points:,https://github.com/mrdoob/three.js/issues/19471
mrdoob/three.js,19455,mesh,InstancedMesh:,https://github.com/mrdoob/three.js/issues/19455
mrdoob/three.js,19451,render,WebGLRenderer:,https://github.com/mrdoob/three.js/issues/19451
mrdoob/three.js,19447,render,WebGLRenderTarget:,https://github.com/mrdoob/three.js/issues/19447
mrdoob/three.js,19419,mesh,SkinnedMesh.clone,https://github.com/mrdoob/three.js/issues/19419
mrdoob/three.js,19399,render,WebGLRenderTarget:,https://github.com/mrdoob/three.js/issues/19399
mrdoob/three.js,19389,material;mesh,MeshPhysicalMaterial:,https://github.com/mrdoob/three.js/issues/19389
mrdoob/three.js,19366,material,ShaderMaterial:,https://github.com/mrdoob/three.js/issues/19366
mrdoob/three.js,19364,raycast,raycaster.intersectObjects(),https://github.com/mrdoob/three.js/issues/19364
mrdoob/three.js,19356,model,Model,https://github.com/mrdoob/three.js/issues/19356
mrdoob/three.js,19341,render,ImmediateRenderObject:,https://github.com/mrdoob/three.js/issues/19341
mrdoob/three.js,19308,mesh,VolumeShader,https://github.com/mrdoob/three.js/issues/19308
mrdoob/three.js,19305,render,WebGLRenderer,https://github.com/mrdoob/three.js/issues/19305
mrdoob/three.js,19304,material;materials,WebGLMaterials,https://github.com/mrdoob/three.js/issues/19304
mrdoob/three.js,19292,render,WebGLRenderer:,https://github.com/mrdoob/three.js/issues/19292
mrdoob/three.js,19234,shadowmap;webglshadowmap,WebGLShadowMap:,https://github.com/mrdoob/three.js/issues/19234
mrdoob/three.js,19206,texture;textures,Textures:,https://github.com/mrdoob/three.js/issues/19206
mrdoob/three.js,19197,render,WebGLRenderer:,https://github.com/mrdoob/three.js/issues/19197
mrdoob/three.js,19178,mesh,SkinnedMesh:,https://github.com/mrdoob/three.js/issues/19178
mrdoob/three.js,19175,mesh,InstancedMesh:,https://github.com/mrdoob/three.js/issues/19175
mrdoob/three.js,19161,mesh;raycast,InstancedMesh.raycast,https://github.com/mrdoob/three.js/issues/19161
mrdoob/three.js,19129,render,WebGLRenderer:,https://github.com/mrdoob/three.js/issues/19129
mrdoob/three.js,19098,render,CSS3DRenderer:,https://github.com/mrdoob/three.js/issues/19098
mrdoob/three.js,19094,material,Per-material,https://github.com/mrdoob/three.js/issues/19094
mrdoob/three.js,19076,render,WebGLRenderer,https://github.com/mrdoob/three.js/issues/19076
mrdoob/three.js,19060,texture,Texture,https://github.com/mrdoob/three.js/issues/19060
mrdoob/three.js,19058,material,examples/LineMaterial:,https://github.com/mrdoob/three.js/issues/19058
mrdoob/three.js,19040,render,WebGLRenderer:,https://github.com/mrdoob/three.js/issues/19040
mrdoob/three.js,19019,render,WebGLRenderer:,https://github.com/mrdoob/three.js/issues/19019
mrdoob/three.js,19017,material;sprite,SpriteMaterial,https://github.com/mrdoob/three.js/issues/19017
mrdoob/three.js,19015,render,WebGLRenderer:,https://github.com/mrdoob/three.js/issues/19015
mrdoob/three.js,19014,material;mesh,MeshLambertMaterial:,https://github.com/mrdoob/three.js/issues/19014
mrdoob/three.js,19010,texture,Texture:,https://github.com/mrdoob/three.js/issues/19010
mrdoob/three.js,19008,render,Renderers:,https://github.com/mrdoob/three.js/issues/19008
mrdoob/three.js,18998,material;mesh,MeshMatcapMaterial:,https://github.com/mrdoob/three.js/issues/18998
mrdoob/three.js,18997,material;mesh,MeshBasicMaterial:,https://github.com/mrdoob/three.js/issues/18997
mrdoob/three.js,18992,material,Material:,https://github.com/mrdoob/three.js/issues/18992
mrdoob/three.js,18989,shadowmap;webglshadowmap,WebGLShadowMap:,https://github.com/mrdoob/three.js/issues/18989
mrdoob/three.js,18959,mesh,InstanceMesh,https://github.com/mrdoob/three.js/issues/18959
mrdoob/three.js,18955,mesh,InstanceMesh,https://github.com/mrdoob/three.js/issues/18955
mrdoob/three.js,18949,mesh,InstancedMesh,https://github.com/mrdoob/three.js/issues/18949
mrdoob/three.js,18941,texture,WebGLTexture:,https://github.com/mrdoob/three.js/issues/18941
mrdoob/three.js,18939,texture;textures,WebGLTextures:,https://github.com/mrdoob/three.js/issues/18939
mrdoob/three.js,18938,material;materials;mesh,MeshStandardMaterialSG,https://github.com/mrdoob/three.js/issues/18938
mrdoob/three.js,18906,texture;textures,WebGLTextures:,https://github.com/mrdoob/three.js/issues/18906
mrdoob/three.js,18905,texture;textures,WebGLTextures:,https://github.com/mrdoob/three.js/issues/18905
mrdoob/three.js,18904,texture;textures,WebGLTextures:,https://github.com/mrdoob/three.js/issues/18904
mrdoob/three.js,18876,render,WebGLMultisampleRenderTarget,https://github.com/mrdoob/three.js/issues/18876
mrdoob/three.js,18871,render;rendering,Rendering,https://github.com/mrdoob/three.js/issues/18871
mrdoob/three.js,18860,texture;textures,Depthtextures,https://github.com/mrdoob/three.js/issues/18860
mrdoob/three.js,18859,texture;textures,WebGLTextures:,https://github.com/mrdoob/three.js/issues/18859
mrdoob/three.js,18850,material,LineDashedMaterial:,https://github.com/mrdoob/three.js/issues/18850
mrdoob/three.js,18849,material,LineDashedMaterial:,https://github.com/mrdoob/three.js/issues/18849
mrdoob/three.js,18832,material;mesh,MeshMatcapMaterial,https://github.com/mrdoob/three.js/issues/18832
mrdoob/three.js,18831,material;mesh,MeshMatcapMaterial,https://github.com/mrdoob/three.js/issues/18831
mrdoob/three.js,18821,render;texture,WebGLRenderer.copyTextureToTexture(),https://github.com/mrdoob/three.js/issues/18821
mrdoob/three.js,18819,texture,OES_texture_float,https://github.com/mrdoob/three.js/issues/18819
mrdoob/three.js,18805,material,Material,https://github.com/mrdoob/three.js/issues/18805
mrdoob/three.js,18804,render,WebGLRenderer:,https://github.com/mrdoob/three.js/issues/18804
mrdoob/three.js,18798,material;mesh,MeshPhysicalMaterial:,https://github.com/mrdoob/three.js/issues/18798
mrdoob/three.js,18795,raycast,Raycaster:,https://github.com/mrdoob/three.js/issues/18795
mrdoob/three.js,18793,mesh,InstancedMesh:,https://github.com/mrdoob/three.js/issues/18793
mrdoob/three.js,18772,material,NodeMaterial:,https://github.com/mrdoob/three.js/issues/18772
mrdoob/three.js,18771,texture,CompressedTexture:,https://github.com/mrdoob/three.js/issues/18771
mrdoob/three.js,18769,material;mesh,MeshPhysicalMaterial:,https://github.com/mrdoob/three.js/issues/18769
mrdoob/three.js,18759,render,WebGLRenderer,https://github.com/mrdoob/three.js/issues/18759
mrdoob/three.js,18750,render,WebGLRenderer:,https://github.com/mrdoob/three.js/issues/18750
mrdoob/three.js,18748,render,RenderPass:,https://github.com/mrdoob/three.js/issues/18748
mrdoob/three.js,18746,render,WebGLRenderTarget,https://github.com/mrdoob/three.js/issues/18746
mrdoob/three.js,18737,texture,canvastexture,https://github.com/mrdoob/three.js/issues/18737
mrdoob/three.js,18736,render;texture,WebGLRenderer.copyTextureToTexture(),https://github.com/mrdoob/three.js/issues/18736
mrdoob/three.js,18719,texture,BasisTextureLoader,https://github.com/mrdoob/three.js/issues/18719
mrdoob/three.js,18706,material,MaterialLoader:,https://github.com/mrdoob/three.js/issues/18706
mrdoob/three.js,18705,material,MaterialLoader,https://github.com/mrdoob/three.js/issues/18705
mrdoob/three.js,18696,material;mesh,MeshDepthMaterial:,https://github.com/mrdoob/three.js/issues/18696
mrdoob/three.js,18694,raycast,Raycaster:,https://github.com/mrdoob/three.js/issues/18694
mrdoob/three.js,18681,render,WebGLRenderer:,https://github.com/mrdoob/three.js/issues/18681
mrdoob/three.js,18678,render,WebGLRenderer:,https://github.com/mrdoob/three.js/issues/18678
mrdoob/three.js,18677,material;mesh,MeshPhysicalMaterial:,https://github.com/mrdoob/three.js/issues/18677
mrdoob/three.js,18671,material;mesh,MeshToonMaterial:,https://github.com/mrdoob/three.js/issues/18671
mrdoob/three.js,18670,material;mesh,MeshToonMaterial,https://github.com/mrdoob/three.js/issues/18670
mrdoob/three.js,18661,model,XRControllerModelFactory:,https://github.com/mrdoob/three.js/issues/18661
mrdoob/three.js,18648,raycast,Raycaster:,https://github.com/mrdoob/three.js/issues/18648
mrdoob/three.js,18631,render,WebGLRenderer:,https://github.com/mrdoob/three.js/issues/18631
mrdoob/three.js,18627,render,WebGLRenderer:,https://github.com/mrdoob/three.js/issues/18627
mrdoob/three.js,18626,render,WebGLRenderer:,https://github.com/mrdoob/three.js/issues/18626
mrdoob/three.js,18614,material,Material:,https://github.com/mrdoob/three.js/issues/18614
mrdoob/three.js,18595,mesh,InstancedMesh:,https://github.com/mrdoob/three.js/issues/18595
mrdoob/three.js,18584,material,Material:,https://github.com/mrdoob/three.js/issues/18584
mrdoob/three.js,18581,texture,CompressedTexture:,https://github.com/mrdoob/three.js/issues/18581
mrdoob/three.js,18576,material,ShaderMaterial:,https://github.com/mrdoob/three.js/issues/18576
mrdoob/three.js,18526,mesh,GLTFLoader/SkinnedMesh:,https://github.com/mrdoob/three.js/issues/18526
mrdoob/three.js,18519,render,CSS2DRenderer:,https://github.com/mrdoob/three.js/issues/18519
mrdoob/three.js,18507,render,CSS3DRenderer.d.ts:,https://github.com/mrdoob/three.js/issues/18507
mrdoob/three.js,18497,mesh,InstancedMesh,https://github.com/mrdoob/three.js/issues/18497
mrdoob/three.js,18495,texture;textures,Textures,https://github.com/mrdoob/three.js/issues/18495
mrdoob/three.js,18473,render;rendering,Rendering,https://github.com/mrdoob/three.js/issues/18473
mrdoob/three.js,18464,mesh,InstancedMesh:,https://github.com/mrdoob/three.js/issues/18464
mrdoob/three.js,18439,material,NodeMaterial:,https://github.com/mrdoob/three.js/issues/18439
mrdoob/three.js,18438,render,WebGLRenderer:,https://github.com/mrdoob/three.js/issues/18438
mrdoob/three.js,18432,render,WebGLRenderTarget:,https://github.com/mrdoob/three.js/issues/18432
mrdoob/three.js,18415,render,WebGLRenderer:,https://github.com/mrdoob/three.js/issues/18415
mrdoob/three.js,18411,render,WebGLRenderLists:,https://github.com/mrdoob/three.js/issues/18411
mrdoob/three.js,18399,render,WebGLRenderer:,https://github.com/mrdoob/three.js/issues/18399
mrdoob/three.js,18395,render,WebGLRenderer:,https://github.com/mrdoob/three.js/issues/18395
mrdoob/three.js,18374,material,ShadowMaterial:,https://github.com/mrdoob/three.js/issues/18374
mrdoob/three.js,18368,texture;textures,WebGLTextures:,https://github.com/mrdoob/three.js/issues/18368
mrdoob/three.js,18364,material,NodeMaterial:,https://github.com/mrdoob/three.js/issues/18364
mrdoob/three.js,18355,material,Material,https://github.com/mrdoob/three.js/issues/18355
mrdoob/three.js,18354,render;rendering,Rendering,https://github.com/mrdoob/three.js/issues/18354
mrdoob/three.js,18352,raycast,Raycaster,https://github.com/mrdoob/three.js/issues/18352
mrdoob/three.js,18347,material,NodeMaterial,https://github.com/mrdoob/three.js/issues/18347
mrdoob/three.js,18342,material,overrideMaterial,https://github.com/mrdoob/three.js/issues/18342
mrdoob/three.js,18334,mesh,InstancedMesh:,https://github.com/mrdoob/three.js/issues/18334
mrdoob/three.js,18325,mesh,Mesh/Line/Points:,https://github.com/mrdoob/three.js/issues/18325
mrdoob/three.js,18304,shadowmap,shadowMap,https://github.com/mrdoob/three.js/issues/18304
mrdoob/three.js,18300,render,WebGLCubeRenderTarget:,https://github.com/mrdoob/three.js/issues/18300
mrdoob/three.js,18299,render,WebGLRenderer:,https://github.com/mrdoob/three.js/issues/18299
mrdoob/three.js,18286,render,WebGLRenderTargetCube,https://github.com/mrdoob/three.js/issues/18286
mrdoob/three.js,18279,render,WebGLRenderer:,https://github.com/mrdoob/three.js/issues/18279
mrdoob/three.js,18277,render,WebGLDeferredRenderer,https://github.com/mrdoob/three.js/issues/18277
mrdoob/three.js,18249,material,sky.material.uniforms,https://github.com/mrdoob/three.js/issues/18249
mrdoob/three.js,18232,material;materials,webgl_materials_envmaps_exr,https://github.com/mrdoob/three.js/issues/18232
mrdoob/three.js,18224,texture,CubeTexturePass:,https://github.com/mrdoob/three.js/issues/18224
mrdoob/three.js,18219,mesh,MeshSurfaceSampler:,https://github.com/mrdoob/three.js/issues/18219
mrdoob/three.js,18210,render,[GPUComputationRenderer],https://github.com/mrdoob/three.js/issues/18210
mrdoob/three.js,18183,mesh,MeshSurfaceSampler:,https://github.com/mrdoob/three.js/issues/18183
mrdoob/three.js,18175,render,WebGLRenderer:,https://github.com/mrdoob/three.js/issues/18175
mrdoob/three.js,18170,raycast,Raycaster,https://github.com/mrdoob/three.js/issues/18170
mrdoob/three.js,18168,texture,TextureNode:,https://github.com/mrdoob/three.js/issues/18168
mrdoob/three.js,18165,texture;textures,WebGLTextures:,https://github.com/mrdoob/three.js/issues/18165
mrdoob/three.js,18162,material,NodeMaterial:,https://github.com/mrdoob/three.js/issues/18162
mrdoob/three.js,18161,material,NodeMaterial:,https://github.com/mrdoob/three.js/issues/18161
mrdoob/three.js,18154,material;mesh,MeshStandardMaterial:,https://github.com/mrdoob/three.js/issues/18154
mrdoob/three.js,18151,material;mesh,MeshStandardMaterial,https://github.com/mrdoob/three.js/issues/18151
mrdoob/three.js,18145,render,CSS3DRenderer:,https://github.com/mrdoob/three.js/issues/18145
mrdoob/three.js,18144,render,CSS3DRenderer:,https://github.com/mrdoob/three.js/issues/18144
mrdoob/three.js,18134,texture,DataTexture2DArray,https://github.com/mrdoob/three.js/issues/18134
mrdoob/three.js,18127,render,WebGLRenderer:,https://github.com/mrdoob/three.js/issues/18127
mrdoob/three.js,18123,texture,BasisTextureLoader:,https://github.com/mrdoob/three.js/issues/18123
mrdoob/three.js,18108,render,WebGLRenderer:,https://github.com/mrdoob/three.js/issues/18108
mrdoob/three.js,18096,render;rendering,Rendering,https://github.com/mrdoob/three.js/issues/18096
mrdoob/three.js,18074,mesh,MeshSurfaceSampler:,https://github.com/mrdoob/three.js/issues/18074
mrdoob/three.js,18068,material,Material:,https://github.com/mrdoob/three.js/issues/18068
mrdoob/three.js,18067,render,WebGLRenderer:,https://github.com/mrdoob/three.js/issues/18067
mrdoob/three.js,18061,material,NodeMaterial:,https://github.com/mrdoob/three.js/issues/18061
mrdoob/three.js,18044,render,WebGLRenderer:,https://github.com/mrdoob/three.js/issues/18044
mrdoob/three.js,18041,mesh,Mesh:,https://github.com/mrdoob/three.js/issues/18041
mrdoob/three.js,18040,material;mesh,MeshPhongMaterial,https://github.com/mrdoob/three.js/issues/18040
mrdoob/three.js,18039,mesh,MeshSurfaceSampler:,https://github.com/mrdoob/three.js/issues/18039
mrdoob/three.js,18038,material,StandardNodeMaterial,https://github.com/mrdoob/three.js/issues/18038
mrdoob/three.js,18025,render,WebGLRenderer:,https://github.com/mrdoob/three.js/issues/18025
mrdoob/three.js,18017,render,renderer.vr,https://github.com/mrdoob/three.js/issues/18017
mrdoob/three.js,18003,material;mesh,MeshToonMaterial:,https://github.com/mrdoob/three.js/issues/18003
mrdoob/three.js,17998,material,Line2.material.clippingPlanes,https://github.com/mrdoob/three.js/issues/17998
mrdoob/three.js,17992,render,SVGRenderer:,https://github.com/mrdoob/three.js/issues/17992
mrdoob/three.js,17986,mesh,InstancedMesh:,https://github.com/mrdoob/three.js/issues/17986
mrdoob/three.js,17982,render,WebGLRenderer:,https://github.com/mrdoob/three.js/issues/17982
mrdoob/three.js,17974,texture;textures,CompressedTextures:,https://github.com/mrdoob/three.js/issues/17974
mrdoob/three.js,17972,shadowmap;vsmshadowmap,VSMShadowMap,https://github.com/mrdoob/three.js/issues/17972
mrdoob/three.js,17971,material,NodeMaterial,https://github.com/mrdoob/three.js/issues/17971
mrdoob/three.js,17968,material,Material:,https://github.com/mrdoob/three.js/issues/17968
mrdoob/three.js,17961,mesh,InstancedMesh:,https://github.com/mrdoob/three.js/issues/17961
mrdoob/three.js,17949,texture;textures,WebGLTextures:,https://github.com/mrdoob/three.js/issues/17949
mrdoob/three.js,17944,material;mesh,MeshPhysicalMaterial,https://github.com/mrdoob/three.js/issues/17944
mrdoob/three.js,17924,mesh,three.js/src/objects/InstancedMesh.d.ts,https://github.com/mrdoob/three.js/issues/17924
mrdoob/three.js,17918,material;mesh,MeshStandardMaterial,https://github.com/mrdoob/three.js/issues/17918
mrdoob/three.js,17906,mesh,InstancedMesh,https://github.com/mrdoob/three.js/issues/17906
mrdoob/three.js,17899,opacity,Opacity,https://github.com/mrdoob/three.js/issues/17899
mrdoob/three.js,17897,render,SVGRenderer,https://github.com/mrdoob/three.js/issues/17897
mrdoob/three.js,17843,render,CSS2DRenderer:,https://github.com/mrdoob/three.js/issues/17843
mrdoob/three.js,17828,mesh,Mesh:,https://github.com/mrdoob/three.js/issues/17828
mrdoob/three.js,17810,render,CSS3DRenderer:,https://github.com/mrdoob/three.js/issues/17810
mrdoob/three.js,17796,render,CSS3DRenderer:,https://github.com/mrdoob/three.js/issues/17796
mrdoob/three.js,17795,material,Material:,https://github.com/mrdoob/three.js/issues/17795
mrdoob/three.js,17775,material;materials,webgl_materials_channels,https://github.com/mrdoob/three.js/issues/17775
mrdoob/three.js,17774,texture,DataTextureLoader:,https://github.com/mrdoob/three.js/issues/17774
mrdoob/three.js,17761,render,Scene.onAfterRender,https://github.com/mrdoob/three.js/issues/17761
mrdoob/three.js,17747,render,WebGLRenderer:,https://github.com/mrdoob/three.js/issues/17747
mrdoob/three.js,17745,texture,DataTexture:,https://github.com/mrdoob/three.js/issues/17745
mrdoob/three.js,17731,texture,CubeTexture.needsUpdate,https://github.com/mrdoob/three.js/issues/17731
mrdoob/three.js,17723,material;mesh,THREE.MeshBasicMaterial:,https://github.com/mrdoob/three.js/issues/17723
mrdoob/three.js,17703,material,PointsMaterial:,https://github.com/mrdoob/three.js/issues/17703
mrdoob/three.js,17701,mesh,InstancedMesh's,https://github.com/mrdoob/three.js/issues/17701
mrdoob/three.js,17700,material;mesh,MeshPhysicalMaterial:,https://github.com/mrdoob/three.js/issues/17700
mrdoob/three.js,17697,render,WebGLRenderer:,https://github.com/mrdoob/three.js/issues/17697
mrdoob/three.js,17691,shadowmap;webglshadowmap,WebGLShadowMap:,https://github.com/mrdoob/three.js/issues/17691
mrdoob/three.js,17681,material,Material.d.ts:,https://github.com/mrdoob/three.js/issues/17681
mrdoob/three.js,17680,shadowmap;webglshadowmap,WebGLShadowMap:,https://github.com/mrdoob/three.js/issues/17680
mrdoob/three.js,17675,material;sprite,SpriteMaterial:,https://github.com/mrdoob/three.js/issues/17675
mrdoob/three.js,17656,mesh,InstancedMesh,https://github.com/mrdoob/three.js/issues/17656
mrdoob/three.js,17653,texture,Texture,https://github.com/mrdoob/three.js/issues/17653
mrdoob/three.js,17652,render,WebGLRenderer:,https://github.com/mrdoob/three.js/issues/17652
mrdoob/three.js,17639,mesh,InstancedMesh:,https://github.com/mrdoob/three.js/issues/17639
mrdoob/three.js,17632,material;sprite,SpriteMaterial+Water:,https://github.com/mrdoob/three.js/issues/17632
mrdoob/three.js,17622,texture,BasisTextureLoader:,https://github.com/mrdoob/three.js/issues/17622
mrdoob/three.js,17618,material,PointsMaterial,https://github.com/mrdoob/three.js/issues/17618
mrdoob/three.js,17615,material;materials,Materials,https://github.com/mrdoob/three.js/issues/17615
mrdoob/three.js,17614,material,Material:,https://github.com/mrdoob/three.js/issues/17614
mrdoob/three.js,17613,raycast,Raycasting,https://github.com/mrdoob/three.js/issues/17613
mrdoob/three.js,17597,texture,BasisTextureLoader:,https://github.com/mrdoob/three.js/issues/17597
mrdoob/three.js,17584,material,NodeMaterial,https://github.com/mrdoob/three.js/issues/17584
mrdoob/three.js,17578,texture,Texture:,https://github.com/mrdoob/three.js/issues/17578
mrdoob/three.js,17570,material,Material:,https://github.com/mrdoob/three.js/issues/17570
mrdoob/three.js,17567,material,Material:,https://github.com/mrdoob/three.js/issues/17567
mrdoob/three.js,17562,material,Material.d.ts,https://github.com/mrdoob/three.js/issues/17562
mrdoob/three.js,17555,material;mesh,MeshPhongMaterial.specular,https://github.com/mrdoob/three.js/issues/17555
mrdoob/three.js,17546,texture,BasisTextureLoader:,https://github.com/mrdoob/three.js/issues/17546
mrdoob/three.js,17529,material,NodeMaterial,https://github.com/mrdoob/three.js/issues/17529
mrdoob/three.js,17523,material,NodeMaterial:,https://github.com/mrdoob/three.js/issues/17523
mrdoob/three.js,17521,render,WebGLRenderer:,https://github.com/mrdoob/three.js/issues/17521
mrdoob/three.js,17518,material;mesh,MeshStandardNodeMaterial,https://github.com/mrdoob/three.js/issues/17518
mrdoob/three.js,17491,texture,DataTexture:,https://github.com/mrdoob/three.js/issues/17491
mrdoob/three.js,17473,shadowmap;vsmshadowmap,VSMShadowMap,https://github.com/mrdoob/three.js/issues/17473
mrdoob/three.js,17460,render,WebGLDeferredRenderer.d.ts:,https://github.com/mrdoob/three.js/issues/17460
mrdoob/three.js,17435,render,WebGLRenderer,https://github.com/mrdoob/three.js/issues/17435
mrdoob/three.js,17431,mesh;meshes,Meshes,https://github.com/mrdoob/three.js/issues/17431
mrdoob/three.js,17419,material,Material,https://github.com/mrdoob/three.js/issues/17419
mrdoob/three.js,17406,texture,DataTextureLoader:,https://github.com/mrdoob/three.js/issues/17406
mrdoob/three.js,17403,texture,CompressedTextureLoader:,https://github.com/mrdoob/three.js/issues/17403
mrdoob/three.js,17373,render,SVGRenderer:,https://github.com/mrdoob/three.js/issues/17373
mrdoob/three.js,17368,material,NodeMaterial,https://github.com/mrdoob/three.js/issues/17368
mrdoob/three.js,17338,texture,CompressedTextureLoader:,https://github.com/mrdoob/three.js/issues/17338
mrdoob/three.js,17337,texture,DataTextureLoader:,https://github.com/mrdoob/three.js/issues/17337
mrdoob/three.js,17335,texture,CubeTextureLoader:,https://github.com/mrdoob/three.js/issues/17335
mrdoob/three.js,17331,material,MaterialLoader:,https://github.com/mrdoob/three.js/issues/17331
mrdoob/three.js,17330,texture,TextureLoader:,https://github.com/mrdoob/three.js/issues/17330
mrdoob/three.js,17307,material,Material:,https://github.com/mrdoob/three.js/issues/17307
mrdoob/three.js,17290,texture,CubeTexture,https://github.com/mrdoob/three.js/issues/17290
mrdoob/three.js,17267,render,WebGLRenderer:,https://github.com/mrdoob/three.js/issues/17267
mrdoob/three.js,17265,material,NodeMaterial,https://github.com/mrdoob/three.js/issues/17265
mrdoob/three.js,17235,render,WebGLRenderer:,https://github.com/mrdoob/three.js/issues/17235
mrdoob/three.js,17215,material,NodeMaterial:,https://github.com/mrdoob/three.js/issues/17215
mrdoob/three.js,17212,material,Material,https://github.com/mrdoob/three.js/issues/17212
mrdoob/three.js,17209,material,Material.d.ts:,https://github.com/mrdoob/three.js/issues/17209
mrdoob/three.js,17206,material,Material:,https://github.com/mrdoob/three.js/issues/17206
mrdoob/three.js,17203,texture,texture.minFilter,https://github.com/mrdoob/three.js/issues/17203
mrdoob/three.js,17192,material;mesh,MeshNormalMaterial:,https://github.com/mrdoob/three.js/issues/17192
mrdoob/three.js,17190,material,NodeMaterial:,https://github.com/mrdoob/three.js/issues/17190
mrdoob/three.js,17178,raycast,raycaster,https://github.com/mrdoob/three.js/issues/17178
mrdoob/three.js,17175,material,Material,https://github.com/mrdoob/three.js/issues/17175
mrdoob/three.js,17167,material,NodeMaterial:,https://github.com/mrdoob/three.js/issues/17167
mrdoob/three.js,17166,shadowmap;webglshadowmap,WebGLShadowMap:,https://github.com/mrdoob/three.js/issues/17166
mrdoob/three.js,17164,stereo,StereoCamera:,https://github.com/mrdoob/three.js/issues/17164
mrdoob/three.js,17163,material,NodeMaterial:,https://github.com/mrdoob/three.js/issues/17163
mrdoob/three.js,17162,texture,Texture,https://github.com/mrdoob/three.js/issues/17162
mrdoob/three.js,17161,shadowmap;webglshadowmap,WebGLShadowMap,https://github.com/mrdoob/three.js/issues/17161
mrdoob/three.js,17114,material;mesh,MeshPhysicalMaterial:,https://github.com/mrdoob/three.js/issues/17114
mrdoob/three.js,17113,material;mesh,MeshStandardMaterial,https://github.com/mrdoob/three.js/issues/17113
mrdoob/three.js,17105,material,NodeMaterial,https://github.com/mrdoob/three.js/issues/17105
mrdoob/three.js,17090,material,ParticleCanvasMaterial,https://github.com/mrdoob/three.js/issues/17090
mrdoob/three.js,17078,raycast;sprite,Sprite.raycast,https://github.com/mrdoob/three.js/issues/17078
mrdoob/three.js,17074,render,WebGLRenderer:,https://github.com/mrdoob/three.js/issues/17074
mrdoob/three.js,17072,texture;textures,WebGLTextures:,https://github.com/mrdoob/three.js/issues/17072
mrdoob/three.js,17066,texture,TextureNode,https://github.com/mrdoob/three.js/issues/17066
mrdoob/three.js,17049,material,NodeMaterial:,https://github.com/mrdoob/three.js/issues/17049
mrdoob/three.js,17032,mesh,Mesh:,https://github.com/mrdoob/three.js/issues/17032
mrdoob/three.js,17018,render,WebGLRenderer.context,https://github.com/mrdoob/three.js/issues/17018
mrdoob/three.js,17016,texture,BasisTextureLoader:,https://github.com/mrdoob/three.js/issues/17016
mrdoob/three.js,17006,render,WebGLRenderer:,https://github.com/mrdoob/three.js/issues/17006
mrdoob/three.js,17001,texture,Texture,https://github.com/mrdoob/three.js/issues/17001
mrdoob/three.js,16982,render,WebGLRenderer:,https://github.com/mrdoob/three.js/issues/16982
mrdoob/three.js,16971,material;mesh,MeshPhysicalMaterial:,https://github.com/mrdoob/three.js/issues/16971
mrdoob/three.js,16964,material,LineMaterial,https://github.com/mrdoob/three.js/issues/16964
mrdoob/three.js,16946,texture,VideoTexture,https://github.com/mrdoob/three.js/issues/16946
mrdoob/three.js,16909,render,WebGLRenderer:,https://github.com/mrdoob/three.js/issues/16909
mrdoob/three.js,16892,shadowmap,Shadowmap,https://github.com/mrdoob/three.js/issues/16892
mrdoob/three.js,16878,material,NodeMaterial,https://github.com/mrdoob/three.js/issues/16878
mrdoob/three.js,16876,material,Material:,https://github.com/mrdoob/three.js/issues/16876
mrdoob/three.js,16821,render,WebGLRenderer:,https://github.com/mrdoob/three.js/issues/16821
mrdoob/three.js,16819,render,WebGLRenderTargetCube:,https://github.com/mrdoob/three.js/issues/16819
mrdoob/three.js,16800,texture;textures,Textures,https://github.com/mrdoob/three.js/issues/16800
mrdoob/three.js,16796,material,NodeMaterial,https://github.com/mrdoob/three.js/issues/16796
mrdoob/three.js,16781,texture;textures,WebGLTextures:,https://github.com/mrdoob/three.js/issues/16781
mrdoob/three.js,16769,texture;textures,WebGLTextures:,https://github.com/mrdoob/three.js/issues/16769
mrdoob/three.js,16718,texture,HDRCubeTextureLoader:,https://github.com/mrdoob/three.js/issues/16718
mrdoob/three.js,16686,texture,BasisTextureLoader:,https://github.com/mrdoob/three.js/issues/16686
mrdoob/three.js,16675,texture,BasisTextureLoader:,https://github.com/mrdoob/three.js/issues/16675
mrdoob/three.js,16671,render,WebGLRenderTargetCube:,https://github.com/mrdoob/three.js/issues/16671
mrdoob/three.js,16656,material,ShaderMaterial,https://github.com/mrdoob/three.js/issues/16656
mrdoob/three.js,16651,render,WebGLRenderTarget:,https://github.com/mrdoob/three.js/issues/16651
mrdoob/three.js,16648,texture;textures,WebGLTextures:,https://github.com/mrdoob/three.js/issues/16648
mrdoob/three.js,16634,material;mesh,MeshNormalMaterial:,https://github.com/mrdoob/three.js/issues/16634
mrdoob/three.js,16603,shadowmap;webglshadowmap,WebGLShadowMap:,https://github.com/mrdoob/three.js/issues/16603
mrdoob/three.js,16589,material,LineDashedMaterial,https://github.com/mrdoob/three.js/issues/16589
mrdoob/three.js,16584,texture,CubeTexture,https://github.com/mrdoob/three.js/issues/16584
mrdoob/three.js,16543,render,SVGRenderer:,https://github.com/mrdoob/three.js/issues/16543
mrdoob/three.js,16541,render,SVGRenderer:,https://github.com/mrdoob/three.js/issues/16541
mrdoob/three.js,16532,material;mesh,MeshStandardMaterial,https://github.com/mrdoob/three.js/issues/16532
mrdoob/three.js,16524,texture,BasisTextureLoader:,https://github.com/mrdoob/three.js/issues/16524
mrdoob/three.js,16507,texture,CubeTexture,https://github.com/mrdoob/three.js/issues/16507
mrdoob/three.js,16426,mesh,ShadowMesh,https://github.com/mrdoob/three.js/issues/16426
mrdoob/three.js,16375,material,NodeMaterial:,https://github.com/mrdoob/three.js/issues/16375
mrdoob/three.js,16371,render,WebGLRenderer:,https://github.com/mrdoob/three.js/issues/16371
mrdoob/three.js,16353,render,readRenderTargetPixels:,https://github.com/mrdoob/three.js/issues/16353
mrdoob/three.js,16352,shadowmap,ShadowMapViewer:,https://github.com/mrdoob/three.js/issues/16352
mrdoob/three.js,16334,material,PointsMaterial's,https://github.com/mrdoob/three.js/issues/16334
mrdoob/three.js,16333,raycast,Raycaster,https://github.com/mrdoob/three.js/issues/16333
mrdoob/three.js,16331,render,readRenderTargetPixels,https://github.com/mrdoob/three.js/issues/16331
mrdoob/three.js,16328,texture,CubeTexture,https://github.com/mrdoob/three.js/issues/16328
mrdoob/three.js,16327,material;mesh,MeshStandardMaterial,https://github.com/mrdoob/three.js/issues/16327
mrdoob/three.js,16286,render,WebGLRenderer:,https://github.com/mrdoob/three.js/issues/16286
mrdoob/three.js,16224,mesh,Mesh.copy(),https://github.com/mrdoob/three.js/issues/16224
mrdoob/three.js,16221,raycast,Raycaster,https://github.com/mrdoob/three.js/issues/16221
mrdoob/three.js,16193,mesh,Mesh,https://github.com/mrdoob/three.js/issues/16193
mrdoob/three.js,16181,material,Material/MaterialLoader:,https://github.com/mrdoob/three.js/issues/16181
mrdoob/three.js,16153,raycast,Raycaster,https://github.com/mrdoob/three.js/issues/16153
mrdoob/three.js,16102,render,WebGLRenderer:,https://github.com/mrdoob/three.js/issues/16102
mrdoob/three.js,16086,render,WebGLRenderer:,https://github.com/mrdoob/three.js/issues/16086
mrdoob/three.js,16085,render,WebGLRenderer.d.ts:,https://github.com/mrdoob/three.js/issues/16085
mrdoob/three.js,16084,render,WebGLRenderer:,https://github.com/mrdoob/three.js/issues/16084
mrdoob/three.js,16062,render,WebGLRenderLists.d.ts:,https://github.com/mrdoob/three.js/issues/16062
mrdoob/three.js,16047,raycast,Raycaster,https://github.com/mrdoob/three.js/issues/16047
mrdoob/three.js,16038,render,WebGLRenderList:,https://github.com/mrdoob/three.js/issues/16038
mrdoob/three.js,16031,raycast,Raycaster.intersectObjects,https://github.com/mrdoob/three.js/issues/16031
mrdoob/three.js,16020,render,WebGLRenderer:,https://github.com/mrdoob/three.js/issues/16020
mrdoob/three.js,15985,mesh,Mesh:,https://github.com/mrdoob/three.js/issues/15985
mrdoob/three.js,15948,material,Material,https://github.com/mrdoob/three.js/issues/15948
mrdoob/three.js,15942,render,WebGLRenderer:,https://github.com/mrdoob/three.js/issues/15942
mrdoob/three.js,15921,render,CSS2DRenderer:,https://github.com/mrdoob/three.js/issues/15921
mrdoob/three.js,15916,render,WebGLRenderer:,https://github.com/mrdoob/three.js/issues/15916
mrdoob/three.js,15914,render,WebGLRenderer:,https://github.com/mrdoob/three.js/issues/15914
mrdoob/three.js,15907,render,WebGLRenderer:,https://github.com/mrdoob/three.js/issues/15907
mrdoob/three.js,15900,texture;textures,WebGLTextures:,https://github.com/mrdoob/three.js/issues/15900
mrdoob/three.js,15882,texture,DataTexture,https://github.com/mrdoob/three.js/issues/15882
mrdoob/three.js,15870,render,WebGLDeferredRenderer:,https://github.com/mrdoob/three.js/issues/15870
mrdoob/three.js,15850,render;rendering,Rendering,https://github.com/mrdoob/three.js/issues/15850
mrdoob/three.js,15849,render,renderTarget,https://github.com/mrdoob/three.js/issues/15849
mrdoob/three.js,15838,render,RenderPass:,https://github.com/mrdoob/three.js/issues/15838
mrdoob/three.js,15808,render,WebGLRenderer:,https://github.com/mrdoob/three.js/issues/15808
mrdoob/three.js,15807,render,WebGLRenderer:,https://github.com/mrdoob/three.js/issues/15807
mrdoob/three.js,15806,render,WebGLRenderer:,https://github.com/mrdoob/three.js/issues/15806
mrdoob/three.js,15803,render,WebGLRenderer:,https://github.com/mrdoob/three.js/issues/15803
mrdoob/three.js,15796,render,WebGLRenderer:,https://github.com/mrdoob/three.js/issues/15796
mrdoob/three.js,15787,render,WebGLRenderer:,https://github.com/mrdoob/three.js/issues/15787
mrdoob/three.js,15786,render,WebGLRenderer:,https://github.com/mrdoob/three.js/issues/15786
mrdoob/three.js,15767,render;shadowmap,renderer.shadowMap.enabled,https://github.com/mrdoob/three.js/issues/15767
mrdoob/three.js,15762,render,readRenderTargetPixels,https://github.com/mrdoob/three.js/issues/15762
mrdoob/three.js,15757,texture,CubeTexture:,https://github.com/mrdoob/three.js/issues/15757
mrdoob/three.js,15702,render,WebGLRenderer:,https://github.com/mrdoob/three.js/issues/15702
mrdoob/three.js,15689,material,TRHEE.ShaderMaterial,https://github.com/mrdoob/three.js/issues/15689
mrdoob/three.js,15676,render,SVGRenderer:,https://github.com/mrdoob/three.js/issues/15676
mrdoob/three.js,15675,material,NodeMaterial,https://github.com/mrdoob/three.js/issues/15675
mrdoob/three.js,15674,material,NodeMaterial,https://github.com/mrdoob/three.js/issues/15674
mrdoob/three.js,15666,material,NodeMaterial:,https://github.com/mrdoob/three.js/issues/15666
mrdoob/three.js,15663,material,NodeMaterial,https://github.com/mrdoob/three.js/issues/15663
mrdoob/three.js,15646,mesh,Mesh:,https://github.com/mrdoob/three.js/issues/15646
mrdoob/three.js,15640,mesh,Mesh.drawMode,https://github.com/mrdoob/three.js/issues/15640
mrdoob/three.js,15614,render,WebGLRenderTarget,https://github.com/mrdoob/three.js/issues/15614
mrdoob/three.js,15613,mesh,Mesh:,https://github.com/mrdoob/three.js/issues/15613
mrdoob/three.js,15605,sprite,Sprite,https://github.com/mrdoob/three.js/issues/15605
mrdoob/three.js,15602,texture;textures,WebGLTextures:,https://github.com/mrdoob/three.js/issues/15602
mrdoob/three.js,15595,raycast,Raycaster,https://github.com/mrdoob/three.js/issues/15595
mrdoob/three.js,15581,render,WebGLRenderer:,https://github.com/mrdoob/three.js/issues/15581
mrdoob/three.js,15575,texture,CanvasTexture:,https://github.com/mrdoob/three.js/issues/15575
mrdoob/three.js,15571,render,WebGLRenderer:,https://github.com/mrdoob/three.js/issues/15571
mrdoob/three.js,15568,shadowmap;webglshadowmap,WebGLShadowMap:,https://github.com/mrdoob/three.js/issues/15568
mrdoob/three.js,15548,material;mesh,MeshBasicMaterial:,https://github.com/mrdoob/three.js/issues/15548
mrdoob/three.js,15546,material,ShaderMaterial:,https://github.com/mrdoob/three.js/issues/15546
mrdoob/three.js,15530,material;mesh,MeshLambertMaterial,https://github.com/mrdoob/three.js/issues/15530
mrdoob/three.js,15520,texture,Texture:,https://github.com/mrdoob/three.js/issues/15520
mrdoob/three.js,15514,render,WebGLRenderer:,https://github.com/mrdoob/three.js/issues/15514
mrdoob/three.js,15511,render,SVGRenderer:,https://github.com/mrdoob/three.js/issues/15511
mrdoob/three.js,15502,texture;textures,WebGLTextures:,https://github.com/mrdoob/three.js/issues/15502
mrdoob/three.js,15493,render,Render,https://github.com/mrdoob/three.js/issues/15493
mrdoob/three.js,15490,render,WebGLRenderTarget:,https://github.com/mrdoob/three.js/issues/15490
mrdoob/three.js,15484,render,WebGLRenderer:,https://github.com/mrdoob/three.js/issues/15484
mrdoob/three.js,15476,render,SVGRenderer,https://github.com/mrdoob/three.js/issues/15476
mrdoob/three.js,15466,material,ShaderMaterial,https://github.com/mrdoob/three.js/issues/15466
mrdoob/three.js,15465,material,ShaderMaterial.extensions,https://github.com/mrdoob/three.js/issues/15465
mrdoob/three.js,15463,mesh,Mesh:,https://github.com/mrdoob/three.js/issues/15463
mrdoob/three.js,15460,texture,TextureLoader,https://github.com/mrdoob/three.js/issues/15460
mrdoob/three.js,15454,raycast,Raycasting,https://github.com/mrdoob/three.js/issues/15454
mrdoob/three.js,15449,material,customDepthMaterial,https://github.com/mrdoob/three.js/issues/15449
mrdoob/three.js,15434,stereo,Stereo,https://github.com/mrdoob/three.js/issues/15434
mrdoob/three.js,15427,stereo,Stereo,https://github.com/mrdoob/three.js/issues/15427
mrdoob/three.js,15420,render,WebGLRenderer.render(),https://github.com/mrdoob/three.js/issues/15420
mrdoob/three.js,15413,mesh,SkinnedMesh/Skeleton:,https://github.com/mrdoob/three.js/issues/15413
mrdoob/three.js,15411,sprite,Sprite,https://github.com/mrdoob/three.js/issues/15411
mrdoob/three.js,15404,material,NodeMaterial:,https://github.com/mrdoob/three.js/issues/15404
mrdoob/three.js,15393,render,WebGLRenderTargets,https://github.com/mrdoob/three.js/issues/15393
mrdoob/three.js,15385,render,SoftwareRenderer:,https://github.com/mrdoob/three.js/issues/15385
mrdoob/three.js,15361,texture,VideoTexture,https://github.com/mrdoob/three.js/issues/15361
mrdoob/three.js,15314,mesh,SkinnedMesh:,https://github.com/mrdoob/three.js/issues/15314
mrdoob/three.js,15313,material;mesh,MeshMatcapMaterial,https://github.com/mrdoob/three.js/issues/15313
mrdoob/three.js,15303,mesh,SkinnedMesh:,https://github.com/mrdoob/three.js/issues/15303
mrdoob/three.js,15286,texture;textures,WebGLTextures:,https://github.com/mrdoob/three.js/issues/15286
mrdoob/three.js,15265,material;mesh,MeshMatcapMaterial:,https://github.com/mrdoob/three.js/issues/15265
mrdoob/three.js,15259,skinning,skinning,https://github.com/mrdoob/three.js/issues/15259
mrdoob/three.js,15248,texture;textures,WebGLTextures:,https://github.com/mrdoob/three.js/issues/15248
mrdoob/three.js,15244,material;mesh,MeshStandardMaterial,https://github.com/mrdoob/three.js/issues/15244
mrdoob/three.js,15236,render,WebGLRenderTarget:,https://github.com/mrdoob/three.js/issues/15236
mrdoob/three.js,15212,render,WebGLRenderer,https://github.com/mrdoob/three.js/issues/15212
mrdoob/three.js,15196,texture,copyFramebufferToTexture,https://github.com/mrdoob/three.js/issues/15196
mrdoob/three.js,15183,render,WebGLRenderLists,https://github.com/mrdoob/three.js/issues/15183
mrdoob/three.js,15178,texture,VideoTexture:,https://github.com/mrdoob/three.js/issues/15178
mrdoob/three.js,15175,material,"""materialLine""",https://github.com/mrdoob/three.js/issues/15175
mrdoob/three.js,15146,texture,Texture,https://github.com/mrdoob/three.js/issues/15146
mrdoob/three.js,15085,material,NodeMaterial,https://github.com/mrdoob/three.js/issues/15085
mrdoob/three.js,15058,material;sprite,SpriteMaterial,https://github.com/mrdoob/three.js/issues/15058
mrdoob/three.js,15047,render,WebGLRenderer:,https://github.com/mrdoob/three.js/issues/15047
mrdoob/three.js,15044,render,Render,https://github.com/mrdoob/three.js/issues/15044
mrdoob/three.js,15010,sprite,THREE.Sprite,https://github.com/mrdoob/three.js/issues/15010
mrdoob/three.js,15006,raycast,Raycasting,https://github.com/mrdoob/three.js/issues/15006
mrdoob/three.js,15004,texture,Texture,https://github.com/mrdoob/three.js/issues/15004
mrdoob/three.js,15001,mesh,Mesh.applyMatrix,https://github.com/mrdoob/three.js/issues/15001
mrdoob/three.js,14994,render,renderer.vr.enabled,https://github.com/mrdoob/three.js/issues/14994
mrdoob/three.js,14984,texture,CompressedTexture,https://github.com/mrdoob/three.js/issues/14984
mrdoob/three.js,14970,render,Object3D.onBeforeRender,https://github.com/mrdoob/three.js/issues/14970
mrdoob/three.js,14959,render;rendering,Rendering,https://github.com/mrdoob/three.js/issues/14959
mrdoob/three.js,14946,render,WebGLRenderer:,https://github.com/mrdoob/three.js/issues/14946
mrdoob/three.js,14934,raycast,Raycast,https://github.com/mrdoob/three.js/issues/14934
mrdoob/three.js,14919,material,NodeMaterial:,https://github.com/mrdoob/three.js/issues/14919
mrdoob/three.js,14916,raycast,Raycaster.setFromCamera,https://github.com/mrdoob/three.js/issues/14916
mrdoob/three.js,14873,texture,TextureLoader:,https://github.com/mrdoob/three.js/issues/14873
mrdoob/three.js,14868,raycast,Raycaster,https://github.com/mrdoob/three.js/issues/14868
mrdoob/three.js,14856,material,ShaderMaterial,https://github.com/mrdoob/three.js/issues/14856
mrdoob/three.js,14848,render,WebGLIndexedBufferRenderer.setIndex,https://github.com/mrdoob/three.js/issues/14848
mrdoob/three.js,14799,material;materials,Materials,https://github.com/mrdoob/three.js/issues/14799
mrdoob/three.js,14787,render;texture,WebGLRenderTarget.texture,https://github.com/mrdoob/three.js/issues/14787
mrdoob/three.js,14725,render,CanvasRenderer:,https://github.com/mrdoob/three.js/issues/14725
mrdoob/three.js,14722,material,StandardNodeMaterial's,https://github.com/mrdoob/three.js/issues/14722
mrdoob/three.js,14706,material,PointsMaterial:,https://github.com/mrdoob/three.js/issues/14706
mrdoob/three.js,14700,raycast,Raycaster,https://github.com/mrdoob/three.js/issues/14700
mrdoob/three.js,14697,material;mesh,MeshBasicMaterial,https://github.com/mrdoob/three.js/issues/14697
mrdoob/three.js,14693,material,ShaderMaterial:,https://github.com/mrdoob/three.js/issues/14693
mrdoob/three.js,14679,sprite,Sprite:,https://github.com/mrdoob/three.js/issues/14679
mrdoob/three.js,14673,material,Material,https://github.com/mrdoob/three.js/issues/14673
mrdoob/three.js,14632,shadowmap,examples/webgl_shadowmap.html,https://github.com/mrdoob/three.js/issues/14632
mrdoob/three.js,14624,sprite,Sprite:,https://github.com/mrdoob/three.js/issues/14624
mrdoob/three.js,14623,render,RENDER,https://github.com/mrdoob/three.js/issues/14623
mrdoob/three.js,14621,texture;textured,Textured,https://github.com/mrdoob/three.js/issues/14621
mrdoob/three.js,14608,raycast,webgl_octree_raycasting.html:,https://github.com/mrdoob/three.js/issues/14608
mrdoob/three.js,14598,material,ShaderMaterial:,https://github.com/mrdoob/three.js/issues/14598
mrdoob/three.js,14581,render,SoftwareRenderer:,https://github.com/mrdoob/three.js/issues/14581
mrdoob/three.js,14570,material;materials,Materials:,https://github.com/mrdoob/three.js/issues/14570
mrdoob/three.js,14553,texture,HDRCubeTextureLoader:,https://github.com/mrdoob/three.js/issues/14553
mrdoob/three.js,14539,material,Material.needsUpdate,https://github.com/mrdoob/three.js/issues/14539
mrdoob/three.js,14530,texture,Texture3d,https://github.com/mrdoob/three.js/issues/14530
mrdoob/three.js,14525,render,CanvasRenderer:,https://github.com/mrdoob/three.js/issues/14525
mrdoob/three.js,14499,mesh,SkinnedMesh:,https://github.com/mrdoob/three.js/issues/14499
mrdoob/three.js,14495,render,WebGLRenderer:,https://github.com/mrdoob/three.js/issues/14495
mrdoob/three.js,14483,texture;textures,WebGLTextures:,https://github.com/mrdoob/three.js/issues/14483
mrdoob/three.js,14477,material,initMaterial,https://github.com/mrdoob/three.js/issues/14477
mrdoob/three.js,14474,render,WebGLRenderer:,https://github.com/mrdoob/three.js/issues/14474
mrdoob/three.js,14445,sprite,Sprite,https://github.com/mrdoob/three.js/issues/14445
mrdoob/three.js,14434,render,Render,https://github.com/mrdoob/three.js/issues/14434
mrdoob/three.js,14433,render,WebGLRenderer:,https://github.com/mrdoob/three.js/issues/14433
mrdoob/three.js,14432,sprite,Sprite:,https://github.com/mrdoob/three.js/issues/14432
mrdoob/three.js,14431,render,WebGLRenderer:,https://github.com/mrdoob/three.js/issues/14431
mrdoob/three.js,14430,render,WebGLRenderer:,https://github.com/mrdoob/three.js/issues/14430
mrdoob/three.js,14429,render,WebGLRenderer:,https://github.com/mrdoob/three.js/issues/14429
mrdoob/three.js,14428,material;sprite,SpriteMaterial,https://github.com/mrdoob/three.js/issues/14428
mrdoob/three.js,14427,material,NodeMaterial,https://github.com/mrdoob/three.js/issues/14427
mrdoob/three.js,14423,texture,copyTextureToTexture():,https://github.com/mrdoob/three.js/issues/14423
mrdoob/three.js,14411,render,WebGLRenderer:,https://github.com/mrdoob/three.js/issues/14411
mrdoob/three.js,14392,mesh,Mesh:,https://github.com/mrdoob/three.js/issues/14392
mrdoob/three.js,14359,material;mesh,MeshPhysicalMaterial,https://github.com/mrdoob/three.js/issues/14359
mrdoob/three.js,14333,material,NodeMaterial,https://github.com/mrdoob/three.js/issues/14333
mrdoob/three.js,14330,material,NodeMaterial:,https://github.com/mrdoob/three.js/issues/14330
mrdoob/three.js,14325,render;rendering,Rendering,https://github.com/mrdoob/three.js/issues/14325
mrdoob/three.js,14290,material,Material,https://github.com/mrdoob/three.js/issues/14290
mrdoob/three.js,14272,mesh,SkinnedMesh,https://github.com/mrdoob/three.js/issues/14272
mrdoob/three.js,14254,material,"NodeMaterial,",https://github.com/mrdoob/three.js/issues/14254
mrdoob/three.js,14252,material,"NodeMaterial,",https://github.com/mrdoob/three.js/issues/14252
mrdoob/three.js,14250,material,NodeMaterial,https://github.com/mrdoob/three.js/issues/14250
mrdoob/three.js,14244,material,NodeMaterial,https://github.com/mrdoob/three.js/issues/14244
mrdoob/three.js,14238,material,StandardNodeMaterial:,https://github.com/mrdoob/three.js/issues/14238
mrdoob/three.js,14237,material,NodeMaterial:,https://github.com/mrdoob/three.js/issues/14237
mrdoob/three.js,14235,texture,CubeTexture:,https://github.com/mrdoob/three.js/issues/14235
mrdoob/three.js,14231,material,Material,https://github.com/mrdoob/three.js/issues/14231
mrdoob/three.js,14227,mesh,Mesh:,https://github.com/mrdoob/three.js/issues/14227
mrdoob/three.js,14183,render,WebGLRenderer:,https://github.com/mrdoob/three.js/issues/14183
mrdoob/three.js,14160,mesh;raycast,Mesh.raycast,https://github.com/mrdoob/three.js/issues/14160
mrdoob/three.js,14137,texture;textures,Textures,https://github.com/mrdoob/three.js/issues/14137
mrdoob/three.js,14132,render,WebGLRenderer:,https://github.com/mrdoob/three.js/issues/14132
mrdoob/three.js,14128,raycast,`Raycaster.setFromCamera`,https://github.com/mrdoob/three.js/issues/14128
mrdoob/three.js,14126,render,WebGLRenderer:,https://github.com/mrdoob/three.js/issues/14126
mrdoob/three.js,14124,render,WebGLRenderer:,https://github.com/mrdoob/three.js/issues/14124
mrdoob/three.js,14109,texture,Texture.dispose,https://github.com/mrdoob/three.js/issues/14109
mrdoob/three.js,14107,material,PointsMaterial:,https://github.com/mrdoob/three.js/issues/14107
mrdoob/three.js,14086,material,PointsMaterial:,https://github.com/mrdoob/three.js/issues/14086
mrdoob/three.js,14070,material,Material.toJSON,https://github.com/mrdoob/three.js/issues/14070
mrdoob/three.js,14058,texture,Texture,https://github.com/mrdoob/three.js/issues/14058
mrdoob/three.js,14054,render,Render,https://github.com/mrdoob/three.js/issues/14054
mrdoob/three.js,14000,render,WebGLRenderTarget:,https://github.com/mrdoob/three.js/issues/14000
mrdoob/three.js,13959,render,CSS2DRenderer:,https://github.com/mrdoob/three.js/issues/13959
mrdoob/three.js,13938,texture,Texture,https://github.com/mrdoob/three.js/issues/13938
mrdoob/three.js,13906,mesh,Mesh:,https://github.com/mrdoob/three.js/issues/13906
mrdoob/three.js,13894,raycast,Raycasting,https://github.com/mrdoob/three.js/issues/13894
mrdoob/three.js,13882,texture,Texture,https://github.com/mrdoob/three.js/issues/13882
mrdoob/three.js,13880,texture,CubeTexture,https://github.com/mrdoob/three.js/issues/13880
mrdoob/three.js,13867,render,CSS3DRenderer:,https://github.com/mrdoob/three.js/issues/13867
mrdoob/three.js,13860,material;mesh,MeshStandardMaterial,https://github.com/mrdoob/three.js/issues/13860
mrdoob/three.js,13857,render,WebGLRenderer,https://github.com/mrdoob/three.js/issues/13857
mrdoob/three.js,13833,raycast,Raycaster,https://github.com/mrdoob/three.js/issues/13833
mrdoob/three.js,13778,render,WebGLBufferRenderer:,https://github.com/mrdoob/three.js/issues/13778
mrdoob/three.js,13766,render,GPUComputationRenderer:,https://github.com/mrdoob/three.js/issues/13766
mrdoob/three.js,13751,raycast,Raycasting,https://github.com/mrdoob/three.js/issues/13751
mrdoob/three.js,13740,texture;textures,Textures,https://github.com/mrdoob/three.js/issues/13740
mrdoob/three.js,13728,material,Material(.mtl),https://github.com/mrdoob/three.js/issues/13728
mrdoob/three.js,13719,render;rendering,Rendering,https://github.com/mrdoob/three.js/issues/13719
mrdoob/three.js,13717,render,WebGLRenderer,https://github.com/mrdoob/three.js/issues/13717
mrdoob/three.js,13698,render,SoftwareRenderer:,https://github.com/mrdoob/three.js/issues/13698
mrdoob/three.js,13684,render,SoftwareRenderer:,https://github.com/mrdoob/three.js/issues/13684
mrdoob/three.js,13671,texture,VideoTexture:,https://github.com/mrdoob/three.js/issues/13671
mrdoob/three.js,13649,raycast,Raycaster,https://github.com/mrdoob/three.js/issues/13649
mrdoob/three.js,13637,material,Material,https://github.com/mrdoob/three.js/issues/13637
mrdoob/three.js,13627,render,SVGRenderer:,https://github.com/mrdoob/three.js/issues/13627
mrdoob/three.js,13613,material,ShaderMaterial:,https://github.com/mrdoob/three.js/issues/13613
mrdoob/three.js,13610,mesh,mesh,https://github.com/mrdoob/three.js/issues/13610
mrdoob/three.js,13603,mesh,Mesh:,https://github.com/mrdoob/three.js/issues/13603
mrdoob/three.js,13598,raycast,raycaster's,https://github.com/mrdoob/three.js/issues/13598
mrdoob/three.js,13594,render,WebGLRenderer:,https://github.com/mrdoob/three.js/issues/13594
mrdoob/three.js,13586,texture;textures,WebGLTextures:,https://github.com/mrdoob/three.js/issues/13586
mrdoob/three.js,13574,render;rendering,Rendering,https://github.com/mrdoob/three.js/issues/13574
mrdoob/three.js,13548,render,SoftwareRenderer:,https://github.com/mrdoob/three.js/issues/13548
mrdoob/three.js,13539,material;sprite,Sprite(Material),https://github.com/mrdoob/three.js/issues/13539
mrdoob/three.js,13521,texture,WebGLTexture:,https://github.com/mrdoob/three.js/issues/13521
mrdoob/three.js,13512,render,WebGLRenderer:,https://github.com/mrdoob/three.js/issues/13512
mrdoob/three.js,13491,render,Renderers:,https://github.com/mrdoob/three.js/issues/13491
mrdoob/three.js,13482,texture;textures,VideoTextures,https://github.com/mrdoob/three.js/issues/13482
mrdoob/three.js,13446,material,Material.onBeforeCompile(),https://github.com/mrdoob/three.js/issues/13446
mrdoob/three.js,13416,material,ShadowMaterial:,https://github.com/mrdoob/three.js/issues/13416
mrdoob/three.js,13404,render,WebGLRenderer:,https://github.com/mrdoob/three.js/issues/13404
mrdoob/three.js,13379,texture,VideoTexture,https://github.com/mrdoob/three.js/issues/13379
mrdoob/three.js,13358,material,MaterialLoader:,https://github.com/mrdoob/three.js/issues/13358
mrdoob/three.js,13317,render,WebGLRenderStates:,https://github.com/mrdoob/three.js/issues/13317
mrdoob/three.js,13304,texture,VideoTexture:,https://github.com/mrdoob/three.js/issues/13304
mrdoob/three.js,13288,mesh,SkinnedMesh,https://github.com/mrdoob/three.js/issues/13288
mrdoob/three.js,13279,material,ShaderMaterial:,https://github.com/mrdoob/three.js/issues/13279
mrdoob/three.js,13273,raycast,Raycast,https://github.com/mrdoob/three.js/issues/13273
mrdoob/three.js,13268,material;materials,webgl_materials_envmaps:,https://github.com/mrdoob/three.js/issues/13268
mrdoob/three.js,13235,render,WebGLWorkerRenderer,https://github.com/mrdoob/three.js/issues/13235
mrdoob/three.js,13225,render,renderer.setSize,https://github.com/mrdoob/three.js/issues/13225
mrdoob/three.js,13223,material;materials,Materials,https://github.com/mrdoob/three.js/issues/13223
mrdoob/three.js,13202,render,"Object3D.onBeforeRender,",https://github.com/mrdoob/three.js/issues/13202
mrdoob/three.js,13201,texture;textures,WebGLTextures:,https://github.com/mrdoob/three.js/issues/13201
mrdoob/three.js,13198,material,Material,https://github.com/mrdoob/three.js/issues/13198
mrdoob/three.js,13191,material,THREE.PointsMaterial,https://github.com/mrdoob/three.js/issues/13191
mrdoob/three.js,13175,render,WebGLRenderer:,https://github.com/mrdoob/three.js/issues/13175
mrdoob/three.js,13174,render,SoftwareRenderer,https://github.com/mrdoob/three.js/issues/13174
mrdoob/three.js,13154,render,WebGLRenderer:,https://github.com/mrdoob/three.js/issues/13154
mrdoob/three.js,13149,material,NodeMaterial,https://github.com/mrdoob/three.js/issues/13149
mrdoob/three.js,13148,material;sprite,SpriteNodeMaterial,https://github.com/mrdoob/three.js/issues/13148
mrdoob/three.js,13129,render,WebGLRenderer:,https://github.com/mrdoob/three.js/issues/13129
mrdoob/three.js,13128,render,WebGLRenderer:,https://github.com/mrdoob/three.js/issues/13128
mrdoob/three.js,13126,texture;textures,Textures,https://github.com/mrdoob/three.js/issues/13126
mrdoob/three.js,13125,render,WebGLRenderer,https://github.com/mrdoob/three.js/issues/13125
mrdoob/three.js,13110,render,WebGLRenderer:,https://github.com/mrdoob/three.js/issues/13110
mrdoob/three.js,13107,material;mesh,MeshStandardMaterial:,https://github.com/mrdoob/three.js/issues/13107
mrdoob/three.js,13070,material,NodeMaterialLoader,https://github.com/mrdoob/three.js/issues/13070
mrdoob/three.js,13049,render,WebGLRenderer:,https://github.com/mrdoob/three.js/issues/13049
mrdoob/three.js,13048,render,WebGLRenderer:,https://github.com/mrdoob/three.js/issues/13048
mrdoob/three.js,13032,render,WebGLRenderer,https://github.com/mrdoob/three.js/issues/13032
mrdoob/three.js,13019,material,ShaderMaterial.onBeforeUpdate,https://github.com/mrdoob/three.js/issues/13019
mrdoob/three.js,12979,material,NodeMaterial,https://github.com/mrdoob/three.js/issues/12979
mrdoob/three.js,12937,texture,TextureLoader,https://github.com/mrdoob/three.js/issues/12937
mrdoob/three.js,12931,sprite,Sprite:,https://github.com/mrdoob/three.js/issues/12931
mrdoob/three.js,12915,texture,Texture,https://github.com/mrdoob/three.js/issues/12915
mrdoob/three.js,12894,render,WebGLRenderer:,https://github.com/mrdoob/three.js/issues/12894
mrdoob/three.js,12880,render,SSAARenderPass:,https://github.com/mrdoob/three.js/issues/12880
mrdoob/three.js,12867,material;mesh,MeshPhysicalMaterial:,https://github.com/mrdoob/three.js/issues/12867
mrdoob/three.js,12851,material;mesh,MeshPhysicalMaterial,https://github.com/mrdoob/three.js/issues/12851
mrdoob/three.js,12809,texture,VideoTexture:,https://github.com/mrdoob/three.js/issues/12809
mrdoob/three.js,12777,render,CurrentRenderList,https://github.com/mrdoob/three.js/issues/12777
mrdoob/three.js,12776,texture;textured,"Textured,",https://github.com/mrdoob/three.js/issues/12776
mrdoob/three.js,12770,render,renderer.getDrawingBufferSize(),https://github.com/mrdoob/three.js/issues/12770
mrdoob/three.js,12763,texture,VideoTexture:,https://github.com/mrdoob/three.js/issues/12763
mrdoob/three.js,12743,material;mesh,MeshLambertMaterial,https://github.com/mrdoob/three.js/issues/12743
mrdoob/three.js,12679,material;mesh,MeshPhongMaterial,https://github.com/mrdoob/three.js/issues/12679
mrdoob/three.js,12657,texture,CubeTextureLoader,https://github.com/mrdoob/three.js/issues/12657
mrdoob/three.js,12613,material,MaterialLoader,https://github.com/mrdoob/three.js/issues/12613
mrdoob/three.js,12567,raycast,Raycaster,https://github.com/mrdoob/three.js/issues/12567
mrdoob/three.js,12464,render,WebGLRenderLists:,https://github.com/mrdoob/three.js/issues/12464
mrdoob/three.js,12460,texture,VideoTexture:,https://github.com/mrdoob/three.js/issues/12460
mrdoob/three.js,12426,raycast,Raycaster:,https://github.com/mrdoob/three.js/issues/12426
mrdoob/three.js,12422,texture,VideoTexture,https://github.com/mrdoob/three.js/issues/12422
mrdoob/three.js,12420,render,WebGLRenderer.info,https://github.com/mrdoob/three.js/issues/12420
mrdoob/three.js,12384,render,WebGLRenderer:,https://github.com/mrdoob/three.js/issues/12384
mrdoob/three.js,12383,render,WebGLRenderer,https://github.com/mrdoob/three.js/issues/12383
mrdoob/three.js,12370,material,ShaderMaterial,https://github.com/mrdoob/three.js/issues/12370
mrdoob/three.js,12323,material,ShaderMaterial:,https://github.com/mrdoob/three.js/issues/12323
mrdoob/three.js,12313,texture,TextureLoader,https://github.com/mrdoob/three.js/issues/12313
mrdoob/three.js,12303,raycast,raycaster.intersectObjects,https://github.com/mrdoob/three.js/issues/12303
mrdoob/three.js,12236,raycast,Raycaster,https://github.com/mrdoob/three.js/issues/12236
mrdoob/three.js,12210,render,WebGLRenderer,https://github.com/mrdoob/three.js/issues/12210
mrdoob/three.js,12201,texture,texture,https://github.com/mrdoob/three.js/issues/12201
mrdoob/three.js,12189,texture,Texture,https://github.com/mrdoob/three.js/issues/12189
mrdoob/three.js,12150,material,PointsMaterial,https://github.com/mrdoob/three.js/issues/12150
mrdoob/three.js,12144,render,Render,https://github.com/mrdoob/three.js/issues/12144
mrdoob/three.js,12126,shadowmap,ShadowMap,https://github.com/mrdoob/three.js/issues/12126
mrdoob/three.js,12073,material,ShadowMaterial:,https://github.com/mrdoob/three.js/issues/12073
mrdoob/three.js,12072,material,ShadowMaterial,https://github.com/mrdoob/three.js/issues/12072
mrdoob/three.js,12063,texture,Texture,https://github.com/mrdoob/three.js/issues/12063
mrdoob/three.js,12034,render;sprite,WebGLSpriteRenderer:,https://github.com/mrdoob/three.js/issues/12034
mrdoob/three.js,12032,render;sprite,WebGLSpriteRenderer:,https://github.com/mrdoob/three.js/issues/12032
mrdoob/three.js,12031,material;sprite,SpriteMaterial,https://github.com/mrdoob/three.js/issues/12031
mrdoob/three.js,11991,mesh,SkinnedMesh,https://github.com/mrdoob/three.js/issues/11991
mrdoob/three.js,11966,render,WebGLRenderer:,https://github.com/mrdoob/three.js/issues/11966
mrdoob/three.js,11954,texture,Texture,https://github.com/mrdoob/three.js/issues/11954
mrdoob/three.js,11910,material;sprite,THREE.SpriteCanvasMaterial,https://github.com/mrdoob/three.js/issues/11910
mrdoob/three.js,11902,texture,TextureLoader,https://github.com/mrdoob/three.js/issues/11902
mrdoob/three.js,11860,mesh,Mesh:,https://github.com/mrdoob/three.js/issues/11860
mrdoob/three.js,11847,render,renderer.clear(),https://github.com/mrdoob/three.js/issues/11847
mrdoob/three.js,11837,material;mesh,MeshDepthMaterial,https://github.com/mrdoob/three.js/issues/11837
mrdoob/three.js,11828,texture,CubeTexture,https://github.com/mrdoob/three.js/issues/11828
mrdoob/three.js,11801,mesh,Mesh's,https://github.com/mrdoob/three.js/issues/11801
mrdoob/three.js,11781,render;rendering,Rendering,https://github.com/mrdoob/three.js/issues/11781
mrdoob/three.js,11737,render,WebGLRenderer:,https://github.com/mrdoob/three.js/issues/11737
mrdoob/three.js,11734,render,renderOrder,https://github.com/mrdoob/three.js/issues/11734
mrdoob/three.js,11726,sprite,Sprite,https://github.com/mrdoob/three.js/issues/11726
mrdoob/three.js,11723,raycast,Raycaster,https://github.com/mrdoob/three.js/issues/11723
mrdoob/three.js,11673,render,Render,https://github.com/mrdoob/three.js/issues/11673
mrdoob/three.js,11668,raycast,Raycasting,https://github.com/mrdoob/three.js/issues/11668
mrdoob/three.js,11644,skinning,Skinning,https://github.com/mrdoob/three.js/issues/11644
mrdoob/three.js,11639,material,LineBasicMaterial.linejoin,https://github.com/mrdoob/three.js/issues/11639
mrdoob/three.js,11635,render,WebGLRenderer:,https://github.com/mrdoob/three.js/issues/11635
mrdoob/three.js,11611,material,Material.html:,https://github.com/mrdoob/three.js/issues/11611
mrdoob/three.js,11609,shadowmap;webglshadowmap,WebGLShadowMap:,https://github.com/mrdoob/three.js/issues/11609
mrdoob/three.js,11603,mesh,SkinnedMesh/Skeleton,https://github.com/mrdoob/three.js/issues/11603
mrdoob/three.js,11602,render,render,https://github.com/mrdoob/three.js/issues/11602
mrdoob/three.js,11567,render,Renderer,https://github.com/mrdoob/three.js/issues/11567
mrdoob/three.js,11564,mesh,mesh.localToWorld,https://github.com/mrdoob/three.js/issues/11564
mrdoob/three.js,11559,sprite,SpritePlugin:,https://github.com/mrdoob/three.js/issues/11559
mrdoob/three.js,11557,render,Renderer,https://github.com/mrdoob/three.js/issues/11557
mrdoob/three.js,11555,sprite;sprites,webgl_sprites_nodes,https://github.com/mrdoob/three.js/issues/11555
mrdoob/three.js,11554,sprite,SpritePlugin:,https://github.com/mrdoob/three.js/issues/11554
mrdoob/three.js,11539,transparency,Transparency,https://github.com/mrdoob/three.js/issues/11539
mrdoob/three.js,11534,render,CSS3DRenderer,https://github.com/mrdoob/three.js/issues/11534
mrdoob/three.js,11533,material,NodeMaterial,https://github.com/mrdoob/three.js/issues/11533
mrdoob/three.js,11531,material;sprite,SpriteNodeMaterial,https://github.com/mrdoob/three.js/issues/11531
mrdoob/three.js,11519,material,Material,https://github.com/mrdoob/three.js/issues/11519
mrdoob/three.js,11478,render,WebGLRenderLists,https://github.com/mrdoob/three.js/issues/11478
mrdoob/three.js,11475,material,Material:,https://github.com/mrdoob/three.js/issues/11475
mrdoob/three.js,11472,render,SVGRenderer:,https://github.com/mrdoob/three.js/issues/11472
mrdoob/three.js,11470,mesh;raycast,Mesh.raycast,https://github.com/mrdoob/three.js/issues/11470
mrdoob/three.js,11465,texture,texture,https://github.com/mrdoob/three.js/issues/11465
mrdoob/three.js,11452,material;mesh,MeshStandardMaterial,https://github.com/mrdoob/three.js/issues/11452
mrdoob/three.js,11449,raycast,Raycaster:,https://github.com/mrdoob/three.js/issues/11449
mrdoob/three.js,11434,raycast,THREE.RayCaster,https://github.com/mrdoob/three.js/issues/11434
mrdoob/three.js,11429,render,CSS3DRenderer,https://github.com/mrdoob/three.js/issues/11429
mrdoob/three.js,11388,material,Material,https://github.com/mrdoob/three.js/issues/11388
mrdoob/three.js,11383,stereo,StereoEffect,https://github.com/mrdoob/three.js/issues/11383
mrdoob/three.js,11380,render,SVGRenderer:,https://github.com/mrdoob/three.js/issues/11380
mrdoob/three.js,11379,render,SVGRenderer:,https://github.com/mrdoob/three.js/issues/11379
mrdoob/three.js,11374,render,WebGLRenderer:,https://github.com/mrdoob/three.js/issues/11374
mrdoob/three.js,11368,render;rendering,Rendering,https://github.com/mrdoob/three.js/issues/11368
mrdoob/three.js,11367,material;mesh,MeshStandardMaterial,https://github.com/mrdoob/three.js/issues/11367
mrdoob/three.js,11314,shadowmap;webglshadowmap,WebGLShadowMap:,https://github.com/mrdoob/three.js/issues/11314
mrdoob/three.js,11306,render,WebGLRenderer:,https://github.com/mrdoob/three.js/issues/11306
mrdoob/three.js,11303,texture;textures,maxTextures,https://github.com/mrdoob/three.js/issues/11303
mrdoob/three.js,11288,render,onBeforeRender/onAfterRender,https://github.com/mrdoob/three.js/issues/11288
mrdoob/three.js,11285,mesh,Mesh,https://github.com/mrdoob/three.js/issues/11285
mrdoob/three.js,11282,texture;textures,Textures,https://github.com/mrdoob/three.js/issues/11282
mrdoob/three.js,11276,shadowmap;webglshadowmap,WebGLShadowMap:,https://github.com/mrdoob/three.js/issues/11276
mrdoob/three.js,11261,material,skeletonHelper.material.linewidth,https://github.com/mrdoob/three.js/issues/11261
mrdoob/three.js,11243,material;mesh,MeshPhongMaterial:,https://github.com/mrdoob/three.js/issues/11243
mrdoob/three.js,11198,shadowmap;webglshadowmap,WebGLShadowMap:,https://github.com/mrdoob/three.js/issues/11198
mrdoob/three.js,11193,texture,Texture,https://github.com/mrdoob/three.js/issues/11193
mrdoob/three.js,11172,mesh,Blendmesh,https://github.com/mrdoob/three.js/issues/11172
mrdoob/three.js,11160,material,ShadowMaterial:,https://github.com/mrdoob/three.js/issues/11160
mrdoob/three.js,11158,shadowmap,shadowmap,https://github.com/mrdoob/three.js/issues/11158
mrdoob/three.js,11152,mesh,Blendmesh,https://github.com/mrdoob/three.js/issues/11152
mrdoob/three.js,11145,render,onBeforeRender,https://github.com/mrdoob/three.js/issues/11145
mrdoob/three.js,11135,render,CSS3DRenderer,https://github.com/mrdoob/three.js/issues/11135
mrdoob/three.js,11116,material,ShadowMaterial,https://github.com/mrdoob/three.js/issues/11116
mrdoob/three.js,11049,material,RawShaderMaterial,https://github.com/mrdoob/three.js/issues/11049
mrdoob/three.js,11034,material,isMultiMaterial,https://github.com/mrdoob/three.js/issues/11034
mrdoob/three.js,11016,texture,Texture,https://github.com/mrdoob/three.js/issues/11016
mrdoob/three.js,10999,render,CanvasRenderer:,https://github.com/mrdoob/three.js/issues/10999
mrdoob/three.js,10970,render;texture,WebGLRenderTarget.texture,https://github.com/mrdoob/three.js/issues/10970
mrdoob/three.js,10965,render,CSSRenderer,https://github.com/mrdoob/three.js/issues/10965
mrdoob/three.js,10929,material,Material,https://github.com/mrdoob/three.js/issues/10929
mrdoob/three.js,10899,material,MultiMaterial,https://github.com/mrdoob/three.js/issues/10899
mrdoob/three.js,10890,material;mesh,[MeshStandardMaterial],https://github.com/mrdoob/three.js/issues/10890
mrdoob/three.js,10791,material,Material,https://github.com/mrdoob/three.js/issues/10791
mrdoob/three.js,10736,material;mesh,MeshLambertMaterial,https://github.com/mrdoob/three.js/issues/10736
mrdoob/three.js,10734,raycast,Raycaster,https://github.com/mrdoob/three.js/issues/10734
mrdoob/three.js,10724,texture,Texture,https://github.com/mrdoob/three.js/issues/10724
mrdoob/three.js,10705,material,material.clone(),https://github.com/mrdoob/three.js/issues/10705
mrdoob/three.js,10698,render,WebGLRenderer:,https://github.com/mrdoob/three.js/issues/10698
mrdoob/three.js,10690,material,*Material.lightMap,https://github.com/mrdoob/three.js/issues/10690
mrdoob/three.js,10653,material,RawShaderMaterial:,https://github.com/mrdoob/three.js/issues/10653
mrdoob/three.js,10651,render,EffectComposer/WebGLMultiRenderTarget,https://github.com/mrdoob/three.js/issues/10651
mrdoob/three.js,10579,render,.onBeforeRender,https://github.com/mrdoob/three.js/issues/10579
mrdoob/three.js,10542,material;materials,canvas_materials_video,https://github.com/mrdoob/three.js/issues/10542
mrdoob/three.js,10533,material;materials,MaterialShader,https://github.com/mrdoob/three.js/issues/10533
mrdoob/three.js,10490,texture,Texture,https://github.com/mrdoob/three.js/issues/10490
mrdoob/three.js,10464,skinning,Skinning,https://github.com/mrdoob/three.js/issues/10464
mrdoob/three.js,10416,material,StandrardMaterial.aoMap,https://github.com/mrdoob/three.js/issues/10416
mrdoob/three.js,10413,mesh,Mesh:,https://github.com/mrdoob/three.js/issues/10413
mrdoob/three.js,10401,render,WebGLRenderer,https://github.com/mrdoob/three.js/issues/10401
mrdoob/three.js,10390,mesh,Mesh:,https://github.com/mrdoob/three.js/issues/10390
mrdoob/three.js,10385,material,PointsMaterial's,https://github.com/mrdoob/three.js/issues/10385
mrdoob/three.js,10372,render;rendering,rendering,https://github.com/mrdoob/three.js/issues/10372
mrdoob/three.js,10343,material;mesh,MeshNormalMaterial,https://github.com/mrdoob/three.js/issues/10343
mrdoob/three.js,10320,display,Display,https://github.com/mrdoob/three.js/issues/10320
mrdoob/three.js,10313,texture,Texture,https://github.com/mrdoob/three.js/issues/10313
mrdoob/three.js,10312,texture,TextureLoader,https://github.com/mrdoob/three.js/issues/10312
mrdoob/three.js,10304,render,Render,https://github.com/mrdoob/three.js/issues/10304
mrdoob/three.js,10300,render,WebGLIndexedBufferRenderer,https://github.com/mrdoob/three.js/issues/10300
mrdoob/three.js,10294,material,MultiMaterial.js,https://github.com/mrdoob/three.js/issues/10294
mrdoob/three.js,10266,material,NodeMaterial,https://github.com/mrdoob/three.js/issues/10266
mrdoob/three.js,10227,raycast,Raycasting,https://github.com/mrdoob/three.js/issues/10227
mrdoob/three.js,10214,mesh,Mesh.position.set(),https://github.com/mrdoob/three.js/issues/10214
mrdoob/three.js,10193,material;materials,Materials,https://github.com/mrdoob/three.js/issues/10193
mrdoob/three.js,10184,material,LineMaterial,https://github.com/mrdoob/three.js/issues/10184
mrdoob/three.js,10165,render;rendering,Rendering,https://github.com/mrdoob/three.js/issues/10165
mrdoob/three.js,10058,raycast,Raycaster,https://github.com/mrdoob/three.js/issues/10058
mrdoob/three.js,10054,material,material,https://github.com/mrdoob/three.js/issues/10054
mrdoob/three.js,10051,material;mesh,MeshPhysicalMaterial,https://github.com/mrdoob/three.js/issues/10051
mrdoob/three.js,10038,render,renderer/webgl,https://github.com/mrdoob/three.js/issues/10038
mrdoob/three.js,10029,render;texture;textures,WebGLRenderer.supportsVertexTextures(),https://github.com/mrdoob/three.js/issues/10029
mrdoob/three.js,10013,mesh;raycast,Mesh.raycast:,https://github.com/mrdoob/three.js/issues/10013
mrdoob/three.js,9998,material;mesh,MeshStandardMaterial,https://github.com/mrdoob/three.js/issues/9998
mrdoob/three.js,9975,material;mesh,MeshBasicMaterial:,https://github.com/mrdoob/three.js/issues/9975
mrdoob/three.js,9968,material;mesh,MeshBasicMaterial,https://github.com/mrdoob/three.js/issues/9968
mrdoob/three.js,9965,render,WebGL2Renderer,https://github.com/mrdoob/three.js/issues/9965
mrdoob/three.js,9956,material;mesh,MeshStandardMaterial,https://github.com/mrdoob/three.js/issues/9956
mrdoob/three.js,9953,texture,Texture,https://github.com/mrdoob/three.js/issues/9953
mrdoob/three.js,9939,invisible;visible,Invisible,https://github.com/mrdoob/three.js/issues/9939
mrdoob/three.js,9937,render;rendering,Rendering,https://github.com/mrdoob/three.js/issues/9937
mrdoob/three.js,9925,raycast,Raycaster,https://github.com/mrdoob/three.js/issues/9925
mrdoob/three.js,9869,raycast,Raycaster,https://github.com/mrdoob/three.js/issues/9869
mrdoob/three.js,9824,texture,THREE.TextureLoader(),https://github.com/mrdoob/three.js/issues/9824
mrdoob/three.js,9813,render,Renderer,https://github.com/mrdoob/three.js/issues/9813
mrdoob/three.js,9801,texture,TextureLoader(),https://github.com/mrdoob/three.js/issues/9801
mrdoob/three.js,9798,raycast,THREE.Raycaster,https://github.com/mrdoob/three.js/issues/9798
mrdoob/three.js,9793,render,Render,https://github.com/mrdoob/three.js/issues/9793
mrdoob/three.js,9789,render,CSS3DRenderer.js,https://github.com/mrdoob/three.js/issues/9789
mrdoob/three.js,9777,sprite,Sprite,https://github.com/mrdoob/three.js/issues/9777
mrdoob/three.js,9694,raycast,Raycasting,https://github.com/mrdoob/three.js/issues/9694
mrdoob/three.js,9686,texture;textures,Textures,https://github.com/mrdoob/three.js/issues/9686
mrdoob/three.js,9685,texture;textures,Textures,https://github.com/mrdoob/three.js/issues/9685
mrdoob/three.js,9681,material,nodematerial,https://github.com/mrdoob/three.js/issues/9681
mrdoob/three.js,9677,raycast,Raycasting,https://github.com/mrdoob/three.js/issues/9677
mrdoob/three.js,9670,texture,VideoTexture,https://github.com/mrdoob/three.js/issues/9670
mrdoob/three.js,9653,render,Renderer,https://github.com/mrdoob/three.js/issues/9653
mrdoob/three.js,9650,raycast,Raycaster,https://github.com/mrdoob/three.js/issues/9650
mrdoob/three.js,9648,stereo,StereoCamera:,https://github.com/mrdoob/three.js/issues/9648
mrdoob/three.js,9646,render,WebGLRenderer,https://github.com/mrdoob/three.js/issues/9646
mrdoob/three.js,9644,render,GPUComputationRenderer:,https://github.com/mrdoob/three.js/issues/9644
mrdoob/three.js,9636,material,nodematerial,https://github.com/mrdoob/three.js/issues/9636
mrdoob/three.js,9635,mesh,Mesh,https://github.com/mrdoob/three.js/issues/9635
mrdoob/three.js,9630,render,WebGLRenderer,https://github.com/mrdoob/three.js/issues/9630
mrdoob/three.js,9596,material,nodematerial,https://github.com/mrdoob/three.js/issues/9596
mrdoob/three.js,9587,raycast,Raycasting:,https://github.com/mrdoob/three.js/issues/9587
mrdoob/three.js,9581,material,MultiMaterial,https://github.com/mrdoob/three.js/issues/9581
mrdoob/three.js,9576,mesh,Mesh,https://github.com/mrdoob/three.js/issues/9576
mrdoob/three.js,9566,texture,DataTexture,https://github.com/mrdoob/three.js/issues/9566
mrdoob/three.js,9565,render,`WebGLRenderer#clear`,https://github.com/mrdoob/three.js/issues/9565
mrdoob/three.js,9560,raycast,THREE.Raycaster,https://github.com/mrdoob/three.js/issues/9560
mrdoob/three.js,9550,material;mesh,MeshPhongMaterial,https://github.com/mrdoob/three.js/issues/9550
mrdoob/three.js,9546,material,#RawShaderMaterial,https://github.com/mrdoob/three.js/issues/9546
mrdoob/three.js,9542,texture,THREE.TextureLoader/THREE.ImageLoader,https://github.com/mrdoob/three.js/issues/9542
mrdoob/three.js,9515,material;mesh,MeshStandardMaterial,https://github.com/mrdoob/three.js/issues/9515
mrdoob/three.js,9513,render,readRenderTargetPixels,https://github.com/mrdoob/three.js/issues/9513
mrdoob/three.js,9503,texture,Texture,https://github.com/mrdoob/three.js/issues/9503
mrdoob/three.js,9498,material;materials,canvas_materials_video,https://github.com/mrdoob/three.js/issues/9498
mrdoob/three.js,9458,texture,THREE.Texture.toJSON,https://github.com/mrdoob/three.js/issues/9458
mrdoob/three.js,9447,render,renderOrder,https://github.com/mrdoob/three.js/issues/9447
mrdoob/three.js,9441,render,CSS3Renderer,https://github.com/mrdoob/three.js/issues/9441
mrdoob/three.js,9440,texture,Texture,https://github.com/mrdoob/three.js/issues/9440
mrdoob/three.js,9436,mesh,SkinnedMesh,https://github.com/mrdoob/three.js/issues/9436
mrdoob/three.js,9432,stereo,StereoEffect,https://github.com/mrdoob/three.js/issues/9432
mrdoob/three.js,9391,texture,THREE.TextureLoader,https://github.com/mrdoob/three.js/issues/9391
mrdoob/three.js,9371,texture,THREE.TextureLoader,https://github.com/mrdoob/three.js/issues/9371
mrdoob/three.js,9360,shadowmap,shadowMap,https://github.com/mrdoob/three.js/issues/9360
mrdoob/three.js,9354,render;rendering,Rendering,https://github.com/mrdoob/three.js/issues/9354
mrdoob/three.js,9341,raycast,Raycaster,https://github.com/mrdoob/three.js/issues/9341
mrdoob/three.js,9333,render,cubeCamera.renderTarget,https://github.com/mrdoob/three.js/issues/9333
mrdoob/three.js,9321,texture,TextureLoader,https://github.com/mrdoob/three.js/issues/9321
mrdoob/three.js,9320,raycast,[Raycast],https://github.com/mrdoob/three.js/issues/9320
mrdoob/three.js,9317,render;rendering,WebGLRenderingContext.getProgramInfoLog,https://github.com/mrdoob/three.js/issues/9317
mrdoob/three.js,9284,raycast,Raycaster,https://github.com/mrdoob/three.js/issues/9284
mrdoob/three.js,9278,mesh,Mesh:,https://github.com/mrdoob/three.js/issues/9278
mrdoob/three.js,9257,material;sprite,THREE.SpriteMaterial,https://github.com/mrdoob/three.js/issues/9257
mrdoob/three.js,9238,material;mesh,MeshPhysicalMaterial:,https://github.com/mrdoob/three.js/issues/9238
mrdoob/three.js,9172,render,VREffect.render(),https://github.com/mrdoob/three.js/issues/9172
mrdoob/three.js,9164,render,Render,https://github.com/mrdoob/three.js/issues/9164
mrdoob/three.js,9163,material;mesh,MeshCubeMaterial,https://github.com/mrdoob/three.js/issues/9163
mrdoob/three.js,9148,material,Material,https://github.com/mrdoob/three.js/issues/9148
mrdoob/three.js,9145,material,Material,https://github.com/mrdoob/three.js/issues/9145
mrdoob/three.js,9132,material;materials,Materials,https://github.com/mrdoob/three.js/issues/9132
mrdoob/three.js,9120,material,RawShaderMaterial:,https://github.com/mrdoob/three.js/issues/9120
mrdoob/three.js,9119,material,RawShaderMaterial,https://github.com/mrdoob/three.js/issues/9119
mrdoob/three.js,9110,texture,CubeTextureLoader,https://github.com/mrdoob/three.js/issues/9110
mrdoob/three.js,9098,raycast,Raycaster:,https://github.com/mrdoob/three.js/issues/9098
mrdoob/three.js,9075,texture,TextureLoader,https://github.com/mrdoob/three.js/issues/9075
mrdoob/three.js,9065,render;rendering,Rendering,https://github.com/mrdoob/three.js/issues/9065
mrdoob/three.js,9043,render,GPUComputationRenderer,https://github.com/mrdoob/three.js/issues/9043
mrdoob/three.js,9042,render,composer.render(),https://github.com/mrdoob/three.js/issues/9042
mrdoob/three.js,9039,model,Model,https://github.com/mrdoob/three.js/issues/9039
mrdoob/three.js,9023,mesh,Mesh,https://github.com/mrdoob/three.js/issues/9023
mrdoob/three.js,8975,mesh,SkinnedMesh,https://github.com/mrdoob/three.js/issues/8975
mrdoob/three.js,8962,material,Material:,https://github.com/mrdoob/three.js/issues/8962
mrdoob/three.js,8924,material,Material,https://github.com/mrdoob/three.js/issues/8924
mrdoob/three.js,8915,material,Material.color.getHex,https://github.com/mrdoob/three.js/issues/8915
mrdoob/three.js,8913,render,WebGLRenderer,https://github.com/mrdoob/three.js/issues/8913
mrdoob/three.js,8898,raycast,Raycaster,https://github.com/mrdoob/three.js/issues/8898
mrdoob/three.js,8894,stereo,StereoEffect.js,https://github.com/mrdoob/three.js/issues/8894
mrdoob/three.js,8871,texture,Texture,https://github.com/mrdoob/three.js/issues/8871
mrdoob/three.js,8865,stereo,StereoEffect,https://github.com/mrdoob/three.js/issues/8865
mrdoob/three.js,8773,texture,THREE.TextureLoading,https://github.com/mrdoob/three.js/issues/8773
mrdoob/three.js,8760,material;mesh,MeshBasicMaterial,https://github.com/mrdoob/three.js/issues/8760
mrdoob/three.js,8755,raycast,raycaster.setFromCamera,https://github.com/mrdoob/three.js/issues/8755
mrdoob/three.js,8734,render,WebGLRenderer:,https://github.com/mrdoob/three.js/issues/8734
mrdoob/three.js,8728,render,WebGLRenderer,https://github.com/mrdoob/three.js/issues/8728
mrdoob/three.js,8715,raycast,Raycast,https://github.com/mrdoob/three.js/issues/8715
mrdoob/three.js,8707,shadowmap,Shadowmap,https://github.com/mrdoob/three.js/issues/8707
mrdoob/three.js,8697,render,webglRenderer.js,https://github.com/mrdoob/three.js/issues/8697
mrdoob/three.js,8670,texture;textures,Textures,https://github.com/mrdoob/three.js/issues/8670
mrdoob/three.js,8669,render,WebGLRenderer:,https://github.com/mrdoob/three.js/issues/8669
mrdoob/three.js,8666,texture,Texture,https://github.com/mrdoob/three.js/issues/8666
mrdoob/three.js,8638,material,ShadowMaterial,https://github.com/mrdoob/three.js/issues/8638
mrdoob/three.js,8629,material;mesh,MeshDepthMaterial:,https://github.com/mrdoob/three.js/issues/8629
mrdoob/three.js,8626,render,WebGLRenderer.renderOverride,https://github.com/mrdoob/three.js/issues/8626
mrdoob/three.js,8625,render,WebGLRenderer.renderPass,https://github.com/mrdoob/three.js/issues/8625
mrdoob/three.js,8615,render,WebGLRenderTargets,https://github.com/mrdoob/three.js/issues/8615
mrdoob/three.js,8594,transparency,Transparency,https://github.com/mrdoob/three.js/issues/8594
mrdoob/three.js,8586,material;mesh,MeshDepthMaterial:,https://github.com/mrdoob/three.js/issues/8586
mrdoob/three.js,8574,render,render,https://github.com/mrdoob/three.js/issues/8574
mrdoob/three.js,8554,material;mesh,MeshPhysicalMaterial:,https://github.com/mrdoob/three.js/issues/8554
mrdoob/three.js,8551,material;mesh,MeshDepthMaterial,https://github.com/mrdoob/three.js/issues/8551
mrdoob/three.js,8550,material;mesh,MeshDepthMaterial,https://github.com/mrdoob/three.js/issues/8550
mrdoob/three.js,8532,sprite,Sprite,https://github.com/mrdoob/three.js/issues/8532
mrdoob/three.js,8525,texture,VideoTexture,https://github.com/mrdoob/three.js/issues/8525
mrdoob/three.js,8516,material;mesh,MeshLambertMaterial,https://github.com/mrdoob/three.js/issues/8516
mrdoob/three.js,8507,mesh,THREE.Mesh.prototype.clone,https://github.com/mrdoob/three.js/issues/8507
mrdoob/three.js,8481,texture,Texture,https://github.com/mrdoob/three.js/issues/8481
mrdoob/three.js,8441,texture,Texture,https://github.com/mrdoob/three.js/issues/8441
mrdoob/three.js,8430,raycast,Raycaster,https://github.com/mrdoob/three.js/issues/8430
mrdoob/three.js,8424,sprite,Sprite:,https://github.com/mrdoob/three.js/issues/8424
mrdoob/three.js,8422,mesh,SkinnedMesh,https://github.com/mrdoob/three.js/issues/8422
mrdoob/three.js,8418,material;mesh,MeshDepthMaterial,https://github.com/mrdoob/three.js/issues/8418
mrdoob/three.js,8415,render,SimulationRenderer:,https://github.com/mrdoob/three.js/issues/8415
mrdoob/three.js,8390,texture,Texture,https://github.com/mrdoob/three.js/issues/8390
mrdoob/three.js,8379,render,WebGLRenderer,https://github.com/mrdoob/three.js/issues/8379
mrdoob/three.js,8317,mesh,SkinnedMesh,https://github.com/mrdoob/three.js/issues/8317
mrdoob/three.js,8294,render,WebGLRenderer.resetGLState,https://github.com/mrdoob/three.js/issues/8294
mrdoob/three.js,8280,render,SVGRenderer,https://github.com/mrdoob/three.js/issues/8280
mrdoob/three.js,8249,texture,Texture,https://github.com/mrdoob/three.js/issues/8249
mrdoob/three.js,8217,texture,Texture.encoding,https://github.com/mrdoob/three.js/issues/8217
mrdoob/three.js,8210,material;mesh,MeshPhongMaterial,https://github.com/mrdoob/three.js/issues/8210
mrdoob/three.js,8202,material,ShadowMaterial:,https://github.com/mrdoob/three.js/issues/8202
mrdoob/three.js,8172,mesh,MorphAnimMesh,https://github.com/mrdoob/three.js/issues/8172
mrdoob/three.js,8156,render,SVGRenderer,https://github.com/mrdoob/three.js/issues/8156
mrdoob/three.js,8154,render,CanvasRenderer,https://github.com/mrdoob/three.js/issues/8154
mrdoob/three.js,8152,material;mesh,MeshStandardMaterial:,https://github.com/mrdoob/three.js/issues/8152
mrdoob/three.js,8150,material;mesh,MeshFaceMaterial,https://github.com/mrdoob/three.js/issues/8150
mrdoob/three.js,8139,render,render,https://github.com/mrdoob/three.js/issues/8139
mrdoob/three.js,8134,sprite,Sprite,https://github.com/mrdoob/three.js/issues/8134
mrdoob/three.js,8128,material;mesh,MeshNormalMaterial:,https://github.com/mrdoob/three.js/issues/8128
mrdoob/three.js,8127,shadowmap,webgl_shadowmap_performance.html,https://github.com/mrdoob/three.js/issues/8127
mrdoob/three.js,8107,material;mesh,[MeshStandardMaterial],https://github.com/mrdoob/three.js/issues/8107
mrdoob/three.js,8081,raycast,Raycaster.intersectObjects(),https://github.com/mrdoob/three.js/issues/8081
mrdoob/three.js,8059,raycast,raycasting,https://github.com/mrdoob/three.js/issues/8059
mrdoob/three.js,8034,material,Loader.createMaterial:,https://github.com/mrdoob/three.js/issues/8034
mrdoob/three.js,8013,texture,THREE.CubeTextureLoader,https://github.com/mrdoob/three.js/issues/8013
mrdoob/three.js,7995,render,WebGLRenderer.getSize,https://github.com/mrdoob/three.js/issues/7995
mrdoob/three.js,7968,material,Loader/material:,https://github.com/mrdoob/three.js/issues/7968
mrdoob/three.js,7956,sprite,Sprite,https://github.com/mrdoob/three.js/issues/7956
mrdoob/three.js,7935,render,WebGLRenderer,https://github.com/mrdoob/three.js/issues/7935
mrdoob/three.js,7929,model,STL-model,https://github.com/mrdoob/three.js/issues/7929
mrdoob/three.js,7923,render,WebGLRenderer,https://github.com/mrdoob/three.js/issues/7923
mrdoob/three.js,7915,visible,.visible,https://github.com/mrdoob/three.js/issues/7915
mrdoob/three.js,7889,texture,Texture,https://github.com/mrdoob/three.js/issues/7889
mrdoob/three.js,7887,material,NodeMaterial,https://github.com/mrdoob/three.js/issues/7887
mrdoob/three.js,7880,material;mesh,MeshFaceMaterial,https://github.com/mrdoob/three.js/issues/7880
mrdoob/three.js,7874,texture,texture.needsUpdate,https://github.com/mrdoob/three.js/issues/7874
mrdoob/three.js,7865,raycast,Raycaster,https://github.com/mrdoob/three.js/issues/7865
mrdoob/three.js,7859,material,NodeMaterial,https://github.com/mrdoob/three.js/issues/7859
mrdoob/three.js,7858,material,Material,https://github.com/mrdoob/three.js/issues/7858
mrdoob/three.js,7849,material,NodeMaterial,https://github.com/mrdoob/three.js/issues/7849
mrdoob/three.js,7846,texture;textures,Textures,https://github.com/mrdoob/three.js/issues/7846
mrdoob/three.js,7842,material,NodeMaterial,https://github.com/mrdoob/three.js/issues/7842
mrdoob/three.js,7821,material;mesh,MeshLambertMaterial:,https://github.com/mrdoob/three.js/issues/7821
mrdoob/three.js,7806,render,render,https://github.com/mrdoob/three.js/issues/7806
mrdoob/three.js,7802,render,CSS3DRenderer,https://github.com/mrdoob/three.js/issues/7802
mrdoob/three.js,7794,raycast,Raycasting,https://github.com/mrdoob/three.js/issues/7794
mrdoob/three.js,7776,material,NodeMaterial,https://github.com/mrdoob/three.js/issues/7776
mrdoob/three.js,7775,render,RaytracingRenderer,https://github.com/mrdoob/three.js/issues/7775
mrdoob/three.js,7773,mesh;raycast,THREE.Mesh.raycast,https://github.com/mrdoob/three.js/issues/7773
mrdoob/three.js,7766,blending,AdditiveAlphaBlending,https://github.com/mrdoob/three.js/issues/7766
mrdoob/three.js,7734,texture,TextureLoader,https://github.com/mrdoob/three.js/issues/7734
mrdoob/three.js,7733,invisible;visible,invisible,https://github.com/mrdoob/three.js/issues/7733
mrdoob/three.js,7730,stereo,StereoEffect.js:,https://github.com/mrdoob/three.js/issues/7730
mrdoob/three.js,7710,raycast,raycaster,https://github.com/mrdoob/three.js/issues/7710
mrdoob/three.js,7705,render;stereo,CSS3DStereoRenderer,https://github.com/mrdoob/three.js/issues/7705
mrdoob/three.js,7701,mesh,Mesh,https://github.com/mrdoob/three.js/issues/7701
mrdoob/three.js,7679,mesh,SkinnedMesh:,https://github.com/mrdoob/three.js/issues/7679
mrdoob/three.js,7667,render,renderer.setPixelRatio(,https://github.com/mrdoob/three.js/issues/7667
mrdoob/three.js,7632,material,createMaterial,https://github.com/mrdoob/three.js/issues/7632
mrdoob/three.js,7628,render,CanvasRenderer,https://github.com/mrdoob/three.js/issues/7628
mrdoob/three.js,7613,material;mesh,MeshStandardMaterial,https://github.com/mrdoob/three.js/issues/7613
mrdoob/three.js,7610,raycast,Raycasting,https://github.com/mrdoob/three.js/issues/7610
mrdoob/three.js,7595,material;mesh,MeshStandardMaterial:,https://github.com/mrdoob/three.js/issues/7595
mrdoob/three.js,7594,material;mesh,MeshStandardMaterial:,https://github.com/mrdoob/three.js/issues/7594
mrdoob/three.js,7591,material;mesh,MeshStandardMaterial:,https://github.com/mrdoob/three.js/issues/7591
mrdoob/three.js,7551,raycast,Raycaster,https://github.com/mrdoob/three.js/issues/7551
mrdoob/three.js,7547,material;mesh,MeshLambertMaterial:,https://github.com/mrdoob/three.js/issues/7547
mrdoob/three.js,7546,material;mesh,MeshStandardMaterial:,https://github.com/mrdoob/three.js/issues/7546
mrdoob/three.js,7522,material,NodeMaterial,https://github.com/mrdoob/three.js/issues/7522
mrdoob/three.js,7517,material,PointMaterial's,https://github.com/mrdoob/three.js/issues/7517
mrdoob/three.js,7514,render;shadowmap,renderer.shadowMapEnabled,https://github.com/mrdoob/three.js/issues/7514
mrdoob/three.js,7506,render,WebGLRenderTarget,https://github.com/mrdoob/three.js/issues/7506
mrdoob/three.js,7505,material;mesh,MeshLambertMaterial,https://github.com/mrdoob/three.js/issues/7505
mrdoob/three.js,7499,sprite,Sprite,https://github.com/mrdoob/three.js/issues/7499
mrdoob/three.js,7495,mesh,SkinnedMesh,https://github.com/mrdoob/three.js/issues/7495
mrdoob/three.js,7494,mesh,SkinnedMesh,https://github.com/mrdoob/three.js/issues/7494
mrdoob/three.js,7484,render,Renderer:,https://github.com/mrdoob/three.js/issues/7484
mrdoob/three.js,7480,mesh,Mesh,https://github.com/mrdoob/three.js/issues/7480
mrdoob/three.js,7478,mesh,Mesh,https://github.com/mrdoob/three.js/issues/7478
mrdoob/three.js,7461,material,MaterialLoader:,https://github.com/mrdoob/three.js/issues/7461
mrdoob/three.js,7459,material,Material:,https://github.com/mrdoob/three.js/issues/7459
mrdoob/three.js,7456,stereo,stereoEffect,https://github.com/mrdoob/three.js/issues/7456
mrdoob/three.js,7451,material,PointsMaterial,https://github.com/mrdoob/three.js/issues/7451
mrdoob/three.js,7447,render,Renderer:,https://github.com/mrdoob/three.js/issues/7447
mrdoob/three.js,7441,render,Renderer:,https://github.com/mrdoob/three.js/issues/7441
mrdoob/three.js,7440,render,Renderer:,https://github.com/mrdoob/three.js/issues/7440
mrdoob/three.js,7437,stereo,StereoEffect,https://github.com/mrdoob/three.js/issues/7437
mrdoob/three.js,7433,stereo,StereoEffect,https://github.com/mrdoob/three.js/issues/7433
mrdoob/three.js,7432,stereo,StereoEffect,https://github.com/mrdoob/three.js/issues/7432
mrdoob/three.js,7390,texture,Texture,https://github.com/mrdoob/three.js/issues/7390
mrdoob/three.js,7379,material,ShaderMaterial,https://github.com/mrdoob/three.js/issues/7379
mrdoob/three.js,7348,texture,texture,https://github.com/mrdoob/three.js/issues/7348
mrdoob/three.js,7341,material;sprite,SpriteCanvasMaterial,https://github.com/mrdoob/three.js/issues/7341
mrdoob/three.js,7330,material;mesh,MeshNormalMaterial,https://github.com/mrdoob/three.js/issues/7330
mrdoob/three.js,7311,material;materials,materials,https://github.com/mrdoob/three.js/issues/7311
mrdoob/three.js,7309,render,CSS3DRenderer.js,https://github.com/mrdoob/three.js/issues/7309
mrdoob/three.js,7245,render,WebRenderTarget,https://github.com/mrdoob/three.js/issues/7245
mrdoob/three.js,7237,shadowmap,ShadowMap:,https://github.com/mrdoob/three.js/issues/7237
mrdoob/three.js,7236,shadowmap,ShadowMap:,https://github.com/mrdoob/three.js/issues/7236
mrdoob/three.js,7184,material,ShaderMaterial,https://github.com/mrdoob/three.js/issues/7184
mrdoob/three.js,7181,texture,Texture,https://github.com/mrdoob/three.js/issues/7181
mrdoob/three.js,7160,render,renderOrder,https://github.com/mrdoob/three.js/issues/7160
mrdoob/three.js,7159,render,Renderer:,https://github.com/mrdoob/three.js/issues/7159
mrdoob/three.js,7135,mesh,SkinnedMesh,https://github.com/mrdoob/three.js/issues/7135
mrdoob/three.js,7124,shadowmap;webglshadowmap,WebGLShadowMap:,https://github.com/mrdoob/three.js/issues/7124
mrdoob/three.js,7107,material;mesh,MeshPhongMaterial:,https://github.com/mrdoob/three.js/issues/7107
mrdoob/three.js,7103,texture,texture,https://github.com/mrdoob/three.js/issues/7103
mrdoob/three.js,7084,material,MultiMaterial,https://github.com/mrdoob/three.js/issues/7084
mrdoob/three.js,7076,render,Renderer:,https://github.com/mrdoob/three.js/issues/7076
mrdoob/three.js,7066,material;mesh,MeshFaceMaterial,https://github.com/mrdoob/three.js/issues/7066
mrdoob/three.js,7051,mesh,mesh,https://github.com/mrdoob/three.js/issues/7051
mrdoob/three.js,7040,raycast,Raycaster,https://github.com/mrdoob/three.js/issues/7040
mrdoob/three.js,7038,material;mesh,meshFaceMaterial,https://github.com/mrdoob/three.js/issues/7038
mrdoob/three.js,7010,mesh,MorphAnimMesh,https://github.com/mrdoob/three.js/issues/7010
mrdoob/three.js,6996,shadowmap,ShadowMap,https://github.com/mrdoob/three.js/issues/6996
mrdoob/three.js,6987,model,Model,https://github.com/mrdoob/three.js/issues/6987
mrdoob/three.js,6982,material,Multi-material,https://github.com/mrdoob/three.js/issues/6982
mrdoob/three.js,6949,material,THREE.Material,https://github.com/mrdoob/three.js/issues/6949
mrdoob/three.js,6945,material,Material/Shader,https://github.com/mrdoob/three.js/issues/6945
mrdoob/three.js,6939,raycast,Raycast,https://github.com/mrdoob/three.js/issues/6939
mrdoob/three.js,6936,raycast,Raycasting,https://github.com/mrdoob/three.js/issues/6936
mrdoob/three.js,6910,material;mesh,MeshPhongMaterial,https://github.com/mrdoob/three.js/issues/6910
mrdoob/three.js,6887,render,SVGRenderer,https://github.com/mrdoob/three.js/issues/6887
mrdoob/three.js,6869,mesh,SkinnedMesh,https://github.com/mrdoob/three.js/issues/6869
mrdoob/three.js,6854,render,WebGLRenderer.loadUniformsGeneric(),https://github.com/mrdoob/three.js/issues/6854
mrdoob/three.js,6847,texture;textures,Textures,https://github.com/mrdoob/three.js/issues/6847
mrdoob/three.js,6844,render,WebGLMultipleRenderers:,https://github.com/mrdoob/three.js/issues/6844
mrdoob/three.js,6839,texture,CubeTexture,https://github.com/mrdoob/three.js/issues/6839
mrdoob/three.js,6801,render,Renderer,https://github.com/mrdoob/three.js/issues/6801
mrdoob/three.js,6791,raycast,raycast,https://github.com/mrdoob/three.js/issues/6791
mrdoob/three.js,6783,render,Render,https://github.com/mrdoob/three.js/issues/6783
mrdoob/three.js,6782,render,WebGLRenderer,https://github.com/mrdoob/three.js/issues/6782
mrdoob/three.js,6779,texture,THREE.ImageUtils.loadTexture,https://github.com/mrdoob/three.js/issues/6779
mrdoob/three.js,6764,blending;skinning,webgl_animation_skinning_blending,https://github.com/mrdoob/three.js/issues/6764
mrdoob/three.js,6763,sprite,Sprite,https://github.com/mrdoob/three.js/issues/6763
mrdoob/three.js,6762,texture,Texture,https://github.com/mrdoob/three.js/issues/6762
mrdoob/three.js,6757,raycast,Raycaster:,https://github.com/mrdoob/three.js/issues/6757
mrdoob/three.js,6743,material;mesh,MeshPhongMaterial:,https://github.com/mrdoob/three.js/issues/6743
mrdoob/three.js,6714,material,PointCouldMaterial,https://github.com/mrdoob/three.js/issues/6714
mrdoob/three.js,6703,mesh,SkinnedMesh.bind,https://github.com/mrdoob/three.js/issues/6703
mrdoob/three.js,6699,material,LineDashedMaterial,https://github.com/mrdoob/three.js/issues/6699
mrdoob/three.js,6692,render,CSS3DRenderer:,https://github.com/mrdoob/three.js/issues/6692
mrdoob/three.js,6672,texture,texture,https://github.com/mrdoob/three.js/issues/6672
mrdoob/three.js,6666,sprite,SpritePlugin,https://github.com/mrdoob/three.js/issues/6666
mrdoob/three.js,6665,texture,Texture,https://github.com/mrdoob/three.js/issues/6665
mrdoob/three.js,6656,render,renderer.getMaxAnisotropy(),https://github.com/mrdoob/three.js/issues/6656
mrdoob/three.js,6642,raycast,Raycaster,https://github.com/mrdoob/three.js/issues/6642
mrdoob/three.js,6628,render,CanvasRenderer,https://github.com/mrdoob/three.js/issues/6628
mrdoob/three.js,6620,mesh,SkinnedMesh,https://github.com/mrdoob/three.js/issues/6620
mrdoob/three.js,6615,raycast,Raycaster.near,https://github.com/mrdoob/three.js/issues/6615
mrdoob/three.js,6603,render,renderOrder,https://github.com/mrdoob/three.js/issues/6603
mrdoob/three.js,6601,render,WebGLRenderer:,https://github.com/mrdoob/three.js/issues/6601
mrdoob/three.js,6593,texture,Texture,https://github.com/mrdoob/three.js/issues/6593
mrdoob/three.js,6586,material;mesh,MeshLambertMaterial,https://github.com/mrdoob/three.js/issues/6586
mrdoob/three.js,6574,material,THREE.ShaderMaterial,https://github.com/mrdoob/three.js/issues/6574
mrdoob/three.js,6567,mesh;meshes,Meshes,https://github.com/mrdoob/three.js/issues/6567
mrdoob/three.js,6559,raycast,Raycaster.setFromCamera,https://github.com/mrdoob/three.js/issues/6559
mrdoob/three.js,6548,raycast,Raycaster,https://github.com/mrdoob/three.js/issues/6548
mrdoob/three.js,6547,raycast,Raycaster,https://github.com/mrdoob/three.js/issues/6547
mrdoob/three.js,6545,material,Material,https://github.com/mrdoob/three.js/issues/6545
mrdoob/three.js,6539,texture,Texture,https://github.com/mrdoob/three.js/issues/6539
mrdoob/three.js,6538,texture,Texture,https://github.com/mrdoob/three.js/issues/6538
mrdoob/three.js,6526,render,Render,https://github.com/mrdoob/three.js/issues/6526
mrdoob/three.js,6510,render,SoftwareRenderer,https://github.com/mrdoob/three.js/issues/6510
mrdoob/three.js,6509,texture,Texture,https://github.com/mrdoob/three.js/issues/6509
mrdoob/three.js,6508,texture,Texture,https://github.com/mrdoob/three.js/issues/6508
mrdoob/three.js,6506,shadowmap,shadowmap,https://github.com/mrdoob/three.js/issues/6506
mrdoob/three.js,6504,visible,isVisible,https://github.com/mrdoob/three.js/issues/6504
mrdoob/three.js,6501,material,Material,https://github.com/mrdoob/three.js/issues/6501
mrdoob/three.js,6476,mesh,Mesh,https://github.com/mrdoob/three.js/issues/6476
mrdoob/three.js,6440,mesh;raycast,THREE.SkinnedMesh.prototype.raycast,https://github.com/mrdoob/three.js/issues/6440
mrdoob/three.js,6436,model,Model,https://github.com/mrdoob/three.js/issues/6436
mrdoob/three.js,6427,material,ShaderMaterial,https://github.com/mrdoob/three.js/issues/6427
mrdoob/three.js,6425,render,renderOrder,https://github.com/mrdoob/three.js/issues/6425
mrdoob/three.js,6418,mesh,Mesh,https://github.com/mrdoob/three.js/issues/6418
mrdoob/three.js,6396,sprite;sprites,Sprites:,https://github.com/mrdoob/three.js/issues/6396
mrdoob/three.js,6395,mesh,mesh,https://github.com/mrdoob/three.js/issues/6395
mrdoob/three.js,6381,raycast,raycaster,https://github.com/mrdoob/three.js/issues/6381
mrdoob/three.js,6361,sprite,Sprite,https://github.com/mrdoob/three.js/issues/6361
mrdoob/three.js,6359,material,ShaderMaterial,https://github.com/mrdoob/three.js/issues/6359
mrdoob/three.js,6355,render,rendertarget,https://github.com/mrdoob/three.js/issues/6355
mrdoob/three.js,6339,render,CanvasRenderer:,https://github.com/mrdoob/three.js/issues/6339
mrdoob/three.js,6332,render;rendering,Rendering,https://github.com/mrdoob/three.js/issues/6332
mrdoob/three.js,6325,raycast,Raycaster,https://github.com/mrdoob/three.js/issues/6325
mrdoob/three.js,6316,render,RenderTarget.generateMipmaps=false,https://github.com/mrdoob/three.js/issues/6316
mrdoob/three.js,6309,material,RawShaderMaterial,https://github.com/mrdoob/three.js/issues/6309
mrdoob/three.js,6236,render,WebGLRenderer,https://github.com/mrdoob/three.js/issues/6236
mrdoob/three.js,6230,raycast,Raycaster.prototype.setFromCamera(),https://github.com/mrdoob/three.js/issues/6230
mrdoob/three.js,6223,visible,visible=false,https://github.com/mrdoob/three.js/issues/6223
mrdoob/three.js,6197,material,THREE.Material:,https://github.com/mrdoob/three.js/issues/6197
mrdoob/three.js,6190,opacity,Opacity/Alpha,https://github.com/mrdoob/three.js/issues/6190
mrdoob/three.js,6173,material,THREE.Material.toJSON,https://github.com/mrdoob/three.js/issues/6173
mrdoob/three.js,6151,mesh,SkinnedMesh,https://github.com/mrdoob/three.js/issues/6151
mrdoob/three.js,6148,material,ShaderMaterial,https://github.com/mrdoob/three.js/issues/6148
mrdoob/three.js,6145,render,.renderOrder,https://github.com/mrdoob/three.js/issues/6145
mrdoob/three.js,6120,blending,AnimationBlending,https://github.com/mrdoob/three.js/issues/6120
mrdoob/three.js,6116,mesh,mesh,https://github.com/mrdoob/three.js/issues/6116
mrdoob/three.js,6111,model,model,https://github.com/mrdoob/three.js/issues/6111
mrdoob/three.js,6098,sprite;sprites,Sprites,https://github.com/mrdoob/three.js/issues/6098
mrdoob/three.js,6089,material,initMaterial,https://github.com/mrdoob/three.js/issues/6089
mrdoob/three.js,6079,visible,webgl_interactive_lines_visible_sphere,https://github.com/mrdoob/three.js/issues/6079
mrdoob/three.js,6068,raycast,Raycaster,https://github.com/mrdoob/three.js/issues/6068
mrdoob/three.js,6057,material;mesh,MeshPhongMaterial,https://github.com/mrdoob/three.js/issues/6057
mrdoob/three.js,6047,material,PointCloudMaterial,https://github.com/mrdoob/three.js/issues/6047
mrdoob/three.js,6033,texture;textures,Textures,https://github.com/mrdoob/three.js/issues/6033
mrdoob/three.js,6027,render;rendered,Rendered,https://github.com/mrdoob/three.js/issues/6027
mrdoob/three.js,6022,render,WebGLRenderTarget,https://github.com/mrdoob/three.js/issues/6022
mrdoob/three.js,5994,raycast,raycast,https://github.com/mrdoob/three.js/issues/5994
mrdoob/three.js,5981,render,WebGLRenderer:,https://github.com/mrdoob/three.js/issues/5981
mrdoob/three.js,5975,render,WebGLRenderer:,https://github.com/mrdoob/three.js/issues/5975
mrdoob/three.js,5961,render,Renderer,https://github.com/mrdoob/three.js/issues/5961
mrdoob/three.js,5940,render,WebGLRenderer:,https://github.com/mrdoob/three.js/issues/5940
mrdoob/three.js,5911,render,WebGLRenderer.customCullCallback,https://github.com/mrdoob/three.js/issues/5911
mrdoob/three.js,5905,raycast,Raycaster,https://github.com/mrdoob/three.js/issues/5905
mrdoob/three.js,5900,render,THREE.WebGLRenderer:,https://github.com/mrdoob/three.js/issues/5900
mrdoob/three.js,5896,render,renderer.shadowDebug,https://github.com/mrdoob/three.js/issues/5896
mrdoob/three.js,5892,render,SoftwareRenderer,https://github.com/mrdoob/three.js/issues/5892
mrdoob/three.js,5883,texture,`loadTextureCube`,https://github.com/mrdoob/three.js/issues/5883
mrdoob/three.js,5874,texture;textures,Textures,https://github.com/mrdoob/three.js/issues/5874
mrdoob/three.js,5867,skinning,Skinning,https://github.com/mrdoob/three.js/issues/5867
mrdoob/three.js,5827,raycast,Raycasting,https://github.com/mrdoob/three.js/issues/5827
mrdoob/three.js,5821,texture,Texture.clone(),https://github.com/mrdoob/three.js/issues/5821
mrdoob/three.js,5816,mesh,THREE.MeshGroup,https://github.com/mrdoob/three.js/issues/5816
mrdoob/three.js,5815,render,WebGLDeferredRenderer,https://github.com/mrdoob/three.js/issues/5815
mrdoob/three.js,5811,render,WebGLRenderer:,https://github.com/mrdoob/three.js/issues/5811
mrdoob/three.js,5808,texture,Texture,https://github.com/mrdoob/three.js/issues/5808
mrdoob/three.js,5807,texture,CompressedTextureLoader.js,https://github.com/mrdoob/three.js/issues/5807
mrdoob/three.js,5806,mesh,Mesh,https://github.com/mrdoob/three.js/issues/5806
mrdoob/three.js,5795,material,MaterialIndex,https://github.com/mrdoob/three.js/issues/5795
mrdoob/three.js,5774,raycast,Raycaster,https://github.com/mrdoob/three.js/issues/5774
mrdoob/three.js,5765,material,Material,https://github.com/mrdoob/three.js/issues/5765
mrdoob/three.js,5761,texture,Texture,https://github.com/mrdoob/three.js/issues/5761
mrdoob/three.js,5756,mesh,Mesh,https://github.com/mrdoob/three.js/issues/5756
mrdoob/three.js,5744,sprite,Sprite,https://github.com/mrdoob/three.js/issues/5744
mrdoob/three.js,5741,material,material.enhancedLightmaps,https://github.com/mrdoob/three.js/issues/5741
mrdoob/three.js,5739,material,material.enhancedLightmaps,https://github.com/mrdoob/three.js/issues/5739
mrdoob/three.js,5731,render,Renderer,https://github.com/mrdoob/three.js/issues/5731
mrdoob/three.js,5724,render,CanvasRenderer,https://github.com/mrdoob/three.js/issues/5724
mrdoob/three.js,5714,material;mesh,MeshFaceMaterial,https://github.com/mrdoob/three.js/issues/5714
mrdoob/three.js,5707,stereo,StereoEffect,https://github.com/mrdoob/three.js/issues/5707
mrdoob/three.js,5703,material,Material,https://github.com/mrdoob/three.js/issues/5703
mrdoob/three.js,5702,render,CanvasRenderer,https://github.com/mrdoob/three.js/issues/5702
mrdoob/three.js,5698,render,RaytracerRender.js,https://github.com/mrdoob/three.js/issues/5698
mrdoob/three.js,5691,raycast,Raycaster,https://github.com/mrdoob/three.js/issues/5691
mrdoob/three.js,5663,render,CanvasRenderer:,https://github.com/mrdoob/three.js/issues/5663
mrdoob/three.js,5644,texture,Texture,https://github.com/mrdoob/three.js/issues/5644
mrdoob/three.js,5617,raycast,Raycasting,https://github.com/mrdoob/three.js/issues/5617
mrdoob/three.js,5613,raycast,Raycaster,https://github.com/mrdoob/three.js/issues/5613
mrdoob/three.js,5608,material,ParticleBasicMaterial,https://github.com/mrdoob/three.js/issues/5608
mrdoob/three.js,5593,render,renderDepth,https://github.com/mrdoob/three.js/issues/5593
mrdoob/three.js,5570,material;mesh,THREE.MeshBasicMaterial.protoype.constructor,https://github.com/mrdoob/three.js/issues/5570
mrdoob/three.js,5548,render,CanvasRenderer,https://github.com/mrdoob/three.js/issues/5548
mrdoob/three.js,5513,visible,Object3D.visible,https://github.com/mrdoob/three.js/issues/5513
mrdoob/three.js,5502,texture;textures,Textures,https://github.com/mrdoob/three.js/issues/5502
mrdoob/three.js,5496,render,renderDepth,https://github.com/mrdoob/three.js/issues/5496
mrdoob/three.js,5468,render,.renderDepth,https://github.com/mrdoob/three.js/issues/5468
mrdoob/three.js,5451,raycast,Raycast,https://github.com/mrdoob/three.js/issues/5451
mrdoob/three.js,5444,raycast,raycaster,https://github.com/mrdoob/three.js/issues/5444
mrdoob/three.js,5402,texture;textures,Depthtextures,https://github.com/mrdoob/three.js/issues/5402
mrdoob/three.js,5386,texture,loadTextureCube,https://github.com/mrdoob/three.js/issues/5386
mrdoob/three.js,5377,material,ArrowHelperReplaceHexToMaterial,https://github.com/mrdoob/three.js/issues/5377
mrdoob/three.js,5372,material,PointCloudMaterial,https://github.com/mrdoob/three.js/issues/5372
mrdoob/three.js,5321,mesh,"Mesh,",https://github.com/mrdoob/three.js/issues/5321
mrdoob/three.js,5318,model;models,models,https://github.com/mrdoob/three.js/issues/5318
mrdoob/three.js,5285,render,WebGLRenderer,https://github.com/mrdoob/three.js/issues/5285
mrdoob/three.js,5278,render,WebGLRenderer,https://github.com/mrdoob/three.js/issues/5278
mrdoob/three.js,5255,render,CSS3DRender,https://github.com/mrdoob/three.js/issues/5255
mrdoob/three.js,5251,material;mesh,MeshDepthMaterial,https://github.com/mrdoob/three.js/issues/5251
mrdoob/three.js,5242,render;rendering,Rendering,https://github.com/mrdoob/three.js/issues/5242
mrdoob/three.js,5235,render;shadowmap,renderer.shadowMapCullFace,https://github.com/mrdoob/three.js/issues/5235
mrdoob/three.js,5199,model,model,https://github.com/mrdoob/three.js/issues/5199
mrdoob/three.js,5194,render,WebGLRenderer,https://github.com/mrdoob/three.js/issues/5194
mrdoob/three.js,5167,raycast,Raycast,https://github.com/mrdoob/three.js/issues/5167
mrdoob/three.js,5153,render,SoftwareRenderer,https://github.com/mrdoob/three.js/issues/5153
mrdoob/three.js,5149,model,Model,https://github.com/mrdoob/three.js/issues/5149
mrdoob/three.js,5139,render,CanvasRenderer,https://github.com/mrdoob/three.js/issues/5139
mrdoob/three.js,5134,texture,Texture,https://github.com/mrdoob/three.js/issues/5134
mrdoob/three.js,5133,sprite;sprites,Sprites,https://github.com/mrdoob/three.js/issues/5133
mrdoob/three.js,5129,material;skinning,material.skinning=true,https://github.com/mrdoob/three.js/issues/5129
mrdoob/three.js,5114,texture,THREE.TextureProjector,https://github.com/mrdoob/three.js/issues/5114
mrdoob/three.js,5085,render;rendering,Rendering,https://github.com/mrdoob/three.js/issues/5085
mrdoob/three.js,5072,texture;textures,textures,https://github.com/mrdoob/three.js/issues/5072
mrdoob/three.js,5070,render,render,https://github.com/mrdoob/three.js/issues/5070
mrdoob/three.js,5064,render,CanvasRenderer,https://github.com/mrdoob/three.js/issues/5064
mrdoob/three.js,5061,render,WebGLRenderer's,https://github.com/mrdoob/three.js/issues/5061
mrdoob/three.js,5051,mesh,MorphAnimMesh,https://github.com/mrdoob/three.js/issues/5051
mrdoob/three.js,5028,material;mesh,MeshBasicMaterial,https://github.com/mrdoob/three.js/issues/5028
mrdoob/three.js,5015,render,Renderer,https://github.com/mrdoob/three.js/issues/5015
mrdoob/three.js,4990,render,WebGLRenderer:,https://github.com/mrdoob/three.js/issues/4990
mrdoob/three.js,4962,render,SimulationRenderer,https://github.com/mrdoob/three.js/issues/4962
mrdoob/three.js,4931,raycast,Raycast,https://github.com/mrdoob/three.js/issues/4931
mrdoob/three.js,4921,render,CanvasRenderer:,https://github.com/mrdoob/three.js/issues/4921
mrdoob/three.js,4896,material,deallocateMaterial(),https://github.com/mrdoob/three.js/issues/4896
mrdoob/three.js,4863,render,WebglRenderer,https://github.com/mrdoob/three.js/issues/4863
mrdoob/three.js,4833,render,renderer.clear(),https://github.com/mrdoob/three.js/issues/4833
mrdoob/three.js,4830,texture,Texture,https://github.com/mrdoob/three.js/issues/4830
mrdoob/three.js,4820,mesh,Mesh,https://github.com/mrdoob/three.js/issues/4820
mrdoob/three.js,4807,texture,Texture,https://github.com/mrdoob/three.js/issues/4807
mrdoob/three.js,4803,texture,TextureLoader:,https://github.com/mrdoob/three.js/issues/4803
mrdoob/three.js,4800,mesh,SkinnedMesh,https://github.com/mrdoob/three.js/issues/4800
mrdoob/three.js,4799,shadowmap,Shadowmap,https://github.com/mrdoob/three.js/issues/4799
mrdoob/three.js,4796,mesh,Mesh,https://github.com/mrdoob/three.js/issues/4796
mrdoob/three.js,4768,raycast,Raycasting,https://github.com/mrdoob/three.js/issues/4768
mrdoob/three.js,4763,render,WebGLRenderer,https://github.com/mrdoob/three.js/issues/4763
mrdoob/three.js,4741,material;materials,MaterialShader,https://github.com/mrdoob/three.js/issues/4741
mrdoob/three.js,4717,mesh,toMesh,https://github.com/mrdoob/three.js/issues/4717
mrdoob/three.js,4710,display,Display,https://github.com/mrdoob/three.js/issues/4710
mrdoob/three.js,4694,render;rendering,DeferredRendering,https://github.com/mrdoob/three.js/issues/4694
mrdoob/three.js,4625,render,CanvasRenderer:,https://github.com/mrdoob/three.js/issues/4625
mrdoob/three.js,4593,texture,Texture,https://github.com/mrdoob/three.js/issues/4593
mrdoob/three.js,4581,shadowmap,shadowmap,https://github.com/mrdoob/three.js/issues/4581
mrdoob/three.js,4573,texture,ImageUtils.loadTexture:,https://github.com/mrdoob/three.js/issues/4573
mrdoob/three.js,4564,mesh,THREE.Mesh.clone(),https://github.com/mrdoob/three.js/issues/4564
mrdoob/three.js,4560,material,extrudeMaterial,https://github.com/mrdoob/three.js/issues/4560
mrdoob/three.js,4550,skinning,skinning,https://github.com/mrdoob/three.js/issues/4550
mrdoob/three.js,4538,render,WebGLRenderer,https://github.com/mrdoob/three.js/issues/4538
mrdoob/three.js,4503,model,model,https://github.com/mrdoob/three.js/issues/4503
mrdoob/three.js,4457,material,materialIndexes?,https://github.com/mrdoob/three.js/issues/4457
mrdoob/three.js,4439,render,WebGLRenderer:,https://github.com/mrdoob/three.js/issues/4439
mrdoob/three.js,4438,render,renderer,https://github.com/mrdoob/three.js/issues/4438
mrdoob/three.js,4430,blending,Blending,https://github.com/mrdoob/three.js/issues/4430
mrdoob/three.js,4423,material,material,https://github.com/mrdoob/three.js/issues/4423
mrdoob/three.js,4363,render,WebGLRenderer:,https://github.com/mrdoob/three.js/issues/4363
mrdoob/three.js,4360,render,WebGLRenderer:,https://github.com/mrdoob/three.js/issues/4360
mrdoob/three.js,4330,texture,"texture.repeat.set(2,",https://github.com/mrdoob/three.js/issues/4330
mrdoob/three.js,4323,render,WebGLRenderer,https://github.com/mrdoob/three.js/issues/4323
mrdoob/three.js,4316,texture,CompressedTexture:,https://github.com/mrdoob/three.js/issues/4316
mrdoob/three.js,4315,render,WebGLRenderer:,https://github.com/mrdoob/three.js/issues/4315
mrdoob/three.js,4288,render,CanvasRenderer:,https://github.com/mrdoob/three.js/issues/4288
mrdoob/three.js,4285,render,CanvasRenderer:,https://github.com/mrdoob/three.js/issues/4285
mrdoob/three.js,4284,mesh,THREE.Mesh,https://github.com/mrdoob/three.js/issues/4284
mrdoob/three.js,4270,render,Render,https://github.com/mrdoob/three.js/issues/4270
mrdoob/three.js,4265,material;mesh,MeshBasicMaterial,https://github.com/mrdoob/three.js/issues/4265
mrdoob/three.js,4264,material,Material,https://github.com/mrdoob/three.js/issues/4264
mrdoob/three.js,4251,shadowmap,Shadowmap,https://github.com/mrdoob/three.js/issues/4251
mrdoob/three.js,4250,sprite,sprite,https://github.com/mrdoob/three.js/issues/4250
mrdoob/three.js,4247,sprite,Sprite,https://github.com/mrdoob/three.js/issues/4247
mrdoob/three.js,4235,invisible;visible,Invisible,https://github.com/mrdoob/three.js/issues/4235
mrdoob/three.js,4205,texture,texture,https://github.com/mrdoob/three.js/issues/4205
mrdoob/three.js,4196,render;rendering,Rendering,https://github.com/mrdoob/three.js/issues/4196
mrdoob/three.js,4182,material;sprite,SpriteCanvasMaterial,https://github.com/mrdoob/three.js/issues/4182
mrdoob/three.js,4152,skinning,skinning,https://github.com/mrdoob/three.js/issues/4152
mrdoob/three.js,4150,render,WebGLRenderer,https://github.com/mrdoob/three.js/issues/4150
mrdoob/three.js,4146,render,CanvasRenderer,https://github.com/mrdoob/three.js/issues/4146
mrdoob/three.js,4144,render,CanvasRenderer:,https://github.com/mrdoob/three.js/issues/4144
mrdoob/three.js,4123,sprite;sprites,Sprites,https://github.com/mrdoob/three.js/issues/4123
mrdoob/three.js,4121,sprite,Sprite,https://github.com/mrdoob/three.js/issues/4121
mrdoob/three.js,4101,render;rendered,CanvasRendered,https://github.com/mrdoob/three.js/issues/4101
mrdoob/three.js,4048,texture,Texture,https://github.com/mrdoob/three.js/issues/4048
mrdoob/three.js,4042,opacity,opacity,https://github.com/mrdoob/three.js/issues/4042
mrdoob/three.js,4019,render,CanvasRenderer,https://github.com/mrdoob/three.js/issues/4019
mrdoob/three.js,4018,texture,Texture,https://github.com/mrdoob/three.js/issues/4018
mrdoob/three.js,4017,model,Model,https://github.com/mrdoob/three.js/issues/4017
mrdoob/three.js,3992,render,Renderer,https://github.com/mrdoob/three.js/issues/3992
mrdoob/three.js,3969,raycast,Raycaster,https://github.com/mrdoob/three.js/issues/3969
mrdoob/three.js,3964,render,WebGLRenderer,https://github.com/mrdoob/three.js/issues/3964
mrdoob/three.js,3957,material,THREE.GeometryUtils.setMaterialIndex,https://github.com/mrdoob/three.js/issues/3957
mrdoob/three.js,3943,render,WebGLRenderer,https://github.com/mrdoob/three.js/issues/3943
mrdoob/three.js,3923,sprite,SpritePlugin.js,https://github.com/mrdoob/three.js/issues/3923
mrdoob/three.js,3886,texture,texture.repeat,https://github.com/mrdoob/three.js/issues/3886
mrdoob/three.js,3872,material,ParticleBasicMaterial.clone(),https://github.com/mrdoob/three.js/issues/3872
mrdoob/three.js,3849,transparency,Transparency,https://github.com/mrdoob/three.js/issues/3849
mrdoob/three.js,3846,material;materials,Materials:,https://github.com/mrdoob/three.js/issues/3846
mrdoob/three.js,3830,model,Model,https://github.com/mrdoob/three.js/issues/3830
mrdoob/three.js,3806,sprite;sprites,css3d_sprites,https://github.com/mrdoob/three.js/issues/3806
mrdoob/three.js,3790,material,overrideMaterial,https://github.com/mrdoob/three.js/issues/3790
mrdoob/three.js,3787,material;mesh,MeshFaceMaterial,https://github.com/mrdoob/three.js/issues/3787
mrdoob/three.js,3779,raycast,Raycasting,https://github.com/mrdoob/three.js/issues/3779
mrdoob/three.js,3773,render,Renderer,https://github.com/mrdoob/three.js/issues/3773
mrdoob/three.js,3765,texture,texture,https://github.com/mrdoob/three.js/issues/3765
mrdoob/three.js,3711,raycast,Raycasting,https://github.com/mrdoob/three.js/issues/3711
mrdoob/three.js,3708,raycast,RayCaster's,https://github.com/mrdoob/three.js/issues/3708
mrdoob/three.js,3702,sprite;sprites,Sprites,https://github.com/mrdoob/three.js/issues/3702
mrdoob/three.js,3701,sprite,Sprite,https://github.com/mrdoob/three.js/issues/3701
mrdoob/three.js,3700,model,Model,https://github.com/mrdoob/three.js/issues/3700
mrdoob/three.js,3692,raycast,RayCaster's,https://github.com/mrdoob/three.js/issues/3692
mrdoob/three.js,3677,sprite;sprites,Sprites,https://github.com/mrdoob/three.js/issues/3677
mrdoob/three.js,3659,raycast,Raycaster,https://github.com/mrdoob/three.js/issues/3659
mrdoob/three.js,3655,raycast,Raycaster,https://github.com/mrdoob/three.js/issues/3655
mrdoob/three.js,3644,texture;textures,Textures,https://github.com/mrdoob/three.js/issues/3644
mrdoob/three.js,3613,raycast,Raycaster,https://github.com/mrdoob/three.js/issues/3613
mrdoob/three.js,3603,texture,texture2D,https://github.com/mrdoob/three.js/issues/3603
mrdoob/three.js,3594,render;rendering,WebGLRenderingContext:,https://github.com/mrdoob/three.js/issues/3594
mrdoob/three.js,3572,material;mesh,MeshFaceMaterial,https://github.com/mrdoob/three.js/issues/3572
mrdoob/three.js,3549,texture,Texture.offset/repeat,https://github.com/mrdoob/three.js/issues/3549
mrdoob/three.js,3546,render,CSS3DRenderer,https://github.com/mrdoob/three.js/issues/3546
mrdoob/three.js,3541,raycast,Raycaster.intersectObjects(),https://github.com/mrdoob/three.js/issues/3541
mrdoob/three.js,3540,material;mesh,MeshFaceMaterial,https://github.com/mrdoob/three.js/issues/3540
mrdoob/three.js,3533,stereo,Stereo,https://github.com/mrdoob/three.js/issues/3533
mrdoob/three.js,3509,render,WebGLRenderer:,https://github.com/mrdoob/three.js/issues/3509
mrdoob/three.js,3505,material,LineBasicMaterial.linewidth,https://github.com/mrdoob/three.js/issues/3505
mrdoob/three.js,3503,raycast,Raycaster,https://github.com/mrdoob/three.js/issues/3503
mrdoob/three.js,3490,opacity,opacity,https://github.com/mrdoob/three.js/issues/3490
mrdoob/three.js,3458,material;mesh,Meshfacematerial,https://github.com/mrdoob/three.js/issues/3458
mrdoob/three.js,3457,material;mesh,Meshfacematerialeditor,https://github.com/mrdoob/three.js/issues/3457
mrdoob/three.js,3433,render,WebGLDeferredRenderer,https://github.com/mrdoob/three.js/issues/3433
mrdoob/three.js,3417,sprite;sprites,Sprites,https://github.com/mrdoob/three.js/issues/3417
mrdoob/three.js,3393,texture,THREE.Texture,https://github.com/mrdoob/three.js/issues/3393
mrdoob/three.js,3337,texture,Texture,https://github.com/mrdoob/three.js/issues/3337
mrdoob/three.js,3321,sprite;sprites,Sprites,https://github.com/mrdoob/three.js/issues/3321
mrdoob/three.js,3287,material,THREE.Loader.createMaterial(),https://github.com/mrdoob/three.js/issues/3287
mrdoob/three.js,3280,render,CSS3DRenderer,https://github.com/mrdoob/three.js/issues/3280
mrdoob/three.js,3253,render,CanvasRenderer,https://github.com/mrdoob/three.js/issues/3253
mrdoob/three.js,3243,raycast,Raycaster,https://github.com/mrdoob/three.js/issues/3243
mrdoob/three.js,3236,material;materials,webgl_materials_normalmap2.html,https://github.com/mrdoob/three.js/issues/3236
mrdoob/three.js,3225,render,CSS3DRenderer,https://github.com/mrdoob/three.js/issues/3225
mrdoob/three.js,3214,render,Render,https://github.com/mrdoob/three.js/issues/3214
mrdoob/three.js,3192,render,RenderTarget,https://github.com/mrdoob/three.js/issues/3192
mrdoob/three.js,3172,texture,Texture,https://github.com/mrdoob/three.js/issues/3172
mrdoob/three.js,3163,texture,Texture,https://github.com/mrdoob/three.js/issues/3163
mrdoob/three.js,3150,render,WebGLRenderer:,https://github.com/mrdoob/three.js/issues/3150
mrdoob/three.js,3148,transparency,Transparency,https://github.com/mrdoob/three.js/issues/3148
mrdoob/three.js,3145,material,ShaderMaterial,https://github.com/mrdoob/three.js/issues/3145
mrdoob/three.js,3125,render,CanvasRenderer,https://github.com/mrdoob/three.js/issues/3125
mrdoob/three.js,3120,render,DeferredRenderer,https://github.com/mrdoob/three.js/issues/3120
mrdoob/three.js,3065,material;mesh,MeshLambertMaterial.color,https://github.com/mrdoob/three.js/issues/3065
mrdoob/three.js,3049,transparency,Transparency,https://github.com/mrdoob/three.js/issues/3049
mrdoob/three.js,3045,material,LineBasicMaterial.linewidth,https://github.com/mrdoob/three.js/issues/3045
mrdoob/three.js,3038,render,"SVGRenderer,",https://github.com/mrdoob/three.js/issues/3038
mrdoob/three.js,3006,texture,Texture,https://github.com/mrdoob/three.js/issues/3006
mrdoob/three.js,2994,render,CanvasRenderer,https://github.com/mrdoob/three.js/issues/2994
mrdoob/three.js,2983,render,THREE.WebGLRenderTarget,https://github.com/mrdoob/three.js/issues/2983
mrdoob/three.js,2977,mesh,Mesh.faces,https://github.com/mrdoob/three.js/issues/2977
mrdoob/three.js,2974,material;mesh,MeshLambertMaterial.transparent,https://github.com/mrdoob/three.js/issues/2974
mrdoob/three.js,2968,texture,DataTexture,https://github.com/mrdoob/three.js/issues/2968
mrdoob/three.js,2962,transparency,Transparency,https://github.com/mrdoob/three.js/issues/2962
mrdoob/three.js,2957,render,WebglRenderer2,https://github.com/mrdoob/three.js/issues/2957
mrdoob/three.js,2944,raycast,Raycasting,https://github.com/mrdoob/three.js/issues/2944
mrdoob/three.js,2939,sprite,Sprite.clone(),https://github.com/mrdoob/three.js/issues/2939
mrdoob/three.js,2937,material;mesh,MeshColorNormalMaterial,https://github.com/mrdoob/three.js/issues/2937
mrdoob/three.js,2929,render,SoftwareRender,https://github.com/mrdoob/three.js/issues/2929
mrdoob/three.js,2909,render,Webglrenderer2:,https://github.com/mrdoob/three.js/issues/2909
mrdoob/three.js,2891,raycast,Raycaster,https://github.com/mrdoob/three.js/issues/2891
mrdoob/three.js,2835,sprite;sprites,Sprites,https://github.com/mrdoob/three.js/issues/2835
mrdoob/three.js,2826,texture,ImageUtils.loadTexture,https://github.com/mrdoob/three.js/issues/2826
mrdoob/three.js,2816,texture;textures,Textures,https://github.com/mrdoob/three.js/issues/2816
mrdoob/three.js,2791,texture,texture.update(),https://github.com/mrdoob/three.js/issues/2791
mrdoob/three.js,2784,render,Non-renderable,https://github.com/mrdoob/three.js/issues/2784
mrdoob/three.js,2777,transparency,Transparency,https://github.com/mrdoob/three.js/issues/2777
mrdoob/three.js,2767,render,Renderer,https://github.com/mrdoob/three.js/issues/2767
mrdoob/three.js,2716,material,material.wireframeLinewidth,https://github.com/mrdoob/three.js/issues/2716
mrdoob/three.js,2713,material;mesh,MeshDepthMaterial,https://github.com/mrdoob/three.js/issues/2713
mrdoob/three.js,2701,material;materials,examples/webgl_materials_video.html,https://github.com/mrdoob/three.js/issues/2701
mrdoob/three.js,2663,render;rendering,Rendering,https://github.com/mrdoob/three.js/issues/2663
mrdoob/three.js,2648,texture,texture,https://github.com/mrdoob/three.js/issues/2648
mrdoob/three.js,2627,model,Model,https://github.com/mrdoob/three.js/issues/2627
mrdoob/three.js,2607,render,CanvasRenderer,https://github.com/mrdoob/three.js/issues/2607
mrdoob/three.js,2547,render,render,https://github.com/mrdoob/three.js/issues/2547
mrdoob/three.js,2538,skinning,Skinning:,https://github.com/mrdoob/three.js/issues/2538
mrdoob/three.js,2534,material,ShaderMaterial,https://github.com/mrdoob/three.js/issues/2534
mrdoob/three.js,2527,render,CanvasRenderer,https://github.com/mrdoob/three.js/issues/2527
mrdoob/three.js,2498,transparency,Transparency,https://github.com/mrdoob/three.js/issues/2498
mrdoob/three.js,2496,sprite;sprites,Sprites,https://github.com/mrdoob/three.js/issues/2496
mrdoob/three.js,2495,skinning,skinning,https://github.com/mrdoob/three.js/issues/2495
mrdoob/three.js,2489,mesh,SkinnedMesh:,https://github.com/mrdoob/three.js/issues/2489
mrdoob/three.js,2487,render;rendering,Rendering,https://github.com/mrdoob/three.js/issues/2487
mrdoob/three.js,2468,render,Render,https://github.com/mrdoob/three.js/issues/2468
mrdoob/three.js,2421,texture;textures,Textures,https://github.com/mrdoob/three.js/issues/2421
mrdoob/three.js,2413,model,model:,https://github.com/mrdoob/three.js/issues/2413
mrdoob/three.js,2394,model,Model,https://github.com/mrdoob/three.js/issues/2394
mrdoob/three.js,2386,render,object.renderDepth,https://github.com/mrdoob/three.js/issues/2386
mrdoob/three.js,2348,texture,THREE.Texture,https://github.com/mrdoob/three.js/issues/2348
mrdoob/three.js,2336,skinning,Skinning,https://github.com/mrdoob/three.js/issues/2336
mrdoob/three.js,2304,texture,Texture,https://github.com/mrdoob/three.js/issues/2304
mrdoob/three.js,2302,texture,Texture,https://github.com/mrdoob/three.js/issues/2302
mrdoob/three.js,2293,skinning,Skinning,https://github.com/mrdoob/three.js/issues/2293
mrdoob/three.js,2266,render,CanvasRenderer,https://github.com/mrdoob/three.js/issues/2266
mrdoob/three.js,2259,mesh,Mesh,https://github.com/mrdoob/three.js/issues/2259
mrdoob/three.js,2237,material,material.needsUpdate,https://github.com/mrdoob/three.js/issues/2237
mrdoob/three.js,2233,texture,texture.needsUpdate,https://github.com/mrdoob/three.js/issues/2233
mrdoob/three.js,2191,model,Model-Exporter:,https://github.com/mrdoob/three.js/issues/2191
mrdoob/three.js,2180,material,Material,https://github.com/mrdoob/three.js/issues/2180
mrdoob/three.js,2164,render;texture,Render-To-Texture,https://github.com/mrdoob/three.js/issues/2164
mrdoob/three.js,2146,render,WebGLRenderer,https://github.com/mrdoob/three.js/issues/2146
mrdoob/three.js,2101,render,Render,https://github.com/mrdoob/three.js/issues/2101
mrdoob/three.js,2089,render,CanvasRenderer,https://github.com/mrdoob/three.js/issues/2089
mrdoob/three.js,2057,material;materials,Materials,https://github.com/mrdoob/three.js/issues/2057
mrdoob/three.js,2056,texture,texture,https://github.com/mrdoob/three.js/issues/2056
mrdoob/three.js,2032,texture,THREE.ImageUtils.loadTexture,https://github.com/mrdoob/three.js/issues/2032
mrdoob/three.js,2031,render,CanvasRenderer,https://github.com/mrdoob/three.js/issues/2031
mrdoob/three.js,2024,render,CanvasRenderer,https://github.com/mrdoob/three.js/issues/2024
mrdoob/three.js,2023,shadowmap,shadowMap,https://github.com/mrdoob/three.js/issues/2023
mrdoob/three.js,1998,render;rendering,rendering,https://github.com/mrdoob/three.js/issues/1998
mrdoob/three.js,1939,material;mesh,MeshLambertMaterial,https://github.com/mrdoob/three.js/issues/1939
mrdoob/three.js,1930,render,VMLRenderer?,https://github.com/mrdoob/three.js/issues/1930
mrdoob/three.js,1926,texture,THREE.ImageUtils.loadTextureCube(),https://github.com/mrdoob/three.js/issues/1926
mrdoob/three.js,1900,material,THREE.ShaderMaterial,https://github.com/mrdoob/three.js/issues/1900
mrdoob/three.js,1897,material,ParticleBasicMaterial.depthTest,https://github.com/mrdoob/three.js/issues/1897
mrdoob/three.js,1896,render;rendering,Rendering,https://github.com/mrdoob/three.js/issues/1896
mrdoob/three.js,1890,render,renderBufferImmediate,https://github.com/mrdoob/three.js/issues/1890
mrdoob/three.js,1865,render,Render,https://github.com/mrdoob/three.js/issues/1865
mrdoob/three.js,1842,raycast,raycasting,https://github.com/mrdoob/three.js/issues/1842
mrdoob/three.js,1836,material,ShaderMaterial,https://github.com/mrdoob/three.js/issues/1836
mrdoob/three.js,1834,render,ImmediateRenderObject:,https://github.com/mrdoob/three.js/issues/1834
mrdoob/three.js,1732,sprite,Sprite,https://github.com/mrdoob/three.js/issues/1732
mrdoob/three.js,1682,texture,Texture,https://github.com/mrdoob/three.js/issues/1682
mrdoob/three.js,1655,display,Displaying,https://github.com/mrdoob/three.js/issues/1655
mrdoob/three.js,1652,display,Displaying,https://github.com/mrdoob/three.js/issues/1652
mrdoob/three.js,1637,shadowmap,ShadowMap,https://github.com/mrdoob/three.js/issues/1637
mrdoob/three.js,1636,render,CanvasRenderer:,https://github.com/mrdoob/three.js/issues/1636
mrdoob/three.js,1601,render,CanvasRenderer,https://github.com/mrdoob/three.js/issues/1601
mrdoob/three.js,1578,render,Render,https://github.com/mrdoob/three.js/issues/1578
mrdoob/three.js,1566,render,RenderTarget,https://github.com/mrdoob/three.js/issues/1566
mrdoob/three.js,1560,material;mesh,THREE.MeshFaceMaterial,https://github.com/mrdoob/three.js/issues/1560
mrdoob/three.js,1503,render,CanvasRenderer.js,https://github.com/mrdoob/three.js/issues/1503
mrdoob/three.js,1500,sprite,Sprite,https://github.com/mrdoob/three.js/issues/1500
mrdoob/three.js,1490,material,ShaderMaterial,https://github.com/mrdoob/three.js/issues/1490
mrdoob/three.js,1472,render,renderer.domElement.toDataURL,https://github.com/mrdoob/three.js/issues/1472
mrdoob/three.js,1463,render,Render,https://github.com/mrdoob/three.js/issues/1463
mrdoob/three.js,1456,texture;textures,Textures,https://github.com/mrdoob/three.js/issues/1456
mrdoob/three.js,1422,texture,Texture,https://github.com/mrdoob/three.js/issues/1422
mrdoob/three.js,1389,render,CanvasRenderer,https://github.com/mrdoob/three.js/issues/1389
mrdoob/three.js,1383,render,WebGLRenderer,https://github.com/mrdoob/three.js/issues/1383
mrdoob/three.js,1362,material,Material,https://github.com/mrdoob/three.js/issues/1362
mrdoob/three.js,1338,texture,Texture,https://github.com/mrdoob/three.js/issues/1338
mrdoob/three.js,1288,model;models,Models,https://github.com/mrdoob/three.js/issues/1288
mrdoob/three.js,1277,render;rendering,rendering,https://github.com/mrdoob/three.js/issues/1277
mrdoob/three.js,1275,display,display,https://github.com/mrdoob/three.js/issues/1275
mrdoob/three.js,1259,model,GL_MODELVIEW,https://github.com/mrdoob/three.js/issues/1259
mrdoob/three.js,1257,render,Render,https://github.com/mrdoob/three.js/issues/1257
mrdoob/three.js,1243,texture,Texture,https://github.com/mrdoob/three.js/issues/1243
mrdoob/three.js,1235,texture,DataTexture,https://github.com/mrdoob/three.js/issues/1235
mrdoob/three.js,1233,render,WebGLRenderer,https://github.com/mrdoob/three.js/issues/1233
mrdoob/three.js,1227,render,CanvasRenderer,https://github.com/mrdoob/three.js/issues/1227
mrdoob/three.js,1220,mesh,Mesh,https://github.com/mrdoob/three.js/issues/1220
mrdoob/three.js,1207,material,Material's,https://github.com/mrdoob/three.js/issues/1207
mrdoob/three.js,1200,texture,Texture,https://github.com/mrdoob/three.js/issues/1200
mrdoob/three.js,1190,render,CanvasRenderer:,https://github.com/mrdoob/three.js/issues/1190
mrdoob/three.js,1185,render,WebGLRenderer,https://github.com/mrdoob/three.js/issues/1185
mrdoob/three.js,1164,render,CanvasRenderer,https://github.com/mrdoob/three.js/issues/1164
mrdoob/three.js,1162,texture;textures,Textures,https://github.com/mrdoob/three.js/issues/1162
mrdoob/three.js,1155,render,CanvasRenderer,https://github.com/mrdoob/three.js/issues/1155
mrdoob/three.js,1106,mesh,Mesh,https://github.com/mrdoob/three.js/issues/1106
mrdoob/three.js,1104,render,WebGLRenderer',https://github.com/mrdoob/three.js/issues/1104
mrdoob/three.js,1086,render,CanvasRenderer,https://github.com/mrdoob/three.js/issues/1086
mrdoob/three.js,1077,model,Model,https://github.com/mrdoob/three.js/issues/1077
mrdoob/three.js,1060,shadowmap,Shadowmap,https://github.com/mrdoob/three.js/issues/1060
mrdoob/three.js,1048,display,Display,https://github.com/mrdoob/three.js/issues/1048
mrdoob/three.js,1036,render,CanvasRenderTarget?,https://github.com/mrdoob/three.js/issues/1036
mrdoob/three.js,1035,render,CanvasRenderer,https://github.com/mrdoob/three.js/issues/1035
mrdoob/three.js,1005,texture;textured,Textured,https://github.com/mrdoob/three.js/issues/1005
mrdoob/three.js,970,material,Material,https://github.com/mrdoob/three.js/issues/970
mrdoob/three.js,968,render,CanvasRenderer,https://github.com/mrdoob/three.js/issues/968
mrdoob/three.js,912,texture,Texture,https://github.com/mrdoob/three.js/issues/912
mrdoob/three.js,856,render,WebGLRenderer->enableDepthBufferWrite,https://github.com/mrdoob/three.js/issues/856
mrdoob/three.js,846,texture,Texture,https://github.com/mrdoob/three.js/issues/846
mrdoob/three.js,833,texture,Texture,https://github.com/mrdoob/three.js/issues/833
mrdoob/three.js,806,render,renderer.render(),https://github.com/mrdoob/three.js/issues/806
mrdoob/three.js,802,sprite,Sprite,https://github.com/mrdoob/three.js/issues/802
mrdoob/three.js,798,render;texture,Render-to-Texture,https://github.com/mrdoob/three.js/issues/798
mrdoob/three.js,789,render,WebGlRenderer,https://github.com/mrdoob/three.js/issues/789
mrdoob/three.js,784,material;materials,Materials,https://github.com/mrdoob/three.js/issues/784
mrdoob/three.js,776,texture,ImageUtils.loadTexture,https://github.com/mrdoob/three.js/issues/776
mrdoob/three.js,760,shadowmap,ShadowMaps,https://github.com/mrdoob/three.js/issues/760
mrdoob/three.js,751,material;materials,Multi-materials,https://github.com/mrdoob/three.js/issues/751
mrdoob/three.js,740,raycast,Raycast,https://github.com/mrdoob/three.js/issues/740
mrdoob/three.js,738,material,ParticleBitmapMaterial?,https://github.com/mrdoob/three.js/issues/738
mrdoob/three.js,734,material;opacity,material.opacity,https://github.com/mrdoob/three.js/issues/734
mrdoob/three.js,724,render,CanvasRenderer,https://github.com/mrdoob/three.js/issues/724
mrdoob/three.js,722,material,Material,https://github.com/mrdoob/three.js/issues/722
mrdoob/three.js,716,render,WebGLRenderer,https://github.com/mrdoob/three.js/issues/716
mrdoob/three.js,711,render,CanvasRenderer,https://github.com/mrdoob/three.js/issues/711
mrdoob/three.js,698,render,CanvasRenderer,https://github.com/mrdoob/three.js/issues/698
mrdoob/three.js,696,render,WebGLRenderer,https://github.com/mrdoob/three.js/issues/696
mrdoob/three.js,682,blending,blending,https://github.com/mrdoob/three.js/issues/682
mrdoob/three.js,681,material,shaderMaterial,https://github.com/mrdoob/three.js/issues/681
mrdoob/three.js,662,render,WebGLRenderer,https://github.com/mrdoob/three.js/issues/662
mrdoob/three.js,658,render;rendering,Rendering,https://github.com/mrdoob/three.js/issues/658
mrdoob/three.js,653,material;mesh,MeshPhongMaterial,https://github.com/mrdoob/three.js/issues/653
mrdoob/three.js,634,render;rendering,Rendering,https://github.com/mrdoob/three.js/issues/634
mrdoob/three.js,619,texture,Texture,https://github.com/mrdoob/three.js/issues/619
mrdoob/three.js,606,raycast,rayCastNearest,https://github.com/mrdoob/three.js/issues/606
mrdoob/three.js,588,blending,Blending,https://github.com/mrdoob/three.js/issues/588
mrdoob/three.js,587,render,WebGLRenderer.autoClear,https://github.com/mrdoob/three.js/issues/587
mrdoob/three.js,538,display,Displaying,https://github.com/mrdoob/three.js/issues/538
mrdoob/three.js,537,render,CanvasRender,https://github.com/mrdoob/three.js/issues/537
mrdoob/three.js,535,render,CanvasRender,https://github.com/mrdoob/three.js/issues/535
mrdoob/three.js,471,texture,Texture,https://github.com/mrdoob/three.js/issues/471
mrdoob/three.js,458,material;mesh,MeshBasicMaterial,https://github.com/mrdoob/three.js/issues/458
mrdoob/three.js,453,texture,Texture,https://github.com/mrdoob/three.js/issues/453
mrdoob/three.js,444,texture,Texture,https://github.com/mrdoob/three.js/issues/444
mrdoob/three.js,440,texture,DataTexture,https://github.com/mrdoob/three.js/issues/440
mrdoob/three.js,432,texture,texture,https://github.com/mrdoob/three.js/issues/432
mrdoob/three.js,429,texture;textures,Textures,https://github.com/mrdoob/three.js/issues/429
mrdoob/three.js,428,texture;textures,Textures,https://github.com/mrdoob/three.js/issues/428
mrdoob/three.js,422,render,CanvasRenderer.setClearColor,https://github.com/mrdoob/three.js/issues/422
mrdoob/three.js,420,render,WebGLRenderer,https://github.com/mrdoob/three.js/issues/420
mrdoob/three.js,413,model,Model,https://github.com/mrdoob/three.js/issues/413
mrdoob/three.js,410,texture,Texture,https://github.com/mrdoob/three.js/issues/410
mrdoob/three.js,403,texture,Texture,https://github.com/mrdoob/three.js/issues/403
mrdoob/three.js,393,mesh,Mesh,https://github.com/mrdoob/three.js/issues/393
mrdoob/three.js,387,model;models,Models,https://github.com/mrdoob/three.js/issues/387
mrdoob/three.js,378,material;mesh,MeshFaceMaterial,https://github.com/mrdoob/three.js/issues/378
mrdoob/three.js,369,render,CanvasRenderer,https://github.com/mrdoob/three.js/issues/369
mrdoob/three.js,363,texture,texture,https://github.com/mrdoob/three.js/issues/363
mrdoob/three.js,344,render,renderer.setSize,https://github.com/mrdoob/three.js/issues/344
mrdoob/three.js,322,render,CanvasRenderer,https://github.com/mrdoob/three.js/issues/322
mrdoob/three.js,321,render;rendering,Rendering,https://github.com/mrdoob/three.js/issues/321
mrdoob/three.js,304,texture,Texture,https://github.com/mrdoob/three.js/issues/304
mrdoob/three.js,303,texture,texture,https://github.com/mrdoob/three.js/issues/303
mrdoob/three.js,278,sprite,Sprite,https://github.com/mrdoob/three.js/issues/278
mrdoob/three.js,277,sprite;sprites,Sprites,https://github.com/mrdoob/three.js/issues/277
mrdoob/three.js,272,material,Material,https://github.com/mrdoob/three.js/issues/272
mrdoob/three.js,269,material,LineBasicMaterial.linewidth,https://github.com/mrdoob/three.js/issues/269
mrdoob/three.js,265,render,Renderpass,https://github.com/mrdoob/three.js/issues/265
mrdoob/three.js,249,texture,Texture,https://github.com/mrdoob/three.js/issues/249
mrdoob/three.js,242,mesh,THREE.SceneUtils.addMesh,https://github.com/mrdoob/three.js/issues/242
mrdoob/three.js,189,render;rendering,Rendering,https://github.com/mrdoob/three.js/issues/189
mrdoob/three.js,182,texture,Texture-assignment,https://github.com/mrdoob/three.js/issues/182
mrdoob/three.js,165,render,CanvasRenderer,https://github.com/mrdoob/three.js/issues/165
mrdoob/three.js,162,render,SVGRenderer,https://github.com/mrdoob/three.js/issues/162
mrdoob/three.js,147,texture;textured,Textured,https://github.com/mrdoob/three.js/issues/147
mrdoob/three.js,145,texture,Texture,https://github.com/mrdoob/three.js/issues/145
mrdoob/three.js,137,material,Material,https://github.com/mrdoob/three.js/issues/137
mrdoob/three.js,132,mesh,Mesh,https://github.com/mrdoob/three.js/issues/132
mrdoob/three.js,131,mesh,Mesh,https://github.com/mrdoob/three.js/issues/131
mrdoob/three.js,125,opacity,opacity,https://github.com/mrdoob/three.js/issues/125
mrdoob/three.js,116,render,WebGLRenderer:,https://github.com/mrdoob/three.js/issues/116
mrdoob/three.js,111,render,WebGLRenderer,https://github.com/mrdoob/three.js/issues/111
mrdoob/three.js,108,render,WebGLRenderer,https://github.com/mrdoob/three.js/issues/108
mrdoob/three.js,105,render;rendering,Rendering,https://github.com/mrdoob/three.js/issues/105
mrdoob/three.js,104,render;rendering,Rendering,https://github.com/mrdoob/three.js/issues/104
mrdoob/three.js,103,render,WebGLRenderer,https://github.com/mrdoob/three.js/issues/103
mrdoob/three.js,92,material;mesh,MeshBasicMaterial,https://github.com/mrdoob/three.js/issues/92
mrdoob/three.js,87,render,Render,https://github.com/mrdoob/three.js/issues/87
mrdoob/three.js,83,render,WebGLRenderer,https://github.com/mrdoob/three.js/issues/83
mrdoob/three.js,79,render,WebGLRenderer:,https://github.com/mrdoob/three.js/issues/79
mrdoob/three.js,73,mesh,Mesh,https://github.com/mrdoob/three.js/issues/73
mrdoob/three.js,66,render,CanvasRenderer:,https://github.com/mrdoob/three.js/issues/66
mrdoob/three.js,65,render,CanvasRenderer:,https://github.com/mrdoob/three.js/issues/65
mrdoob/three.js,40,material;materials,Materials,https://github.com/mrdoob/three.js/issues/40
mrdoob/three.js,26,render,WebGLRenderer,https://github.com/mrdoob/three.js/issues/26
mrdoob/three.js,12,render,WebGLRenderer,https://github.com/mrdoob/three.js/issues/12
mrdoob/three.js,31924,render,WebGPURenderer:,https://github.com/mrdoob/three.js/issues/31924
mrdoob/three.js,31919,render,WebGPURenderer:,https://github.com/mrdoob/three.js/issues/31919
mrdoob/three.js,31917,material;mesh,MeshMatcapMaterial:,https://github.com/mrdoob/three.js/issues/31917
mrdoob/three.js,31906,render,WebGPURenderer:,https://github.com/mrdoob/three.js/issues/31906
mrdoob/three.js,31905,render,CSSRenderer:,https://github.com/mrdoob/three.js/issues/31905
mrdoob/three.js,31904,render,WebGPURenderer:,https://github.com/mrdoob/three.js/issues/31904
mrdoob/three.js,31899,render,WebGPURenderer:,https://github.com/mrdoob/three.js/issues/31899
mrdoob/three.js,31886,texture,Texture,https://github.com/mrdoob/three.js/issues/31886
mrdoob/three.js,31880,render,WebGPURenderer:,https://github.com/mrdoob/three.js/issues/31880
mrdoob/three.js,31879,render,Renderer,https://github.com/mrdoob/three.js/issues/31879
mrdoob/three.js,31869,render,WebGPURenderer:,https://github.com/mrdoob/three.js/issues/31869
mrdoob/three.js,31864,render,WebGPURenderer:,https://github.com/mrdoob/three.js/issues/31864
mrdoob/three.js,31860,render,WebGPURenderer:,https://github.com/mrdoob/three.js/issues/31860
mrdoob/three.js,31854,render,RenderTarget:,https://github.com/mrdoob/three.js/issues/31854
mrdoob/three.js,31836,raycast,Raycaster,https://github.com/mrdoob/three.js/issues/31836
mrdoob/three.js,31832,render,Renderer,https://github.com/mrdoob/three.js/issues/31832
mrdoob/three.js,31831,render,WebGLRenderer:,https://github.com/mrdoob/three.js/issues/31831
mrdoob/three.js,31814,render,WebGPURenderer:,https://github.com/mrdoob/three.js/issues/31814
mrdoob/three.js,31805,material;render,WebGPURenderer/NodeMaterial:,https://github.com/mrdoob/three.js/issues/31805
mrdoob/three.js,31803,render,WebGPURenderer:,https://github.com/mrdoob/three.js/issues/31803
mrdoob/three.js,31802,render,WebGPURenderer:,https://github.com/mrdoob/three.js/issues/31802
mrdoob/three.js,31792,render,WebGPURenderer,https://github.com/mrdoob/three.js/issues/31792
mrdoob/three.js,31790,render,Renderers:,https://github.com/mrdoob/three.js/issues/31790
mrdoob/three.js,31788,render,WebGPURenderer:,https://github.com/mrdoob/three.js/issues/31788
mrdoob/three.js,31784,render,WebGPURenderer:,https://github.com/mrdoob/three.js/issues/31784
mrdoob/three.js,31783,render,RenderObject:,https://github.com/mrdoob/three.js/issues/31783
mrdoob/three.js,31782,render,WebGPURenderer:,https://github.com/mrdoob/three.js/issues/31782
mrdoob/three.js,31777,render,WebGPURenderer:,https://github.com/mrdoob/three.js/issues/31777
mrdoob/three.js,31776,render,WebGPURenderer,https://github.com/mrdoob/three.js/issues/31776
mrdoob/three.js,31765,texture,WebGPUTextureUtils:,https://github.com/mrdoob/three.js/issues/31765
mrdoob/three.js,31762,render,WebGPURenderer:,https://github.com/mrdoob/three.js/issues/31762
mrdoob/three.js,31743,render,WebGPURenderer:,https://github.com/mrdoob/three.js/issues/31743
mrdoob/three.js,31737,render,WebGPURenderer:,https://github.com/mrdoob/three.js/issues/31737
mrdoob/three.js,31731,texture,ExternalTexture:,https://github.com/mrdoob/three.js/issues/31731
mrdoob/three.js,31730,render,WebGPURenderer:,https://github.com/mrdoob/three.js/issues/31730
mrdoob/three.js,31707,material,PointsNodeMaterial:,https://github.com/mrdoob/three.js/issues/31707
mrdoob/three.js,31703,material,PointsNodeMaterial:,https://github.com/mrdoob/three.js/issues/31703
mrdoob/three.js,31702,material,PointsNodeMaterial:,https://github.com/mrdoob/three.js/issues/31702
mrdoob/three.js,31698,texture,WebGPUTextureUtils:,https://github.com/mrdoob/three.js/issues/31698
mrdoob/three.js,31690,render,WebGPURenderer:,https://github.com/mrdoob/three.js/issues/31690
mrdoob/three.js,31688,render,Renderer,https://github.com/mrdoob/three.js/issues/31688
mrdoob/three.js,31681,render,Renderer:,https://github.com/mrdoob/three.js/issues/31681
mrdoob/three.js,31680,render,WebGPURenderer.dispose(),https://github.com/mrdoob/three.js/issues/31680
mrdoob/three.js,31679,render,WebGPURenderer:,https://github.com/mrdoob/three.js/issues/31679
mrdoob/three.js,31675,render,WebGPURenderer:,https://github.com/mrdoob/three.js/issues/31675
mrdoob/three.js,31673,shadowmap,ShadowMapViewerGPU:,https://github.com/mrdoob/three.js/issues/31673
mrdoob/three.js,31661,shadowmap,ShadowMap,https://github.com/mrdoob/three.js/issues/31661
mrdoob/three.js,31658,render,RenderTarget,https://github.com/mrdoob/three.js/issues/31658
mrdoob/three.js,31655,texture,WebGPUTextureUtils:,https://github.com/mrdoob/three.js/issues/31655
mrdoob/three.js,31654,render,RenderTarget,https://github.com/mrdoob/three.js/issues/31654
mrdoob/three.js,31653,render,WebGPURenderer:,https://github.com/mrdoob/three.js/issues/31653
mrdoob/three.js,31645,render,WebGPURenderer:,https://github.com/mrdoob/three.js/issues/31645
mrdoob/three.js,31642,sprite,Sprite:,https://github.com/mrdoob/three.js/issues/31642
mrdoob/three.js,31639,render,WebGPURenderer:,https://github.com/mrdoob/three.js/issues/31639
mrdoob/three.js,31637,render,WebGPURenderer:,https://github.com/mrdoob/three.js/issues/31637
mrdoob/three.js,31633,render,RenderObject:,https://github.com/mrdoob/three.js/issues/31633
mrdoob/three.js,31628,material;sprite,SpriteNodeMaterial:,https://github.com/mrdoob/three.js/issues/31628
mrdoob/three.js,31627,material,PointsNodeMaterial:,https://github.com/mrdoob/three.js/issues/31627
mrdoob/three.js,31613,render,"WebGLRenderer,",https://github.com/mrdoob/three.js/issues/31613
mrdoob/three.js,31607,render,WebGPURenderer:,https://github.com/mrdoob/three.js/issues/31607
mrdoob/three.js,31599,texture,ViewportTextureNode:,https://github.com/mrdoob/three.js/issues/31599
mrdoob/three.js,31595,texture,ExternalTexture:,https://github.com/mrdoob/three.js/issues/31595
mrdoob/three.js,31578,material,Material:,https://github.com/mrdoob/three.js/issues/31578
mrdoob/three.js,31577,material;mesh,MeshPhysicalMaterial:,https://github.com/mrdoob/three.js/issues/31577
mrdoob/three.js,31569,render,WebGPURenderer:,https://github.com/mrdoob/three.js/issues/31569
mrdoob/three.js,31544,render,WebGPURenderer:,https://github.com/mrdoob/three.js/issues/31544
mrdoob/three.js,31543,texture,RawTexture:,https://github.com/mrdoob/three.js/issues/31543
mrdoob/three.js,31536,render,renderer,https://github.com/mrdoob/three.js/issues/31536
mrdoob/three.js,31529,material,PointsNodeMaterial:,https://github.com/mrdoob/three.js/issues/31529
mrdoob/three.js,31519,render,WebGPURenderer:,https://github.com/mrdoob/three.js/issues/31519
mrdoob/three.js,31506,texture,StorageTexture:,https://github.com/mrdoob/three.js/issues/31506
mrdoob/three.js,31502,texture,Storage*Texture:,https://github.com/mrdoob/three.js/issues/31502
mrdoob/three.js,31500,material;mesh,MeshDepthMaterial:,https://github.com/mrdoob/three.js/issues/31500
mrdoob/three.js,31497,render,WebGPURenderer:,https://github.com/mrdoob/three.js/issues/31497
mrdoob/three.js,31495,shadowmap;webglshadowmap,WebGLShadowMap:,https://github.com/mrdoob/three.js/issues/31495
mrdoob/three.js,31494,render,WebGPURenderer:,https://github.com/mrdoob/three.js/issues/31494
mrdoob/three.js,31488,render,WebGPURenderer:,https://github.com/mrdoob/three.js/issues/31488
mrdoob/three.js,31480,texture,StorageTexture:,https://github.com/mrdoob/three.js/issues/31480
mrdoob/three.js,31477,texture,Texture:,https://github.com/mrdoob/three.js/issues/31477
mrdoob/three.js,31476,render,WebGLRenderer:,https://github.com/mrdoob/three.js/issues/31476
mrdoob/three.js,31465,mesh,BatchedMesh:,https://github.com/mrdoob/three.js/issues/31465
mrdoob/three.js,31463,material,NodeMaterial:,https://github.com/mrdoob/three.js/issues/31463
mrdoob/three.js,31462,render,WebGPURenderer:,https://github.com/mrdoob/three.js/issues/31462
mrdoob/three.js,31461,render,WebGPURenderer:,https://github.com/mrdoob/three.js/issues/31461
mrdoob/three.js,31458,mesh,BatchedMesh:,https://github.com/mrdoob/three.js/issues/31458
mrdoob/three.js,31457,mesh,BatchedMesh:,https://github.com/mrdoob/three.js/issues/31457
mrdoob/three.js,31440,material,NodeMaterialObserver:,https://github.com/mrdoob/three.js/issues/31440
mrdoob/three.js,31438,render,Renderers:,https://github.com/mrdoob/three.js/issues/31438
mrdoob/three.js,31433,mesh,LensflareMesh:,https://github.com/mrdoob/three.js/issues/31433
mrdoob/three.js,31425,texture;textures,Textures:,https://github.com/mrdoob/three.js/issues/31425
mrdoob/three.js,31416,render,WebGPURenderer:,https://github.com/mrdoob/three.js/issues/31416
mrdoob/three.js,31413,render,WebGLRenderer:,https://github.com/mrdoob/three.js/issues/31413
mrdoob/three.js,31410,render,WebGLRenderer:,https://github.com/mrdoob/three.js/issues/31410
mrdoob/three.js,31407,render,WebGLRenderer:,https://github.com/mrdoob/three.js/issues/31407
mrdoob/three.js,31401,material,Line2NodeMaterial:,https://github.com/mrdoob/three.js/issues/31401
mrdoob/three.js,31398,material,Line2NodeMaterial:,https://github.com/mrdoob/three.js/issues/31398
mrdoob/three.js,31397,material,NodeMaterialObserver:,https://github.com/mrdoob/three.js/issues/31397
mrdoob/three.js,31393,render,WebGPURenderer:,https://github.com/mrdoob/three.js/issues/31393
mrdoob/three.js,31392,mesh,SkyMesh:,https://github.com/mrdoob/three.js/issues/31392
mrdoob/three.js,31391,render,WebGLRenderer:,https://github.com/mrdoob/three.js/issues/31391
mrdoob/three.js,31375,texture,VideoTexture:,https://github.com/mrdoob/three.js/issues/31375
mrdoob/three.js,31370,render,WebGLRenderer:,https://github.com/mrdoob/three.js/issues/31370
mrdoob/three.js,31369,material,NodeMaterialObserver:,https://github.com/mrdoob/three.js/issues/31369
mrdoob/three.js,31353,material,PointNodeMaterial:,https://github.com/mrdoob/three.js/issues/31353
mrdoob/three.js,31345,mesh,HTMLMesh:,https://github.com/mrdoob/three.js/issues/31345
mrdoob/three.js,31337,render,WebGPURenderer:,https://github.com/mrdoob/three.js/issues/31337
mrdoob/three.js,31327,render,WebGPURenderer:,https://github.com/mrdoob/three.js/issues/31327
mrdoob/three.js,31320,render,WebGLRenderer:,https://github.com/mrdoob/three.js/issues/31320
mrdoob/three.js,31305,render,Renderers:,https://github.com/mrdoob/three.js/issues/31305
mrdoob/three.js,31255,render,WebGPURenderer:,https://github.com/mrdoob/three.js/issues/31255
mrdoob/three.js,31246,render,Renderers:,https://github.com/mrdoob/three.js/issues/31246
mrdoob/three.js,31243,material,PointsNodeMaterial,https://github.com/mrdoob/three.js/issues/31243
mrdoob/three.js,31238,material;mesh,MeshNormalMaterial,https://github.com/mrdoob/three.js/issues/31238
mrdoob/three.js,31233,render,WebGLRenderer:,https://github.com/mrdoob/three.js/issues/31233
mrdoob/three.js,31228,render,WebGPURenderer:,https://github.com/mrdoob/three.js/issues/31228
mrdoob/three.js,31227,render,RenderObject:,https://github.com/mrdoob/three.js/issues/31227
mrdoob/three.js,31211,render,WebGPURenderer,https://github.com/mrdoob/three.js/issues/31211
mrdoob/three.js,31210,render,XRRenderTarget:,https://github.com/mrdoob/three.js/issues/31210
mrdoob/three.js,31204,render,WebGLRenderer:,https://github.com/mrdoob/three.js/issues/31204
mrdoob/three.js,31195,texture,WebGLTextureUtils:,https://github.com/mrdoob/three.js/issues/31195
mrdoob/three.js,31194,render,WebGPURenderer:,https://github.com/mrdoob/three.js/issues/31194
mrdoob/three.js,31189,render,WebGPURenderer:,https://github.com/mrdoob/three.js/issues/31189
mrdoob/three.js,31188,render,WebGPURenderer:,https://github.com/mrdoob/three.js/issues/31188
mrdoob/three.js,31179,material,PointsNodeMaterial,https://github.com/mrdoob/three.js/issues/31179
mrdoob/three.js,31175,render,WebGPURenderer:,https://github.com/mrdoob/three.js/issues/31175
mrdoob/three.js,31166,material,NodeMaterial:,https://github.com/mrdoob/three.js/issues/31166
mrdoob/three.js,31160,mesh,HTMLMesh:,https://github.com/mrdoob/three.js/issues/31160
mrdoob/three.js,31157,render,WebGPURenderer:,https://github.com/mrdoob/three.js/issues/31157
mrdoob/three.js,31147,material,NodeMaterial:,https://github.com/mrdoob/three.js/issues/31147
mrdoob/three.js,31144,material,LineMaterial:,https://github.com/mrdoob/three.js/issues/31144
mrdoob/three.js,31143,render,WebGPURenderer:,https://github.com/mrdoob/three.js/issues/31143
mrdoob/three.js,31142,render,WebGPURenderer:,https://github.com/mrdoob/three.js/issues/31142
mrdoob/three.js,31136,material,NodeMaterial:,https://github.com/mrdoob/three.js/issues/31136
mrdoob/three.js,31134,render,WebGPURenderer:,https://github.com/mrdoob/three.js/issues/31134
mrdoob/three.js,31133,mesh,SkyMesh:,https://github.com/mrdoob/three.js/issues/31133
mrdoob/three.js,31132,render,WebGPURenderer:,https://github.com/mrdoob/three.js/issues/31132
mrdoob/three.js,31127,material,NodeMaterial:,https://github.com/mrdoob/three.js/issues/31127
mrdoob/three.js,31120,material,NodeMaterialObserver:,https://github.com/mrdoob/three.js/issues/31120
mrdoob/three.js,31108,render,WebGPURenderer:,https://github.com/mrdoob/three.js/issues/31108
mrdoob/three.js,31105,render,WebGPURenderer:,https://github.com/mrdoob/three.js/issues/31105
mrdoob/three.js,31099,render,WebGPURenderer:,https://github.com/mrdoob/three.js/issues/31099
mrdoob/three.js,31093,texture,Texture,https://github.com/mrdoob/three.js/issues/31093
mrdoob/three.js,31091,mesh;sprite,"Mesh,Sprite:",https://github.com/mrdoob/three.js/issues/31091
mrdoob/three.js,31089,render,WebGLRenderer,https://github.com/mrdoob/three.js/issues/31089
mrdoob/three.js,31087,texture,Texture:,https://github.com/mrdoob/three.js/issues/31087
mrdoob/three.js,31081,model,ShadowMaskModel:,https://github.com/mrdoob/three.js/issues/31081
mrdoob/three.js,31075,render,WebGPURenderer:,https://github.com/mrdoob/three.js/issues/31075
mrdoob/three.js,31072,render,WebGPURenderer:,https://github.com/mrdoob/three.js/issues/31072
mrdoob/three.js,31070,render,WebGPURenderer:,https://github.com/mrdoob/three.js/issues/31070
mrdoob/three.js,31066,render,WebGPURenderer:,https://github.com/mrdoob/three.js/issues/31066
mrdoob/three.js,31041,render,WebGLRenderer:,https://github.com/mrdoob/three.js/issues/31041
mrdoob/three.js,31031,texture,TextureLoader,https://github.com/mrdoob/three.js/issues/31031
mrdoob/three.js,31025,texture,Texture:,https://github.com/mrdoob/three.js/issues/31025
mrdoob/three.js,31022,render,WebGPURenderer:,https://github.com/mrdoob/three.js/issues/31022
mrdoob/three.js,31008,material,MaterialNode:,https://github.com/mrdoob/three.js/issues/31008
mrdoob/three.js,31007,render,WebGPURenderer:,https://github.com/mrdoob/three.js/issues/31007
mrdoob/three.js,30998,texture,Texture:,https://github.com/mrdoob/three.js/issues/30998
mrdoob/three.js,30974,material,NodeMaterial:,https://github.com/mrdoob/three.js/issues/30974
mrdoob/three.js,30973,render,WebGPURenderer,https://github.com/mrdoob/three.js/issues/30973
mrdoob/three.js,30970,render,WebGPURenderer:,https://github.com/mrdoob/three.js/issues/30970
mrdoob/three.js,30965,mesh,BatchedMesh:,https://github.com/mrdoob/three.js/issues/30965
mrdoob/three.js,30961,mesh,BatchedMesh.toJSON,https://github.com/mrdoob/three.js/issues/30961
mrdoob/three.js,30960,mesh,BatchedMesh.copy(),https://github.com/mrdoob/three.js/issues/30960
mrdoob/three.js,30959,render,WebGPURenderer:,https://github.com/mrdoob/three.js/issues/30959
mrdoob/three.js,30955,render,WebGPURenderer:,https://github.com/mrdoob/three.js/issues/30955
mrdoob/three.js,30949,raycast,raycast,https://github.com/mrdoob/three.js/issues/30949
mrdoob/three.js,30930,render,WebGPURenderer:,https://github.com/mrdoob/three.js/issues/30930
mrdoob/three.js,30928,render,WebGLRenderer:,https://github.com/mrdoob/three.js/issues/30928
mrdoob/three.js,30921,render,RenderTarget:,https://github.com/mrdoob/three.js/issues/30921
mrdoob/three.js,30892,mesh,Water2Mesh:,https://github.com/mrdoob/three.js/issues/30892
mrdoob/three.js,30891,render,WebGPURenderer:,https://github.com/mrdoob/three.js/issues/30891
mrdoob/three.js,30882,sprite,THREE.Sprite(),https://github.com/mrdoob/three.js/issues/30882
mrdoob/three.js,30881,render,WebGPURenderer,https://github.com/mrdoob/three.js/issues/30881
mrdoob/three.js,30875,render,WebGPURenderer:,https://github.com/mrdoob/three.js/issues/30875
mrdoob/three.js,30871,shadowmap;webglshadowmap,WebGLShadowMap:,https://github.com/mrdoob/three.js/issues/30871
mrdoob/three.js,30869,render,WebGPURenderer:,https://github.com/mrdoob/three.js/issues/30869
mrdoob/three.js,30862,render,WebGPURenderer:,https://github.com/mrdoob/three.js/issues/30862
mrdoob/three.js,30854,render,WebGPURenderer:,https://github.com/mrdoob/three.js/issues/30854
mrdoob/three.js,30841,texture,TextureNode,https://github.com/mrdoob/three.js/issues/30841
mrdoob/three.js,30840,material,NodeMaterialObserver:,https://github.com/mrdoob/three.js/issues/30840
mrdoob/three.js,30830,render,WebGPURenderer:,https://github.com/mrdoob/three.js/issues/30830
mrdoob/three.js,30809,render,WebGLRenderer:,https://github.com/mrdoob/three.js/issues/30809
mrdoob/three.js,30805,model;models,Models,https://github.com/mrdoob/three.js/issues/30805
mrdoob/three.js,30803,render,WebGPURenderer:,https://github.com/mrdoob/three.js/issues/30803
mrdoob/three.js,30768,material,NodeMaterial:,https://github.com/mrdoob/three.js/issues/30768
mrdoob/three.js,30764,model,ShadowMaskModel:,https://github.com/mrdoob/three.js/issues/30764
mrdoob/three.js,30758,material,ShaderMaterial,https://github.com/mrdoob/three.js/issues/30758
mrdoob/three.js,30757,render,WebGPURenderer,https://github.com/mrdoob/three.js/issues/30757
mrdoob/three.js,30753,material,Material:,https://github.com/mrdoob/three.js/issues/30753
mrdoob/three.js,30746,render,WebGLRenderer:,https://github.com/mrdoob/three.js/issues/30746
mrdoob/three.js,30745,render;rendering,Rendering,https://github.com/mrdoob/three.js/issues/30745
mrdoob/three.js,30738,render,Renderer:,https://github.com/mrdoob/three.js/issues/30738
mrdoob/three.js,30731,material;sprite,SpriteNodeMaterial,https://github.com/mrdoob/three.js/issues/30731
mrdoob/three.js,30722,texture,TextureNode:,https://github.com/mrdoob/three.js/issues/30722
mrdoob/three.js,30707,render,WebGLRenderer:,https://github.com/mrdoob/three.js/issues/30707
mrdoob/three.js,30700,render,WebGPURenderer:,https://github.com/mrdoob/three.js/issues/30700
mrdoob/three.js,30689,render,WebGPURenderer:,https://github.com/mrdoob/three.js/issues/30689
mrdoob/three.js,30685,shadowmap,ShadowMaps,https://github.com/mrdoob/three.js/issues/30685
mrdoob/three.js,30679,model,OculusHandModel:,https://github.com/mrdoob/three.js/issues/30679
mrdoob/three.js,30678,texture,WebGPUTextureUtils:,https://github.com/mrdoob/three.js/issues/30678
mrdoob/three.js,30672,render,WebGLRenderer:,https://github.com/mrdoob/three.js/issues/30672
mrdoob/three.js,30659,render,WebGPURenderer:,https://github.com/mrdoob/three.js/issues/30659
mrdoob/three.js,30655,transparency,Transparency,https://github.com/mrdoob/three.js/issues/30655
mrdoob/three.js,30650,mesh,InstancedMesh:,https://github.com/mrdoob/three.js/issues/30650
mrdoob/three.js,30647,render,WebGPURenderer:,https://github.com/mrdoob/three.js/issues/30647
mrdoob/three.js,30645,render,WebGPURenderer:,https://github.com/mrdoob/three.js/issues/30645
mrdoob/three.js,30639,render,Renderers:,https://github.com/mrdoob/three.js/issues/30639
mrdoob/three.js,30628,render,WebGLRenderer:,https://github.com/mrdoob/three.js/issues/30628
mrdoob/three.js,30607,render,WebGLRenderer,https://github.com/mrdoob/three.js/issues/30607
mrdoob/three.js,30599,render,WEBGPURender:,https://github.com/mrdoob/three.js/issues/30599
mrdoob/three.js,30590,material;mesh,MeshNormalNodeMaterial:,https://github.com/mrdoob/three.js/issues/30590
mrdoob/three.js,30586,render,WebGPURenderer:,https://github.com/mrdoob/three.js/issues/30586
mrdoob/three.js,30585,render,RenderTarget:,https://github.com/mrdoob/three.js/issues/30585
mrdoob/three.js,30575,material;mesh,MeshNormalMaterial,https://github.com/mrdoob/three.js/issues/30575
mrdoob/three.js,30570,render,RenderTarget:,https://github.com/mrdoob/three.js/issues/30570
mrdoob/three.js,30567,render,WebGPURenderer:,https://github.com/mrdoob/three.js/issues/30567
mrdoob/three.js,30560,render,WebGPURenderer:,https://github.com/mrdoob/three.js/issues/30560
mrdoob/three.js,30556,render,Renderer:,https://github.com/mrdoob/three.js/issues/30556
mrdoob/three.js,30550,mesh,BatchedMesh:,https://github.com/mrdoob/three.js/issues/30550
mrdoob/three.js,30545,material;sprite,SpriteNodeMaterial:,https://github.com/mrdoob/three.js/issues/30545
mrdoob/three.js,30543,render,WebGPURenderer:,https://github.com/mrdoob/three.js/issues/30543
mrdoob/three.js,30540,texture,depthTexture,https://github.com/mrdoob/three.js/issues/30540
mrdoob/three.js,30539,material;sprite,SpriteNodeMaterial,https://github.com/mrdoob/three.js/issues/30539
mrdoob/three.js,30532,render,WebGPURenderer:,https://github.com/mrdoob/three.js/issues/30532
mrdoob/three.js,30530,render,WebGPURenderer:,https://github.com/mrdoob/three.js/issues/30530
mrdoob/three.js,30529,render,WebGPURenderer:,https://github.com/mrdoob/three.js/issues/30529
mrdoob/three.js,30528,render,WebGPURenderer:,https://github.com/mrdoob/three.js/issues/30528
mrdoob/three.js,30526,render,WebGPURenderer:,https://github.com/mrdoob/three.js/issues/30526
mrdoob/three.js,30514,render,WebGPURenderer:,https://github.com/mrdoob/three.js/issues/30514
mrdoob/three.js,30499,render,WebGPURenderer:,https://github.com/mrdoob/three.js/issues/30499
mrdoob/three.js,30496,render,WebGPURenderer:,https://github.com/mrdoob/three.js/issues/30496
mrdoob/three.js,30494,material,material.polygonOffset,https://github.com/mrdoob/three.js/issues/30494
mrdoob/three.js,30488,render,WebGPURenderer:,https://github.com/mrdoob/three.js/issues/30488
mrdoob/three.js,30486,render,WebGPURenderer:,https://github.com/mrdoob/three.js/issues/30486
mrdoob/three.js,30484,texture,`DataTexture`,https://github.com/mrdoob/three.js/issues/30484
mrdoob/three.js,30483,render,WebGPURenderer:,https://github.com/mrdoob/three.js/issues/30483
mrdoob/three.js,30467,material,NodeMaterial/TSL,https://github.com/mrdoob/three.js/issues/30467
mrdoob/three.js,30459,render,WebGPURenderer:,https://github.com/mrdoob/three.js/issues/30459
mrdoob/three.js,30457,render,WebGPURenderer:,https://github.com/mrdoob/three.js/issues/30457
mrdoob/three.js,30454,render,Renderer:,https://github.com/mrdoob/three.js/issues/30454
mrdoob/three.js,30451,render,Render,https://github.com/mrdoob/three.js/issues/30451
mrdoob/three.js,30450,render,WebGPURenderer:,https://github.com/mrdoob/three.js/issues/30450
mrdoob/three.js,30435,material;sprite,SpriteNodeMaterial:,https://github.com/mrdoob/three.js/issues/30435
mrdoob/three.js,30425,render,Renderer:,https://github.com/mrdoob/three.js/issues/30425
mrdoob/three.js,30409,material,NodeMaterialObserver:,https://github.com/mrdoob/three.js/issues/30409
mrdoob/three.js,30393,render,WebGPURenderer:,https://github.com/mrdoob/three.js/issues/30393
mrdoob/three.js,30392,render,WebGPURenderer:,https://github.com/mrdoob/three.js/issues/30392
mrdoob/three.js,30376,render,WebGPURenderer:,https://github.com/mrdoob/three.js/issues/30376
mrdoob/three.js,30375,render,WebGPURenderer:,https://github.com/mrdoob/three.js/issues/30375
mrdoob/three.js,30368,render,WebGPURenderer:,https://github.com/mrdoob/three.js/issues/30368
mrdoob/three.js,30367,mesh,BatchedMesh,https://github.com/mrdoob/three.js/issues/30367
mrdoob/three.js,30362,mesh,"InstancedMesh,",https://github.com/mrdoob/three.js/issues/30362
mrdoob/three.js,30359,render,WebGPURenderer:,https://github.com/mrdoob/three.js/issues/30359
mrdoob/three.js,30353,render,WebGPURenderer:,https://github.com/mrdoob/three.js/issues/30353
mrdoob/three.js,30352,mesh,InstancedMesh,https://github.com/mrdoob/three.js/issues/30352
mrdoob/three.js,30346,render,WebGPURenderer:,https://github.com/mrdoob/three.js/issues/30346
mrdoob/three.js,30345,material;mesh,MeshPhysicalMaterial,https://github.com/mrdoob/three.js/issues/30345
mrdoob/three.js,30342,mesh,"BatchedMesh,",https://github.com/mrdoob/three.js/issues/30342
mrdoob/three.js,30329,render,WebGPURenderer:,https://github.com/mrdoob/three.js/issues/30329
mrdoob/three.js,30320,render,WebGPURenderer:,https://github.com/mrdoob/three.js/issues/30320
mrdoob/three.js,30318,render,Renderer:,https://github.com/mrdoob/three.js/issues/30318
mrdoob/three.js,30316,render,RenderObject:,https://github.com/mrdoob/three.js/issues/30316
mrdoob/three.js,30314,material;mesh,MeshGouraudMaterial:,https://github.com/mrdoob/three.js/issues/30314
mrdoob/three.js,30313,render,WebGPURenderer:,https://github.com/mrdoob/three.js/issues/30313
mrdoob/three.js,30307,render,WebGPURenderer:,https://github.com/mrdoob/three.js/issues/30307
mrdoob/three.js,30306,render,Renderer:,https://github.com/mrdoob/three.js/issues/30306
mrdoob/three.js,30304,mesh,BatchedMesh:,https://github.com/mrdoob/three.js/issues/30304
mrdoob/three.js,30302,render,RenderObject:,https://github.com/mrdoob/three.js/issues/30302
mrdoob/three.js,30300,render,WebGPURenderer:,https://github.com/mrdoob/three.js/issues/30300
mrdoob/three.js,30298,render,Renderer:,https://github.com/mrdoob/three.js/issues/30298
mrdoob/three.js,30286,render,RenderContext:,https://github.com/mrdoob/three.js/issues/30286
mrdoob/three.js,30278,material;mesh,MeshDepthMaterial,https://github.com/mrdoob/three.js/issues/30278
mrdoob/three.js,30260,texture,WebGPUTextureUtils:,https://github.com/mrdoob/three.js/issues/30260
mrdoob/three.js,30256,render,RenderContexts:,https://github.com/mrdoob/three.js/issues/30256
mrdoob/three.js,30254,material,InstancedPointNodeMaterial:,https://github.com/mrdoob/three.js/issues/30254
mrdoob/three.js,30251,render,WebGPURenderer:,https://github.com/mrdoob/three.js/issues/30251
mrdoob/three.js,30249,render,WebGPURenderer:,https://github.com/mrdoob/three.js/issues/30249
mrdoob/three.js,30247,mesh,WaterMesh:,https://github.com/mrdoob/three.js/issues/30247
mrdoob/three.js,30246,render,Renderer:,https://github.com/mrdoob/three.js/issues/30246
mrdoob/three.js,30244,render,Renderer:,https://github.com/mrdoob/three.js/issues/30244
mrdoob/three.js,30238,texture,WebGLTextureUtils:,https://github.com/mrdoob/three.js/issues/30238
mrdoob/three.js,30235,render,Renderer:,https://github.com/mrdoob/three.js/issues/30235
mrdoob/three.js,30233,render,Renderer:,https://github.com/mrdoob/three.js/issues/30233
mrdoob/three.js,30226,mesh,InstanceMesh,https://github.com/mrdoob/three.js/issues/30226
mrdoob/three.js,30224,render,Renderer:,https://github.com/mrdoob/three.js/issues/30224
mrdoob/three.js,30221,render,Renderer:,https://github.com/mrdoob/three.js/issues/30221
mrdoob/three.js,30218,render,WebGPURenderer:,https://github.com/mrdoob/three.js/issues/30218
mrdoob/three.js,30215,texture,TextureNode:,https://github.com/mrdoob/three.js/issues/30215
mrdoob/three.js,30214,render,WebGPURenderer:,https://github.com/mrdoob/three.js/issues/30214
mrdoob/three.js,30213,render,Renderer:,https://github.com/mrdoob/three.js/issues/30213
mrdoob/three.js,30209,render,WebGPURenderer:,https://github.com/mrdoob/three.js/issues/30209
mrdoob/three.js,30204,render,WebGPURenderer:,https://github.com/mrdoob/three.js/issues/30204
mrdoob/three.js,30200,texture,TextureNode:,https://github.com/mrdoob/three.js/issues/30200
mrdoob/three.js,30198,render,WebGPURenderer:,https://github.com/mrdoob/three.js/issues/30198
mrdoob/three.js,30194,render,Renderer:,https://github.com/mrdoob/three.js/issues/30194
mrdoob/three.js,30192,render,WebGPURenderer:,https://github.com/mrdoob/three.js/issues/30192
mrdoob/three.js,30188,render,Renderer:,https://github.com/mrdoob/three.js/issues/30188
mrdoob/three.js,30185,render,WebGLRenderer:,https://github.com/mrdoob/three.js/issues/30185
mrdoob/three.js,30184,texture,`DataTexture`:,https://github.com/mrdoob/three.js/issues/30184
mrdoob/three.js,30182,render,Renderer:,https://github.com/mrdoob/three.js/issues/30182
mrdoob/three.js,30180,render,WebGPURenderer:,https://github.com/mrdoob/three.js/issues/30180
mrdoob/three.js,30178,render,RendererUtils:,https://github.com/mrdoob/three.js/issues/30178
mrdoob/three.js,30172,render,WebGPURenderer:,https://github.com/mrdoob/three.js/issues/30172
mrdoob/three.js,30161,skinning,SkinningNode:,https://github.com/mrdoob/three.js/issues/30161
mrdoob/three.js,30155,render,WebGPURenderer:,https://github.com/mrdoob/three.js/issues/30155
mrdoob/three.js,30132,render,WebGPURenderer:,https://github.com/mrdoob/three.js/issues/30132
mrdoob/three.js,30114,material,NodeMaterial,https://github.com/mrdoob/three.js/issues/30114
mrdoob/three.js,30107,material,Line2NodeMaterial:,https://github.com/mrdoob/three.js/issues/30107
mrdoob/three.js,30099,render,THREE.WebGPURenderer:,https://github.com/mrdoob/three.js/issues/30099
mrdoob/three.js,30088,raycast,`RaycasterHelper`,https://github.com/mrdoob/three.js/issues/30088
mrdoob/three.js,30084,render,WebGPURenderer:,https://github.com/mrdoob/three.js/issues/30084
mrdoob/three.js,30083,render,WebGPURenderer:,https://github.com/mrdoob/three.js/issues/30083
mrdoob/three.js,30081,render,WebGPURenderer:,https://github.com/mrdoob/three.js/issues/30081
mrdoob/three.js,30066,render,WebGPURenderer:,https://github.com/mrdoob/three.js/issues/30066
mrdoob/three.js,30065,render,WebGPURenderer:,https://github.com/mrdoob/three.js/issues/30065
mrdoob/three.js,30061,texture,TextureNode:,https://github.com/mrdoob/three.js/issues/30061
mrdoob/three.js,30057,material;mesh,MeshDepthMaterial,https://github.com/mrdoob/three.js/issues/30057
mrdoob/three.js,30044,render,WebGPURenderer,https://github.com/mrdoob/three.js/issues/30044
mrdoob/three.js,30032,render,WebGPURenderer:,https://github.com/mrdoob/three.js/issues/30032
mrdoob/three.js,30024,render,WebGPURenderer,https://github.com/mrdoob/three.js/issues/30024
mrdoob/three.js,30023,render,WebGPURenderer:,https://github.com/mrdoob/three.js/issues/30023
mrdoob/three.js,30018,render,WebGLRenderer:,https://github.com/mrdoob/three.js/issues/30018
mrdoob/three.js,29993,render,WebGPURenderer:,https://github.com/mrdoob/three.js/issues/29993
mrdoob/three.js,29992,render,WebGPURenderer:,https://github.com/mrdoob/three.js/issues/29992
mrdoob/three.js,29991,render,WebGPURenderer:,https://github.com/mrdoob/three.js/issues/29991
mrdoob/three.js,29989,render,WebGPURenderer:,https://github.com/mrdoob/three.js/issues/29989
mrdoob/three.js,29986,raycast,Raycast,https://github.com/mrdoob/three.js/issues/29986
mrdoob/three.js,29980,render,WebGPURenderer:,https://github.com/mrdoob/three.js/issues/29980
mrdoob/three.js,29979,material,Line2NodeMaterial:,https://github.com/mrdoob/three.js/issues/29979
mrdoob/three.js,29978,render,WebGPURenderer:,https://github.com/mrdoob/three.js/issues/29978
mrdoob/three.js,29977,material,NodeMaterial:,https://github.com/mrdoob/three.js/issues/29977
mrdoob/three.js,29976,render,WebGPURenderer:,https://github.com/mrdoob/three.js/issues/29976
mrdoob/three.js,29973,material,NodeMaterial:,https://github.com/mrdoob/three.js/issues/29973
mrdoob/three.js,29964,material,Line2NodeMaterial:,https://github.com/mrdoob/three.js/issues/29964
mrdoob/three.js,29961,material,LineNodeMaterial,https://github.com/mrdoob/three.js/issues/29961
mrdoob/three.js,29947,render,Renderer:,https://github.com/mrdoob/three.js/issues/29947
mrdoob/three.js,29944,texture,WebGPUTextureUtils:,https://github.com/mrdoob/three.js/issues/29944
mrdoob/three.js,29937,render,Renderer:,https://github.com/mrdoob/three.js/issues/29937
mrdoob/three.js,29925,render,WebGPURenderer:,https://github.com/mrdoob/three.js/issues/29925
mrdoob/three.js,29921,render,WebGPURenderer:,https://github.com/mrdoob/three.js/issues/29921
mrdoob/three.js,29919,render,WebGPURenderer:,https://github.com/mrdoob/three.js/issues/29919
mrdoob/three.js,29907,render,WebGPURenderer:,https://github.com/mrdoob/three.js/issues/29907
mrdoob/three.js,29906,render,WebGPURenderer:,https://github.com/mrdoob/three.js/issues/29906
mrdoob/three.js,29900,render,WebGPURenderer:,https://github.com/mrdoob/three.js/issues/29900
mrdoob/three.js,29898,render,.initRenderTarget,https://github.com/mrdoob/three.js/issues/29898
mrdoob/three.js,29873,render,RenderObjects:,https://github.com/mrdoob/three.js/issues/29873
mrdoob/three.js,29867,render,WebGPURenderer:,https://github.com/mrdoob/three.js/issues/29867
mrdoob/three.js,29866,render,WebGPURenderer:,https://github.com/mrdoob/three.js/issues/29866
mrdoob/three.js,29865,render,WebGPURenderer,https://github.com/mrdoob/three.js/issues/29865
mrdoob/three.js,29863,material,"`Line2<LineGeometry,LineMaterial>`",https://github.com/mrdoob/three.js/issues/29863
mrdoob/three.js,29857,render,WebGPURenderer:,https://github.com/mrdoob/three.js/issues/29857
mrdoob/three.js,29852,render,WebGPURenderer:,https://github.com/mrdoob/three.js/issues/29852
mrdoob/three.js,29851,render,WebGPURenderer:,https://github.com/mrdoob/three.js/issues/29851
mrdoob/three.js,29849,render,WebGPURenderer:,https://github.com/mrdoob/three.js/issues/29849
mrdoob/three.js,29845,render,WebGPURenderer:,https://github.com/mrdoob/three.js/issues/29845
mrdoob/three.js,29844,render,WebGLRenderer:,https://github.com/mrdoob/three.js/issues/29844
mrdoob/three.js,29840,material,NodeMaterial:,https://github.com/mrdoob/three.js/issues/29840
mrdoob/three.js,29836,render,RenderObject:,https://github.com/mrdoob/three.js/issues/29836
mrdoob/three.js,29835,material,Line2NodeMaterial:,https://github.com/mrdoob/three.js/issues/29835
mrdoob/three.js,29832,render,Renderer:,https://github.com/mrdoob/three.js/issues/29832
mrdoob/three.js,29825,render,WebGPURenderer:,https://github.com/mrdoob/three.js/issues/29825
mrdoob/three.js,29822,render,WebGPURenderer:,https://github.com/mrdoob/three.js/issues/29822
mrdoob/three.js,29818,mesh,BatchedMesh,https://github.com/mrdoob/three.js/issues/29818
mrdoob/three.js,29808,mesh,Batchedmesh,https://github.com/mrdoob/three.js/issues/29808
mrdoob/three.js,29807,render,RenderObjects:,https://github.com/mrdoob/three.js/issues/29807
mrdoob/three.js,29806,stereo,StereoCompositePassNode:,https://github.com/mrdoob/three.js/issues/29806
mrdoob/three.js,29799,material,NodeMaterial:,https://github.com/mrdoob/three.js/issues/29799
mrdoob/three.js,29790,mesh,BatchedMesh,https://github.com/mrdoob/three.js/issues/29790
mrdoob/three.js,29789,material;materials,Materials:,https://github.com/mrdoob/three.js/issues/29789
mrdoob/three.js,29788,render,WebGPURenderer:,https://github.com/mrdoob/three.js/issues/29788
mrdoob/three.js,29786,render,WebGPURenderer:,https://github.com/mrdoob/three.js/issues/29786
mrdoob/three.js,29785,render,WebGPURenderer:,https://github.com/mrdoob/three.js/issues/29785
mrdoob/three.js,29784,mesh,BatchedMesh.InstancedBufferGeometry,https://github.com/mrdoob/three.js/issues/29784
mrdoob/three.js,29783,render,WebGPURenderer:,https://github.com/mrdoob/three.js/issues/29783
mrdoob/three.js,29779,render,WebGLRenderer:,https://github.com/mrdoob/three.js/issues/29779
mrdoob/three.js,29778,material;materials,EXT_MATERIALS_BUMP,https://github.com/mrdoob/three.js/issues/29778
mrdoob/three.js,29772,render,WebGLRenderer:,https://github.com/mrdoob/three.js/issues/29772
mrdoob/three.js,29769,render,WebGLRenderer:,https://github.com/mrdoob/three.js/issues/29769
mrdoob/three.js,29767,render,WebGPURenderer:,https://github.com/mrdoob/three.js/issues/29767
mrdoob/three.js,29762,render,WebGPURenderer:,https://github.com/mrdoob/three.js/issues/29762
mrdoob/three.js,29761,render;shadowmap,renderer.shadowMap.enabled,https://github.com/mrdoob/three.js/issues/29761
mrdoob/three.js,29757,material,NodeMaterial:,https://github.com/mrdoob/three.js/issues/29757
mrdoob/three.js,29740,mesh,BatchedMesh:,https://github.com/mrdoob/three.js/issues/29740
mrdoob/three.js,29737,material,NodeMaterialObserver:,https://github.com/mrdoob/three.js/issues/29737
mrdoob/three.js,29735,material,NodeMaterialObserver:,https://github.com/mrdoob/three.js/issues/29735
mrdoob/three.js,29729,render,WebGPURenderer:,https://github.com/mrdoob/three.js/issues/29729
mrdoob/three.js,29718,render,WebGPURenderer:,https://github.com/mrdoob/three.js/issues/29718
mrdoob/three.js,29717,texture,RectAreaLightTextureLib:,https://github.com/mrdoob/three.js/issues/29717
mrdoob/three.js,29714,render,WebGPURenderer:,https://github.com/mrdoob/three.js/issues/29714
mrdoob/three.js,29713,render,WebGPURenderer:,https://github.com/mrdoob/three.js/issues/29713
mrdoob/three.js,29712,render,WebGPURenderer:,https://github.com/mrdoob/three.js/issues/29712
mrdoob/three.js,29710,render,WebGLRenderer:,https://github.com/mrdoob/three.js/issues/29710
mrdoob/three.js,29705,render,WebGPURenderer:,https://github.com/mrdoob/three.js/issues/29705
mrdoob/three.js,29702,model,PhysicalLightingModel:,https://github.com/mrdoob/three.js/issues/29702
mrdoob/three.js,29699,render,WebGLRenderer:,https://github.com/mrdoob/three.js/issues/29699
mrdoob/three.js,29697,texture;textures,WebGLTextures:,https://github.com/mrdoob/three.js/issues/29697
mrdoob/three.js,29695,mesh,BatchedMesh:,https://github.com/mrdoob/three.js/issues/29695
mrdoob/three.js,29688,render,WebGLRenderer:,https://github.com/mrdoob/three.js/issues/29688
mrdoob/three.js,29687,mesh,BatchedMesh:,https://github.com/mrdoob/three.js/issues/29687
mrdoob/three.js,29686,render,WebGPURenderer:,https://github.com/mrdoob/three.js/issues/29686
mrdoob/three.js,29685,render,WebGPURenderer:,https://github.com/mrdoob/three.js/issues/29685
mrdoob/three.js,29684,texture,WebGPUTextureUtils:,https://github.com/mrdoob/three.js/issues/29684
mrdoob/three.js,29683,render,WebGPURenderer:,https://github.com/mrdoob/three.js/issues/29683
mrdoob/three.js,29680,texture,WebGPUTextureUtils:,https://github.com/mrdoob/three.js/issues/29680
mrdoob/three.js,29678,render,WebGLRenderer:,https://github.com/mrdoob/three.js/issues/29678
mrdoob/three.js,29677,texture,Texture:,https://github.com/mrdoob/three.js/issues/29677
mrdoob/three.js,29674,material,NodeMaterial:,https://github.com/mrdoob/three.js/issues/29674
mrdoob/three.js,29670,render,WebGPURenderer:,https://github.com/mrdoob/three.js/issues/29670
mrdoob/three.js,29663,render,CSSRenderer:,https://github.com/mrdoob/three.js/issues/29663
mrdoob/three.js,29662,render,WebGLRenderer:,https://github.com/mrdoob/three.js/issues/29662
mrdoob/three.js,29657,render,WebGLRenderer:,https://github.com/mrdoob/three.js/issues/29657
mrdoob/three.js,29655,mesh,BatchedMesh:,https://github.com/mrdoob/three.js/issues/29655
mrdoob/three.js,29654,texture,WebGPUTextureUtils:,https://github.com/mrdoob/three.js/issues/29654
mrdoob/three.js,29651,material,MaterialX:,https://github.com/mrdoob/three.js/issues/29651
mrdoob/three.js,29642,render,WebGPURenderer:,https://github.com/mrdoob/three.js/issues/29642
mrdoob/three.js,29631,render,WebGPURenderer:,https://github.com/mrdoob/three.js/issues/29631
mrdoob/three.js,29628,render,WebGLRenderer:,https://github.com/mrdoob/three.js/issues/29628
mrdoob/three.js,29626,mesh,WaterMesh:,https://github.com/mrdoob/three.js/issues/29626
mrdoob/three.js,29625,texture,VideoTexture’s,https://github.com/mrdoob/three.js/issues/29625
mrdoob/three.js,29624,mesh,Batchmesh:,https://github.com/mrdoob/three.js/issues/29624
mrdoob/three.js,29622,render,WebGPURenderer:,https://github.com/mrdoob/three.js/issues/29622
mrdoob/three.js,29615,render,WebGPURenderer:,https://github.com/mrdoob/three.js/issues/29615
mrdoob/three.js,29613,render,"WebGLArrayRenderTarget,",https://github.com/mrdoob/three.js/issues/29613
mrdoob/three.js,29612,render,WebGLRenderer:,https://github.com/mrdoob/three.js/issues/29612
mrdoob/three.js,29603,mesh,BatchedMesh,https://github.com/mrdoob/three.js/issues/29603
mrdoob/three.js,29596,render,WebGPURenderer:,https://github.com/mrdoob/three.js/issues/29596
mrdoob/three.js,29595,render,WebGPURenderer:,https://github.com/mrdoob/three.js/issues/29595
mrdoob/three.js,29594,render,WebGPURenderer:,https://github.com/mrdoob/three.js/issues/29594
mrdoob/three.js,29591,mesh,BatchedMesh:,https://github.com/mrdoob/three.js/issues/29591
mrdoob/three.js,29589,render,WebGPURenderer:,https://github.com/mrdoob/three.js/issues/29589
mrdoob/three.js,29582,render,WebGPURenderer:,https://github.com/mrdoob/three.js/issues/29582
mrdoob/three.js,29581,mesh,BatchedMesh,https://github.com/mrdoob/three.js/issues/29581
mrdoob/three.js,29580,mesh,BatchedMesh,https://github.com/mrdoob/three.js/issues/29580
mrdoob/three.js,29579,render,WebGLRenderer:,https://github.com/mrdoob/three.js/issues/29579
mrdoob/three.js,29577,mesh,BatchedMesh:,https://github.com/mrdoob/three.js/issues/29577
mrdoob/three.js,29576,render,WebGPURenderer:,https://github.com/mrdoob/three.js/issues/29576
mrdoob/three.js,29573,render,WebGPURenderer:,https://github.com/mrdoob/three.js/issues/29573
mrdoob/three.js,29567,render,WebGPURenderer:,https://github.com/mrdoob/three.js/issues/29567
mrdoob/three.js,29561,render,WebGPURenderer:,https://github.com/mrdoob/three.js/issues/29561
mrdoob/three.js,29551,material,NodeMaterial:,https://github.com/mrdoob/three.js/issues/29551
mrdoob/three.js,29549,render,WebGLRenderer:,https://github.com/mrdoob/three.js/issues/29549
mrdoob/three.js,29547,render,Renderer:,https://github.com/mrdoob/three.js/issues/29547
mrdoob/three.js,29542,render,WebGLRenderer:,https://github.com/mrdoob/three.js/issues/29542
mrdoob/three.js,29539,texture,CompressedArrayTexture,https://github.com/mrdoob/three.js/issues/29539
mrdoob/three.js,29538,render,WebGPURenderer:,https://github.com/mrdoob/three.js/issues/29538
mrdoob/three.js,29537,material,LineMaterial:,https://github.com/mrdoob/three.js/issues/29537
mrdoob/three.js,29533,render,WebGPURenderer:,https://github.com/mrdoob/three.js/issues/29533
mrdoob/three.js,29532,mesh,BatchedMesh:,https://github.com/mrdoob/three.js/issues/29532
mrdoob/three.js,29531,render,WebGLRenderer:,https://github.com/mrdoob/three.js/issues/29531
mrdoob/three.js,29527,mesh,BatchedMesh:,https://github.com/mrdoob/three.js/issues/29527
mrdoob/three.js,29526,render,WebGPURenderer:,https://github.com/mrdoob/three.js/issues/29526
mrdoob/three.js,29523,mesh,BatchedMesh:,https://github.com/mrdoob/three.js/issues/29523
mrdoob/three.js,29522,render,WebGPURenderer:,https://github.com/mrdoob/three.js/issues/29522
mrdoob/three.js,29518,texture,TextureHelper:,https://github.com/mrdoob/three.js/issues/29518
mrdoob/three.js,29517,material;sprite,SpriteNodeMaterial:,https://github.com/mrdoob/three.js/issues/29517
mrdoob/three.js,29503,render,WebGPURenderer:,https://github.com/mrdoob/three.js/issues/29503
mrdoob/three.js,29501,render,WebGPURenderer:,https://github.com/mrdoob/three.js/issues/29501
mrdoob/three.js,29497,render,WebGPURenderer:,https://github.com/mrdoob/three.js/issues/29497
mrdoob/three.js,29492,render,WebGPURenderer:,https://github.com/mrdoob/three.js/issues/29492
mrdoob/three.js,29491,material,InstancedPointsNodeMaterial:,https://github.com/mrdoob/three.js/issues/29491
mrdoob/three.js,29488,render,WebGPURenderer:,https://github.com/mrdoob/three.js/issues/29488
mrdoob/three.js,29480,render,WebGPURenderer:,https://github.com/mrdoob/three.js/issues/29480
mrdoob/three.js,29479,render,WebGPURenderer:,https://github.com/mrdoob/three.js/issues/29479
mrdoob/three.js,29477,mesh,"SkyMesh,",https://github.com/mrdoob/three.js/issues/29477
mrdoob/three.js,29470,render,WebGPURenderer:,https://github.com/mrdoob/three.js/issues/29470
mrdoob/three.js,29465,render,RenderObject:,https://github.com/mrdoob/three.js/issues/29465
mrdoob/three.js,29464,mesh,BatchedMesh:,https://github.com/mrdoob/three.js/issues/29464
mrdoob/three.js,29463,mesh,BatchedMesh:,https://github.com/mrdoob/three.js/issues/29463
mrdoob/three.js,29449,mesh,BatchedMesh:,https://github.com/mrdoob/three.js/issues/29449
mrdoob/three.js,29447,render,WebGPURenderer:,https://github.com/mrdoob/three.js/issues/29447
mrdoob/three.js,29445,render,WebGLRenderer:,https://github.com/mrdoob/three.js/issues/29445
mrdoob/three.js,29444,material,MaterialXLoader:,https://github.com/mrdoob/three.js/issues/29444
mrdoob/three.js,29443,material,MaterialXLoader:,https://github.com/mrdoob/three.js/issues/29443
mrdoob/three.js,29440,material,MaterialX:,https://github.com/mrdoob/three.js/issues/29440
mrdoob/three.js,29439,transparency,TransparencyFactor,https://github.com/mrdoob/three.js/issues/29439
mrdoob/three.js,29437,material,MaterialXLoader:,https://github.com/mrdoob/three.js/issues/29437
mrdoob/three.js,29433,material,MaterialXLoader:,https://github.com/mrdoob/three.js/issues/29433
mrdoob/three.js,29432,material,MaterialX:,https://github.com/mrdoob/three.js/issues/29432
mrdoob/three.js,29429,render,WebGLRenderTarget:,https://github.com/mrdoob/three.js/issues/29429
mrdoob/three.js,29427,render,WebGPURenderer:,https://github.com/mrdoob/three.js/issues/29427
mrdoob/three.js,29426,material,MaterialX:,https://github.com/mrdoob/three.js/issues/29426
mrdoob/three.js,29421,render,WebGPURenderer:,https://github.com/mrdoob/three.js/issues/29421
mrdoob/three.js,29420,render,WebGPURenderer:,https://github.com/mrdoob/three.js/issues/29420
mrdoob/three.js,29409,mesh,BatchedMesh:,https://github.com/mrdoob/three.js/issues/29409
mrdoob/three.js,29402,render,WebGPURenderer:,https://github.com/mrdoob/three.js/issues/29402
mrdoob/three.js,29400,render,WebGPURenderer:,https://github.com/mrdoob/three.js/issues/29400
mrdoob/three.js,29399,render,WebGPURenderer:,https://github.com/mrdoob/three.js/issues/29399
mrdoob/three.js,29397,material;sprite,SpriteMaterial:,https://github.com/mrdoob/three.js/issues/29397
mrdoob/three.js,29395,render,WebGPURenderer:,https://github.com/mrdoob/three.js/issues/29395
mrdoob/three.js,29394,material;sprite,SpriteNodeMaterial:,https://github.com/mrdoob/three.js/issues/29394
mrdoob/three.js,29392,render,WebGLRenderer:,https://github.com/mrdoob/three.js/issues/29392
mrdoob/three.js,29386,render,WebGPURenderer:,https://github.com/mrdoob/three.js/issues/29386
mrdoob/three.js,29384,render,WebGPURenderer:,https://github.com/mrdoob/three.js/issues/29384
mrdoob/three.js,29383,render,Renderer:,https://github.com/mrdoob/three.js/issues/29383
mrdoob/three.js,29379,mesh,BatchedMesh,https://github.com/mrdoob/three.js/issues/29379
mrdoob/three.js,29374,render,WebGPURenderer:,https://github.com/mrdoob/three.js/issues/29374
mrdoob/three.js,29371,render,WebGPURenderer:,https://github.com/mrdoob/three.js/issues/29371
mrdoob/three.js,29358,render,WebGPURenderer:,https://github.com/mrdoob/three.js/issues/29358
mrdoob/three.js,29353,raycast,Raycaster,https://github.com/mrdoob/three.js/issues/29353
mrdoob/three.js,29348,texture,TextureUtils:,https://github.com/mrdoob/three.js/issues/29348
mrdoob/three.js,29345,render,WebGLRenderer:,https://github.com/mrdoob/three.js/issues/29345
mrdoob/three.js,29343,mesh,BatchedMesh,https://github.com/mrdoob/three.js/issues/29343
mrdoob/three.js,29341,render,WebGPURenderer:,https://github.com/mrdoob/three.js/issues/29341
mrdoob/three.js,29340,raycast,Raycaster:,https://github.com/mrdoob/three.js/issues/29340
mrdoob/three.js,29339,render,WebGLRenderer:,https://github.com/mrdoob/three.js/issues/29339
mrdoob/three.js,29337,render,WebGPURenderer,https://github.com/mrdoob/three.js/issues/29337
mrdoob/three.js,29331,shadowmap,ShadowMapViewer:,https://github.com/mrdoob/three.js/issues/29331
mrdoob/three.js,29326,render,WebGPURenderer:,https://github.com/mrdoob/three.js/issues/29326
mrdoob/three.js,29325,render,WebGPURenderer:,https://github.com/mrdoob/three.js/issues/29325
mrdoob/three.js,29323,render,WebGPURenderer:,https://github.com/mrdoob/three.js/issues/29323
mrdoob/three.js,29322,shadowmap,ShadowMapViewer:,https://github.com/mrdoob/three.js/issues/29322
mrdoob/three.js,29320,render,WebGLRenderer:,https://github.com/mrdoob/three.js/issues/29320
mrdoob/three.js,29319,render,WebGPURenderer:,https://github.com/mrdoob/three.js/issues/29319
mrdoob/three.js,29312,render,WebGPURenderer:,https://github.com/mrdoob/three.js/issues/29312
mrdoob/three.js,29306,render,WebGPURenderer:,https://github.com/mrdoob/three.js/issues/29306
mrdoob/three.js,29299,render,WebGPURenderer:,https://github.com/mrdoob/three.js/issues/29299
mrdoob/three.js,29298,render,WebGLRenderer:,https://github.com/mrdoob/three.js/issues/29298
mrdoob/three.js,29293,render,WebGPURenderer:,https://github.com/mrdoob/three.js/issues/29293
mrdoob/three.js,29278,render,WebGPURenderer:,https://github.com/mrdoob/three.js/issues/29278
mrdoob/three.js,29277,render,WebGPURenderer:,https://github.com/mrdoob/three.js/issues/29277
mrdoob/three.js,29273,render,WebGPURenderer:,https://github.com/mrdoob/three.js/issues/29273
mrdoob/three.js,29271,render,WebGPURenderer:,https://github.com/mrdoob/three.js/issues/29271
mrdoob/three.js,29261,render,WebGPURenderer:,https://github.com/mrdoob/three.js/issues/29261
mrdoob/three.js,29257,render,WebGPURenderer:,https://github.com/mrdoob/three.js/issues/29257
mrdoob/three.js,29256,render,WebGPURenderer:,https://github.com/mrdoob/three.js/issues/29256
mrdoob/three.js,29255,render,WebGPURenderer:,https://github.com/mrdoob/three.js/issues/29255
mrdoob/three.js,29254,render,WebGPURenderer:,https://github.com/mrdoob/three.js/issues/29254
mrdoob/three.js,29252,render,WebGPURenderer:,https://github.com/mrdoob/three.js/issues/29252
mrdoob/three.js,29250,render,WebGPURenderer:,https://github.com/mrdoob/three.js/issues/29250
mrdoob/three.js,29249,render,WebGPURenderer:,https://github.com/mrdoob/three.js/issues/29249
mrdoob/three.js,29245,render,WebGPURenderer:,https://github.com/mrdoob/three.js/issues/29245
mrdoob/three.js,29242,mesh,BatchedMesh,https://github.com/mrdoob/three.js/issues/29242
mrdoob/three.js,29240,render,WebGPURenderer:,https://github.com/mrdoob/three.js/issues/29240
mrdoob/three.js,29239,render,WebGPURenderer:,https://github.com/mrdoob/three.js/issues/29239
mrdoob/three.js,29238,render,WebGPURenderer:,https://github.com/mrdoob/three.js/issues/29238
mrdoob/three.js,29237,render,WebGPURenderer:,https://github.com/mrdoob/three.js/issues/29237
mrdoob/three.js,29235,model,gltf-model,https://github.com/mrdoob/three.js/issues/29235
mrdoob/three.js,29232,render,WebGPURenderer:,https://github.com/mrdoob/three.js/issues/29232
mrdoob/three.js,29231,render,WebGPURenderer:,https://github.com/mrdoob/three.js/issues/29231
mrdoob/three.js,29230,render,WebGPURenderer:,https://github.com/mrdoob/three.js/issues/29230
mrdoob/three.js,29225,render,WebGPURenderer:,https://github.com/mrdoob/three.js/issues/29225
mrdoob/three.js,29221,render,WebGPURenderer:,https://github.com/mrdoob/three.js/issues/29221
mrdoob/three.js,29218,render,WebGPURenderer:,https://github.com/mrdoob/three.js/issues/29218
mrdoob/three.js,29217,render,WebGPURenderer:,https://github.com/mrdoob/three.js/issues/29217
mrdoob/three.js,29213,render,WebGPURenderer:,https://github.com/mrdoob/three.js/issues/29213
mrdoob/three.js,29203,render,WebGPURenderer:,https://github.com/mrdoob/three.js/issues/29203
mrdoob/three.js,29199,mesh,SkyMesh:,https://github.com/mrdoob/three.js/issues/29199
mrdoob/three.js,29198,render,WebGPURenderer:,https://github.com/mrdoob/three.js/issues/29198
mrdoob/three.js,29197,render,WebGPURenderer:,https://github.com/mrdoob/three.js/issues/29197
mrdoob/three.js,29192,render,WebGPURenderer:,https://github.com/mrdoob/three.js/issues/29192
mrdoob/three.js,29189,render,WebGLRenderer:,https://github.com/mrdoob/three.js/issues/29189
mrdoob/three.js,29188,render,WebGPURenderer:,https://github.com/mrdoob/three.js/issues/29188
mrdoob/three.js,29187,render,WebGPURenderer:,https://github.com/mrdoob/three.js/issues/29187
mrdoob/three.js,29186,render,WebGPURenderer:,https://github.com/mrdoob/three.js/issues/29186
mrdoob/three.js,29183,render,WebGPURenderer:,https://github.com/mrdoob/three.js/issues/29183
mrdoob/three.js,29182,mesh,InstancedMesh,https://github.com/mrdoob/three.js/issues/29182
mrdoob/three.js,29179,model,XRControllerModelFactory:,https://github.com/mrdoob/three.js/issues/29179
mrdoob/three.js,29177,render,WebGPURenderer:,https://github.com/mrdoob/three.js/issues/29177
mrdoob/three.js,29176,render,WebGPURenderer:,https://github.com/mrdoob/three.js/issues/29176
mrdoob/three.js,29175,render,WebGPURenderer:,https://github.com/mrdoob/three.js/issues/29175
mrdoob/three.js,29174,render,WebGPURenderer:,https://github.com/mrdoob/three.js/issues/29174
mrdoob/three.js,29172,render,WebGPURenderer:,https://github.com/mrdoob/three.js/issues/29172
MTASZTAKI/ApertusVR,193,render,FilamentRenderPlugin,https://github.com/MTASZTAKI/ApertusVR/issues/193
MTASZTAKI/ApertusVR,192,material,IFileMaterial,https://github.com/MTASZTAKI/ApertusVR/issues/192
nanome-ai/nanome-lib,358,render,Surrender,https://github.com/nanome-ai/nanome-lib/issues/358
networked-aframe/networked-aframe,205,display,Displaying,https://github.com/networked-aframe/networked-aframe/issues/205
OpenKneeboard/OpenKneeboard,698,invisible;visible,invisible,https://github.com/OpenKneeboard/OpenKneeboard/issues/698
OpenKneeboard/OpenKneeboard,476,sprite,Sprite,https://github.com/OpenKneeboard/OpenKneeboard/issues/476
overte-org/overte,1771,material;materials,Materials,https://github.com/overte-org/overte/issues/1771
overte-org/overte,1720,texture,Texture,https://github.com/overte-org/overte/issues/1720
overte-org/overte,1713,model,Model,https://github.com/overte-org/overte/issues/1713
overte-org/overte,1650,material;materials,Materials,https://github.com/overte-org/overte/issues/1650
overte-org/overte,1649,material,Material,https://github.com/overte-org/overte/issues/1649
overte-org/overte,1592,material,material,https://github.com/overte-org/overte/issues/1592
overte-org/overte,1591,material,material,https://github.com/overte-org/overte/issues/1591
overte-org/overte,1570,render;rendering,Rendering,https://github.com/overte-org/overte/issues/1570
overte-org/overte,1531,material,material,https://github.com/overte-org/overte/issues/1531
overte-org/overte,1511,material,Material,https://github.com/overte-org/overte/issues/1511
overte-org/overte,1432,render,Render,https://github.com/overte-org/overte/issues/1432
overte-org/overte,1390,material,libmaterial-networking,https://github.com/overte-org/overte/issues/1390
overte-org/overte,1381,render;rendering,[Rendering],https://github.com/overte-org/overte/issues/1381
overte-org/overte,1339,material;materials,Materials,https://github.com/overte-org/overte/issues/1339
overte-org/overte,976,model;models,ModelSerializersTests::loadGLTF(gltf2.0-Fox.glb),https://github.com/overte-org/overte/issues/976
overte-org/overte,963,render,Renderer-related,https://github.com/overte-org/overte/issues/963
overte-org/overte,954,texture,KHR_texture_transform,https://github.com/overte-org/overte/issues/954
overte-org/overte,951,model,MyAvatar.skeletonModelURL,https://github.com/overte-org/overte/issues/951
overte-org/overte,941,texture;textures,Textures,https://github.com/overte-org/overte/issues/941
overte-org/overte,800,display,disable-displays,https://github.com/overte-org/overte/issues/800
overte-org/overte,668,material,Material,https://github.com/overte-org/overte/issues/668
overte-org/overte,667,display,Displayname,https://github.com/overte-org/overte/issues/667
overte-org/overte,666,model;models,models,https://github.com/overte-org/overte/issues/666
overte-org/overte,536,model,Model,https://github.com/overte-org/overte/issues/536
overte-org/overte,516,render;rendering,Rendering,https://github.com/overte-org/overte/issues/516
overte-org/overte,503,texture,Texture,https://github.com/overte-org/overte/issues/503
overte-org/overte,411,model,Model,https://github.com/overte-org/overte/issues/411
overte-org/overte,326,model,Model,https://github.com/overte-org/overte/issues/326
overte-org/overte,279,texture,texture,https://github.com/overte-org/overte/issues/279
overte-org/overte,257,mesh,_meshStates,https://github.com/overte-org/overte/issues/257
pierre-auguste/system-of-units,35,mesh,Mesh,https://github.com/pierre-auguste/system-of-units/issues/35
playcanvas/engine,7826,render,RenderPass,https://github.com/playcanvas/engine/issues/7826
playcanvas/engine,7801,texture,texture,https://github.com/playcanvas/engine/issues/7801
playcanvas/engine,7729,mesh,Mesh-based,https://github.com/playcanvas/engine/issues/7729
playcanvas/engine,7698,material,Material-anisotropic,https://github.com/playcanvas/engine/issues/7698
playcanvas/engine,7690,render,Render,https://github.com/playcanvas/engine/issues/7690
playcanvas/engine,7415,render,OutlineRenderer,https://github.com/playcanvas/engine/issues/7415
playcanvas/engine,7360,render,OutlineRenderer,https://github.com/playcanvas/engine/issues/7360
playcanvas/engine,7338,material,StandardMaterial,https://github.com/playcanvas/engine/issues/7338
playcanvas/engine,7304,material,Material,https://github.com/playcanvas/engine/issues/7304
playcanvas/engine,7302,material,GsplatMaterial,https://github.com/playcanvas/engine/issues/7302
playcanvas/engine,7280,material,ShaderMaterial,https://github.com/playcanvas/engine/issues/7280
playcanvas/engine,7279,material,ShaderMaterial,https://github.com/playcanvas/engine/issues/7279
playcanvas/engine,7257,sprite,Sprite,https://github.com/playcanvas/engine/issues/7257
playcanvas/engine,7239,render,Render,https://github.com/playcanvas/engine/issues/7239
playcanvas/engine,7190,texture,Texture,https://github.com/playcanvas/engine/issues/7190
playcanvas/engine,7160,texture,Texture,https://github.com/playcanvas/engine/issues/7160
playcanvas/engine,7051,render;rendering,Rendering,https://github.com/playcanvas/engine/issues/7051
playcanvas/engine,6969,render,RenderPassCameraFrame,https://github.com/playcanvas/engine/issues/6969
playcanvas/engine,6944,texture,Texture,https://github.com/playcanvas/engine/issues/6944
playcanvas/engine,6940,render,RenderPass,https://github.com/playcanvas/engine/issues/6940
playcanvas/engine,6937,texture;textures,Textures,https://github.com/playcanvas/engine/issues/6937
playcanvas/engine,6898,render,OutlineRenderer,https://github.com/playcanvas/engine/issues/6898
playcanvas/engine,6865,material,Material,https://github.com/playcanvas/engine/issues/6865
playcanvas/engine,6856,material,ShaderMaterial,https://github.com/playcanvas/engine/issues/6856
playcanvas/engine,6855,skinning,Skinning,https://github.com/playcanvas/engine/issues/6855
playcanvas/engine,6752,render,Render,https://github.com/playcanvas/engine/issues/6752
playcanvas/engine,6698,texture,Texture,https://github.com/playcanvas/engine/issues/6698
playcanvas/engine,6697,texture,Texture,https://github.com/playcanvas/engine/issues/6697
playcanvas/engine,6693,texture,Texture,https://github.com/playcanvas/engine/issues/6693
playcanvas/engine,6684,render,RenderPassSsao:,https://github.com/playcanvas/engine/issues/6684
playcanvas/engine,6680,render,RenderComponent,https://github.com/playcanvas/engine/issues/6680
playcanvas/engine,6657,render,RenderPass,https://github.com/playcanvas/engine/issues/6657
playcanvas/engine,6653,material,Material,https://github.com/playcanvas/engine/issues/6653
playcanvas/engine,6371,render,Render,https://github.com/playcanvas/engine/issues/6371
playcanvas/engine,6232,mesh,Mesh,https://github.com/playcanvas/engine/issues/6232
playcanvas/engine,6212,mesh,Mesh,https://github.com/playcanvas/engine/issues/6212
playcanvas/engine,6195,material,StandardMaterial,https://github.com/playcanvas/engine/issues/6195
playcanvas/engine,6107,material,Material,https://github.com/playcanvas/engine/issues/6107
playcanvas/engine,6087,mesh,Mesh,https://github.com/playcanvas/engine/issues/6087
playcanvas/engine,6040,render,RenderPassPrepass,https://github.com/playcanvas/engine/issues/6040
playcanvas/engine,6004,texture,texture.lock({,https://github.com/playcanvas/engine/issues/6004
playcanvas/engine,5903,opacity,Opacity,https://github.com/playcanvas/engine/issues/5903
playcanvas/engine,5891,mesh,PaintMesh,https://github.com/playcanvas/engine/issues/5891
playcanvas/engine,5890,render,RenderPassRenderActions,https://github.com/playcanvas/engine/issues/5890
playcanvas/engine,5818,mesh,Mesh,https://github.com/playcanvas/engine/issues/5818
playcanvas/engine,5736,opacity,Opacity,https://github.com/playcanvas/engine/issues/5736
playcanvas/engine,5725,mesh,Mesh,https://github.com/playcanvas/engine/issues/5725
playcanvas/engine,5722,render,Render,https://github.com/playcanvas/engine/issues/5722
playcanvas/engine,5627,material,Material,https://github.com/playcanvas/engine/issues/5627
playcanvas/engine,5624,sprite,Sprite,https://github.com/playcanvas/engine/issues/5624
playcanvas/engine,5553,render;rendering,Rendering,https://github.com/playcanvas/engine/issues/5553
playcanvas/engine,5367,raycast,raycastFirst,https://github.com/playcanvas/engine/issues/5367
playcanvas/engine,5354,sprite,SpriteComponent,https://github.com/playcanvas/engine/issues/5354
playcanvas/engine,5287,display,Display-P3,https://github.com/playcanvas/engine/issues/5287
playcanvas/engine,5262,mesh,Mesh,https://github.com/playcanvas/engine/issues/5262
playcanvas/engine,5237,blending,Blending,https://github.com/playcanvas/engine/issues/5237
playcanvas/engine,5117,mesh,MeshInstance.castShadow,https://github.com/playcanvas/engine/issues/5117
playcanvas/engine,4989,texture,Texture,https://github.com/playcanvas/engine/issues/4989
playcanvas/engine,4919,render;rendering,Rendering,https://github.com/playcanvas/engine/issues/4919
playcanvas/engine,4889,texture,reprojectTexture,https://github.com/playcanvas/engine/issues/4889
playcanvas/engine,4867,material,Material,https://github.com/playcanvas/engine/issues/4867
playcanvas/engine,4860,texture,reproject-texture,https://github.com/playcanvas/engine/issues/4860
playcanvas/engine,4815,material,Material,https://github.com/playcanvas/engine/issues/4815
playcanvas/engine,4782,texture;textures,Textures,https://github.com/playcanvas/engine/issues/4782
playcanvas/engine,4775,render;rendering,Rendering,https://github.com/playcanvas/engine/issues/4775
playcanvas/engine,4690,texture,Texture,https://github.com/playcanvas/engine/issues/4690
playcanvas/engine,4645,mesh,Mesh,https://github.com/playcanvas/engine/issues/4645
playcanvas/engine,4642,material,Material,https://github.com/playcanvas/engine/issues/4642
playcanvas/engine,4641,render;rendering,Rendering,https://github.com/playcanvas/engine/issues/4641
playcanvas/engine,4637,mesh,Mesh,https://github.com/playcanvas/engine/issues/4637
playcanvas/engine,4602,mesh,Mesh,https://github.com/playcanvas/engine/issues/4602
playcanvas/engine,4433,render,Render,https://github.com/playcanvas/engine/issues/4433
playcanvas/engine,4408,material,BasicMaterial,https://github.com/playcanvas/engine/issues/4408
playcanvas/engine,4386,material,Material,https://github.com/playcanvas/engine/issues/4386
playcanvas/engine,4319,material,Material,https://github.com/playcanvas/engine/issues/4319
playcanvas/engine,4290,texture,Texture,https://github.com/playcanvas/engine/issues/4290
playcanvas/engine,4268,render;rendering,Rendering,https://github.com/playcanvas/engine/issues/4268
playcanvas/engine,4231,raycast,Raycast,https://github.com/playcanvas/engine/issues/4231
playcanvas/engine,4164,material,StandardMaterial,https://github.com/playcanvas/engine/issues/4164
playcanvas/engine,4125,render,Render,https://github.com/playcanvas/engine/issues/4125
playcanvas/engine,4097,render,RenderTarget,https://github.com/playcanvas/engine/issues/4097
playcanvas/engine,4039,render,instantiateRenderEntity,https://github.com/playcanvas/engine/issues/4039
playcanvas/engine,4021,render,WEBGL_debug_renderer_info,https://github.com/playcanvas/engine/issues/4021
playcanvas/engine,4016,material,Material#clone:,https://github.com/playcanvas/engine/issues/4016
playcanvas/engine,3922,sprite;sprites,Sprites,https://github.com/playcanvas/engine/issues/3922
playcanvas/engine,3875,render,Render,https://github.com/playcanvas/engine/issues/3875
playcanvas/engine,3816,render,RenderCubemap,https://github.com/playcanvas/engine/issues/3816
playcanvas/engine,3776,mesh,pc.createMesh,https://github.com/playcanvas/engine/issues/3776
playcanvas/engine,3706,mesh,MeshInstance.skinInstance,https://github.com/playcanvas/engine/issues/3706
playcanvas/engine,3683,material,Material,https://github.com/playcanvas/engine/issues/3683
playcanvas/engine,3675,mesh,MeshInstance#skinInstance,https://github.com/playcanvas/engine/issues/3675
playcanvas/engine,3673,texture,Texture#type,https://github.com/playcanvas/engine/issues/3673
playcanvas/engine,3664,material;render,RenderComponent#material,https://github.com/playcanvas/engine/issues/3664
playcanvas/engine,3638,render,Render,https://github.com/playcanvas/engine/issues/3638
playcanvas/engine,3560,material,Material,https://github.com/playcanvas/engine/issues/3560
playcanvas/engine,3515,texture,Texture,https://github.com/playcanvas/engine/issues/3515
playcanvas/engine,3421,render,render,https://github.com/playcanvas/engine/issues/3421
playcanvas/engine,3391,material,StandardMaterial,https://github.com/playcanvas/engine/issues/3391
playcanvas/engine,3384,mesh,Mesh,https://github.com/playcanvas/engine/issues/3384
playcanvas/engine,3306,mesh,MeshInstance,https://github.com/playcanvas/engine/issues/3306
playcanvas/engine,3298,material,BasicMaterial,https://github.com/playcanvas/engine/issues/3298
playcanvas/engine,3236,render,[.WebGL-0x47a8ea00]RENDER,https://github.com/playcanvas/engine/issues/3236
playcanvas/engine,3213,transparency,Transparency,https://github.com/playcanvas/engine/issues/3213
playcanvas/engine,3185,material,Material,https://github.com/playcanvas/engine/issues/3185
playcanvas/engine,3140,render,Forward-renderer,https://github.com/playcanvas/engine/issues/3140
playcanvas/engine,3137,render,RenderTarget,https://github.com/playcanvas/engine/issues/3137
playcanvas/engine,3061,texture,_assignTexture,https://github.com/playcanvas/engine/issues/3061
playcanvas/engine,2982,texture,Texture,https://github.com/playcanvas/engine/issues/2982
playcanvas/engine,2966,mesh,pc.createMesh,https://github.com/playcanvas/engine/issues/2966
playcanvas/engine,2964,blending,Blending,https://github.com/playcanvas/engine/issues/2964
playcanvas/engine,2958,mesh,Mesh,https://github.com/playcanvas/engine/issues/2958
playcanvas/engine,2951,mesh,pc.createMesh,https://github.com/playcanvas/engine/issues/2951
playcanvas/engine,2912,render,Render,https://github.com/playcanvas/engine/issues/2912
playcanvas/engine,2890,texture,TextureEncoding,https://github.com/playcanvas/engine/issues/2890
playcanvas/engine,2852,render,cubemap-renderer.js,https://github.com/playcanvas/engine/issues/2852
playcanvas/engine,2775,material,"BasicMaterial,",https://github.com/playcanvas/engine/issues/2775
playcanvas/engine,2744,mesh,Mesh,https://github.com/playcanvas/engine/issues/2744
playcanvas/engine,2690,material;materials,Materials,https://github.com/playcanvas/engine/issues/2690
playcanvas/engine,2686,mesh,Mesh,https://github.com/playcanvas/engine/issues/2686
playcanvas/engine,2612,mesh,MeshInstance.,https://github.com/playcanvas/engine/issues/2612
playcanvas/engine,2595,render,RenderComponent,https://github.com/playcanvas/engine/issues/2595
playcanvas/engine,2516,raycast,Raycast,https://github.com/playcanvas/engine/issues/2516
playcanvas/engine,2499,texture,Texture,https://github.com/playcanvas/engine/issues/2499
playcanvas/engine,2497,model,Model,https://github.com/playcanvas/engine/issues/2497
playcanvas/engine,2488,render,RenderComponent,https://github.com/playcanvas/engine/issues/2488
playcanvas/engine,2412,sprite,Sprite,https://github.com/playcanvas/engine/issues/2412
playcanvas/engine,2409,mesh,pc.MeshInstance.castShadow,https://github.com/playcanvas/engine/issues/2409
playcanvas/engine,2393,texture,Texture,https://github.com/playcanvas/engine/issues/2393
playcanvas/engine,2389,mesh,MeshInstance,https://github.com/playcanvas/engine/issues/2389
playcanvas/engine,2345,render,RenderComponent,https://github.com/playcanvas/engine/issues/2345
playcanvas/engine,2290,mesh,Mesh.getIndices(),https://github.com/playcanvas/engine/issues/2290
playcanvas/engine,2217,skinning,Skinning,https://github.com/playcanvas/engine/issues/2217
playcanvas/engine,2196,texture,Texture,https://github.com/playcanvas/engine/issues/2196
playcanvas/engine,2171,sprite,Sprite,https://github.com/playcanvas/engine/issues/2171
playcanvas/engine,2168,sprite,SpriteComponents,https://github.com/playcanvas/engine/issues/2168
playcanvas/engine,2160,texture,Texture,https://github.com/playcanvas/engine/issues/2160
playcanvas/engine,2155,texture;textures,Textures,https://github.com/playcanvas/engine/issues/2155
playcanvas/engine,2123,texture,Texture,https://github.com/playcanvas/engine/issues/2123
playcanvas/engine,2102,raycast,pc.RigidBodyComponentSystem#raycastFirst,https://github.com/playcanvas/engine/issues/2102
playcanvas/engine,2069,render,pc.Application#renderLine,https://github.com/playcanvas/engine/issues/2069
playcanvas/engine,2060,texture,TextureTransformTest.gltf,https://github.com/playcanvas/engine/issues/2060
playcanvas/engine,2050,render,RenderLine,https://github.com/playcanvas/engine/issues/2050
playcanvas/engine,2042,model,Model,https://github.com/playcanvas/engine/issues/2042
playcanvas/engine,2038,raycast,RaycastAll,https://github.com/playcanvas/engine/issues/2038
playcanvas/engine,2020,mesh,Mesh,https://github.com/playcanvas/engine/issues/2020
playcanvas/engine,1993,raycast,Raycast,https://github.com/playcanvas/engine/issues/1993
playcanvas/engine,1942,visible,visibleThisFrame,https://github.com/playcanvas/engine/issues/1942
playcanvas/engine,1938,model,Model,https://github.com/playcanvas/engine/issues/1938
playcanvas/engine,1852,render,Application.renderLine(s),https://github.com/playcanvas/engine/issues/1852
playcanvas/engine,1807,material,Material,https://github.com/playcanvas/engine/issues/1807
playcanvas/engine,1718,sprite,Sprite,https://github.com/playcanvas/engine/issues/1718
playcanvas/engine,1619,material,material.clone(),https://github.com/playcanvas/engine/issues/1619
playcanvas/engine,1590,sprite;sprites,Sprites,https://github.com/playcanvas/engine/issues/1590
playcanvas/engine,1477,model,Model,https://github.com/playcanvas/engine/issues/1477
playcanvas/engine,1471,render,layer.renderTarget,https://github.com/playcanvas/engine/issues/1471
playcanvas/engine,1458,material,Material,https://github.com/playcanvas/engine/issues/1458
playcanvas/engine,1380,texture,Texture,https://github.com/playcanvas/engine/issues/1380
playcanvas/engine,1378,model,Model,https://github.com/playcanvas/engine/issues/1378
playcanvas/engine,1331,material,Material,https://github.com/playcanvas/engine/issues/1331
playcanvas/engine,1292,material,Material,https://github.com/playcanvas/engine/issues/1292
playcanvas/engine,1291,texture,Texture,https://github.com/playcanvas/engine/issues/1291
playcanvas/engine,1275,texture,Texture,https://github.com/playcanvas/engine/issues/1275
playcanvas/engine,1255,model,Model,https://github.com/playcanvas/engine/issues/1255
playcanvas/engine,1221,texture,Texture,https://github.com/playcanvas/engine/issues/1221
playcanvas/engine,1182,material,Material,https://github.com/playcanvas/engine/issues/1182
playcanvas/engine,1122,render,app.renderLine,https://github.com/playcanvas/engine/issues/1122
playcanvas/engine,1096,material,Material,https://github.com/playcanvas/engine/issues/1096
playcanvas/engine,1009,model,Model,https://github.com/playcanvas/engine/issues/1009
playcanvas/engine,948,render;rendering,rendering,https://github.com/playcanvas/engine/issues/948
playcanvas/engine,947,render,Render,https://github.com/playcanvas/engine/issues/947
playcanvas/engine,929,render,RenderTarget,https://github.com/playcanvas/engine/issues/929
playcanvas/engine,844,mesh,meshInstance.aabb,https://github.com/playcanvas/engine/issues/844
playcanvas/engine,785,mesh,createSkinnedMesh,https://github.com/playcanvas/engine/issues/785
playcanvas/engine,780,texture,Texture,https://github.com/playcanvas/engine/issues/780
playcanvas/engine,760,raycast,Raycasts,https://github.com/playcanvas/engine/issues/760
playcanvas/engine,753,material,Material,https://github.com/playcanvas/engine/issues/753
playcanvas/engine,730,material;model,Model/material,https://github.com/playcanvas/engine/issues/730
playcanvas/engine,729,raycast,raycastFirst,https://github.com/playcanvas/engine/issues/729
playcanvas/engine,720,render,renderLine,https://github.com/playcanvas/engine/issues/720
playcanvas/engine,699,material,Material#update,https://github.com/playcanvas/engine/issues/699
playcanvas/engine,642,render,Renderer,https://github.com/playcanvas/engine/issues/642
playcanvas/engine,619,material,StandardMaterial,https://github.com/playcanvas/engine/issues/619
playcanvas/engine,579,render,Render,https://github.com/playcanvas/engine/issues/579
playcanvas/engine,562,texture,Texture.destroy,https://github.com/playcanvas/engine/issues/562
playcanvas/engine,523,shadowmap,Shadowmapping,https://github.com/playcanvas/engine/issues/523
playcanvas/engine,518,skinning,skinning,https://github.com/playcanvas/engine/issues/518
playcanvas/engine,512,skinning,Skinning,https://github.com/playcanvas/engine/issues/512
playcanvas/engine,498,mesh,pc.createMesh,https://github.com/playcanvas/engine/issues/498
playcanvas/engine,493,mesh,Feature/mesh,https://github.com/playcanvas/engine/issues/493
playcanvas/engine,491,render,Render,https://github.com/playcanvas/engine/issues/491
playcanvas/engine,490,raycast,raycastFirst,https://github.com/playcanvas/engine/issues/490
playcanvas/engine,489,material,PhongMaterial's,https://github.com/playcanvas/engine/issues/489
playcanvas/engine,481,model,Model,https://github.com/playcanvas/engine/issues/481
playcanvas/engine,454,mesh,pc.MeshInstance#aabb,https://github.com/playcanvas/engine/issues/454
playcanvas/engine,371,mesh,meshInstance.pick,https://github.com/playcanvas/engine/issues/371
playcanvas/engine,360,render;rendering,Rendering,https://github.com/playcanvas/engine/issues/360
playcanvas/engine,335,material,Material,https://github.com/playcanvas/engine/issues/335
playcanvas/engine,332,display,Display,https://github.com/playcanvas/engine/issues/332
playcanvas/engine,331,material,Material,https://github.com/playcanvas/engine/issues/331
playcanvas/engine,280,mesh,MeshInstance,https://github.com/playcanvas/engine/issues/280
playcanvas/engine,190,render,render,https://github.com/playcanvas/engine/issues/190
playcanvas/engine,163,mesh,pc.Mesh,https://github.com/playcanvas/engine/issues/163
playcanvas/engine,150,material,Material,https://github.com/playcanvas/engine/issues/150
playcanvas/engine,107,material,Material,https://github.com/playcanvas/engine/issues/107
playcanvas/engine,26,texture,Texture,https://github.com/playcanvas/engine/issues/26
playcanvas/engine,15,opacity,Opacity,https://github.com/playcanvas/engine/issues/15
playcanvas/engine,14,material,Material,https://github.com/playcanvas/engine/issues/14
PlumCantaloupe/circlesxr,244,model;models,Models,https://github.com/PlumCantaloupe/circlesxr/issues/244
PlumCantaloupe/circlesxr,138,model,Model,https://github.com/PlumCantaloupe/circlesxr/issues/138
PlumCantaloupe/circlesxr,133,model,Model,https://github.com/PlumCantaloupe/circlesxr/issues/133
PlumCantaloupe/circlesxr,67,model,Model,https://github.com/PlumCantaloupe/circlesxr/issues/67
PlumCantaloupe/circlesxr,66,model,Model,https://github.com/PlumCantaloupe/circlesxr/issues/66
PlumCantaloupe/circlesxr,65,model,Model,https://github.com/PlumCantaloupe/circlesxr/issues/65
praydog/REFramework,1336,display,"""GameObjectsDisplay""",https://github.com/praydog/REFramework/issues/1336
praydog/REFramework,1150,display,GameObjectsDisplay,https://github.com/praydog/REFramework/issues/1150
Project-Splinter/MonoPort,36,model,model,https://github.com/Project-Splinter/MonoPort/issues/36
ProVR-Norway/ProvrUE4,57,model,Feature/model,https://github.com/ProVR-Norway/ProvrUE4/issues/57
ProVR-Norway/ProvrUE4,18,model,Feature/model,https://github.com/ProVR-Norway/ProvrUE4/issues/18
ProVR-Norway/ProvrUE4,8,model,Feature/model,https://github.com/ProVR-Norway/ProvrUE4/issues/8
RAIRLab/VirtualSlate,2,display,Display,https://github.com/RAIRLab/VirtualSlate/issues/2
ReactVision/viro,349,model,Model,https://github.com/ReactVision/viro/issues/349
ReactVision/viro,103,model,Model,https://github.com/ReactVision/viro/issues/103
ROCm/MIVisionX,1177,model,Model,https://github.com/ROCm/MIVisionX/issues/1177
ROCm/MIVisionX,1159,model,Model,https://github.com/ROCm/MIVisionX/issues/1159
ROCm/MIVisionX,1083,model,Model,https://github.com/ROCm/MIVisionX/issues/1083
ROCm/MIVisionX,1082,model,Model,https://github.com/ROCm/MIVisionX/issues/1082
ROCm/MIVisionX,1081,model,Model,https://github.com/ROCm/MIVisionX/issues/1081
ROCm/MIVisionX,1070,model,Model,https://github.com/ROCm/MIVisionX/issues/1070
ROCm/MIVisionX,945,model,model,https://github.com/ROCm/MIVisionX/issues/945
ROCm/MIVisionX,797,model,Model,https://github.com/ROCm/MIVisionX/issues/797
ROCm/MIVisionX,796,model,Model,https://github.com/ROCm/MIVisionX/issues/796
ROCm/MIVisionX,489,model,Model,https://github.com/ROCm/MIVisionX/issues/489
ROCm/MIVisionX,430,model,Model,https://github.com/ROCm/MIVisionX/issues/430
ROCm/MIVisionX,429,model,Model,https://github.com/ROCm/MIVisionX/issues/429
ROCm/MIVisionX,428,model,Model,https://github.com/ROCm/MIVisionX/issues/428
ROCm/MIVisionX,418,model,Model,https://github.com/ROCm/MIVisionX/issues/418
ROCm/MIVisionX,404,model,model,https://github.com/ROCm/MIVisionX/issues/404
ROCm/MIVisionX,120,model,Model,https://github.com/ROCm/MIVisionX/issues/120
ROCm/MIVisionX,97,model,Model,https://github.com/ROCm/MIVisionX/issues/97
ROCm/MIVisionX,84,model,Model,https://github.com/ROCm/MIVisionX/issues/84
ROCm/MIVisionX,35,model,model,https://github.com/ROCm/MIVisionX/issues/35
ROCm/MIVisionX,27,model,Model,https://github.com/ROCm/MIVisionX/issues/27
ROCm/MIVisionX,18,model,Model,https://github.com/ROCm/MIVisionX/issues/18
ROCm/MIVisionX,12,model,Model,https://github.com/ROCm/MIVisionX/issues/12
ROCm/MIVisionX,11,model,Model,https://github.com/ROCm/MIVisionX/issues/11
rurre/PumkinsAvatarTools,108,material;materials,Materials,https://github.com/rurre/PumkinsAvatarTools/issues/108
rurre/PumkinsAvatarTools,33,mesh,'Mesh,https://github.com/rurre/PumkinsAvatarTools/issues/33
secondlife/viewer,4710,mesh,Mesh,https://github.com/secondlife/viewer/issues/4710
secondlife/viewer,4481,mesh,mesh,https://github.com/secondlife/viewer/issues/4481
secondlife/viewer,4402,model;models,Models,https://github.com/secondlife/viewer/issues/4402
secondlife/viewer,4400,model,Model,https://github.com/secondlife/viewer/issues/4400
secondlife/viewer,4397,mesh,Mesh,https://github.com/secondlife/viewer/issues/4397
secondlife/viewer,4324,model;models,Models,https://github.com/secondlife/viewer/issues/4324
secondlife/viewer,4322,model,Upload>Model,https://github.com/secondlife/viewer/issues/4322
secondlife/viewer,4318,material,"Material,",https://github.com/secondlife/viewer/issues/4318
secondlife/viewer,4313,mesh,Mesh,https://github.com/secondlife/viewer/issues/4313
secondlife/viewer,4285,mesh,Mesh,https://github.com/secondlife/viewer/issues/4285
secondlife/viewer,4223,texture,Texture,https://github.com/secondlife/viewer/issues/4223
secondlife/viewer,4161,mesh,Mesh,https://github.com/secondlife/viewer/issues/4161
secondlife/viewer,4094,material,Material,https://github.com/secondlife/viewer/issues/4094
secondlife/viewer,4081,mesh;meshes,Meshes,https://github.com/secondlife/viewer/issues/4081
secondlife/viewer,4064,render,RenderMinFreeMainMemoryThreshhold,https://github.com/secondlife/viewer/issues/4064
secondlife/viewer,4048,texture,LLTextureFetchWorker::doWork,https://github.com/secondlife/viewer/issues/4048
secondlife/viewer,3972,texture,Texture,https://github.com/secondlife/viewer/issues/3972
secondlife/viewer,3855,texture,Texture,https://github.com/secondlife/viewer/issues/3855
secondlife/viewer,3694,transparency,Transparency,https://github.com/secondlife/viewer/issues/3694
secondlife/viewer,3611,texture,Texture,https://github.com/secondlife/viewer/issues/3611
secondlife/viewer,3488,mesh,Mesh,https://github.com/secondlife/viewer/issues/3488
secondlife/viewer,3371,texture,Texture,https://github.com/secondlife/viewer/issues/3371
secondlife/viewer,3364,texture,Texture,https://github.com/secondlife/viewer/issues/3364
secondlife/viewer,3348,texture,Texture,https://github.com/secondlife/viewer/issues/3348
secondlife/viewer,2847,texture;textures,Textures,https://github.com/secondlife/viewer/issues/2847
secondlife/viewer,2754,texture;textures,Textures,https://github.com/secondlife/viewer/issues/2754
secondlife/viewer,2613,render,Render,https://github.com/secondlife/viewer/issues/2613
secondlife/viewer,2570,material,Material,https://github.com/secondlife/viewer/issues/2570
secondlife/viewer,2411,render,LLFontGL::render,https://github.com/secondlife/viewer/issues/2411
secondlife/viewer,2409,render,Render,https://github.com/secondlife/viewer/issues/2409
secondlife/viewer,2349,mesh,Avatar/animesh,https://github.com/secondlife/viewer/issues/2349
secondlife/viewer,2131,display,Display,https://github.com/secondlife/viewer/issues/2131
secondlife/viewer,2000,texture;textures,Textures,https://github.com/secondlife/viewer/issues/2000
secondlife/viewer,1947,material,Material,https://github.com/secondlife/viewer/issues/1947
secondlife/viewer,1901,mesh,Mesh,https://github.com/secondlife/viewer/issues/1901
secondlife/viewer,1864,mesh,Mesh,https://github.com/secondlife/viewer/issues/1864
secondlife/viewer,1771,mesh,Mesh,https://github.com/secondlife/viewer/issues/1771
secondlife/viewer,1757,render,Render,https://github.com/secondlife/viewer/issues/1757
secondlife/viewer,1666,texture,Texture,https://github.com/secondlife/viewer/issues/1666
secondlife/viewer,1650,material,Material,https://github.com/secondlife/viewer/issues/1650
secondlife/viewer,1529,mesh,Mesh,https://github.com/secondlife/viewer/issues/1529
secondlife/viewer,1520,material,Material,https://github.com/secondlife/viewer/issues/1520
secondlife/viewer,1464,material;materials,Release/materials,https://github.com/secondlife/viewer/issues/1464
secondlife/viewer,1441,material;materials,KHR_materials_emissive_strength,https://github.com/secondlife/viewer/issues/1441
secondlife/viewer,1438,material;materials,KHR_materials_emissive_strength,https://github.com/secondlife/viewer/issues/1438
secondlife/viewer,1418,mesh,Mesh,https://github.com/secondlife/viewer/issues/1418
secondlife/viewer,1372,material;materials,Release/materials,https://github.com/secondlife/viewer/issues/1372
secondlife/viewer,1325,material,Material,https://github.com/secondlife/viewer/issues/1325
secondlife/viewer,1267,material,Material,https://github.com/secondlife/viewer/issues/1267
secondlife/viewer,1248,render,RenderResolutionDivisor,https://github.com/secondlife/viewer/issues/1248
secondlife/viewer,1219,texture,Texture,https://github.com/secondlife/viewer/issues/1219
secondlife/viewer,1153,material;render,PRIM_RENDER_MATERIAL,https://github.com/secondlife/viewer/issues/1153
secondlife/viewer,1081,display,Display,https://github.com/secondlife/viewer/issues/1081
secondlife/viewer,1000,texture;textures,Textures,https://github.com/secondlife/viewer/issues/1000
secondlife/viewer,904,render,RenderUIBuffer,https://github.com/secondlife/viewer/issues/904
secondlife/viewer,902,mesh,Animesh,https://github.com/secondlife/viewer/issues/902
secondlife/viewer,868,material,Material,https://github.com/secondlife/viewer/issues/868
secondlife/viewer,866,material,Material,https://github.com/secondlife/viewer/issues/866
secondlife/viewer,865,material,Material,https://github.com/secondlife/viewer/issues/865
secondlife/viewer,799,texture,Texture,https://github.com/secondlife/viewer/issues/799
secondlife/viewer,668,render,LLRender::init,https://github.com/secondlife/viewer/issues/668
secondlife/viewer,648,material;materials,Release/materials,https://github.com/secondlife/viewer/issues/648
SlimeVR/SlimeVR-Server,1427,display,Display,https://github.com/SlimeVR/SlimeVR-Server/issues/1427
SlimeVR/SlimeVR-Server,226,model,Model,https://github.com/SlimeVR/SlimeVR-Server/issues/226
SlimeVR/SlimeVR-Server,80,display,Display,https://github.com/SlimeVR/SlimeVR-Server/issues/80
space-chat/space-chat,22,render,Render,https://github.com/space-chat/space-chat/issues/22
space-chat/space-chat,2,render,render,https://github.com/space-chat/space-chat/issues/2
space-chat/space-chat,1,render,render,https://github.com/space-chat/space-chat/issues/1
StereoKit/StereoKit,1256,shadowmap,ShadowMap,https://github.com/StereoKit/StereoKit/issues/1256
StereoKit/StereoKit,1209,display,SK.System.displayWidth/Height,https://github.com/StereoKit/StereoKit/issues/1209
StereoKit/StereoKit,1180,stereo,StereoKit,https://github.com/StereoKit/StereoKit/issues/1180
StereoKit/StereoKit,1116,texture,Texture,https://github.com/StereoKit/StereoKit/issues/1116
StereoKit/StereoKit,1074,texture,Texture,https://github.com/StereoKit/StereoKit/issues/1074
StereoKit/StereoKit,1036,mesh,UI.GenQuadrantMesh,https://github.com/StereoKit/StereoKit/issues/1036
StereoKit/StereoKit,1019,render,RenderList,https://github.com/StereoKit/StereoKit/issues/1019
StereoKit/StereoKit,971,texture,Texture,https://github.com/StereoKit/StereoKit/issues/971
StereoKit/StereoKit,892,render,`Renderer.RenderTo`,https://github.com/StereoKit/StereoKit/issues/892
StereoKit/StereoKit,867,texture,Texture,https://github.com/StereoKit/StereoKit/issues/867
StereoKit/StereoKit,841,texture,Texture,https://github.com/StereoKit/StereoKit/issues/841
StereoKit/StereoKit,835,skinning,Skinning,https://github.com/StereoKit/StereoKit/issues/835
StereoKit/StereoKit,828,skinning,Skinning,https://github.com/StereoKit/StereoKit/issues/828
StereoKit/StereoKit,778,texture,Texture,https://github.com/StereoKit/StereoKit/issues/778
StereoKit/StereoKit,741,model,Model.RootNode,https://github.com/StereoKit/StereoKit/issues/741
StereoKit/StereoKit,738,mesh,Mesh,https://github.com/StereoKit/StereoKit/issues/738
StereoKit/StereoKit,736,model,model_node_info_get(),https://github.com/StereoKit/StereoKit/issues/736
StereoKit/StereoKit,689,stereo,StereoKit,https://github.com/StereoKit/StereoKit/issues/689
StereoKit/StereoKit,640,stereo,StereoKit,https://github.com/StereoKit/StereoKit/issues/640
StereoKit/StereoKit,622,render,Renderer,https://github.com/StereoKit/StereoKit/issues/622
StereoKit/StereoKit,618,render,Renderer,https://github.com/StereoKit/StereoKit/issues/618
StereoKit/StereoKit,598,mesh,Nodes[index].Mesh,https://github.com/StereoKit/StereoKit/issues/598
StereoKit/StereoKit,580,render,RenderLayer,https://github.com/StereoKit/StereoKit/issues/580
StereoKit/StereoKit,567,model,Model,https://github.com/StereoKit/StereoKit/issues/567
StereoKit/StereoKit,526,texture,Texture,https://github.com/StereoKit/StereoKit/issues/526
StereoKit/StereoKit,512,sprite,[Docs-Sprite.FromFile],https://github.com/StereoKit/StereoKit/issues/512
StereoKit/StereoKit,503,mesh,Feature/mesh,https://github.com/StereoKit/StereoKit/issues/503
StereoKit/StereoKit,495,material,Multimaterial,https://github.com/StereoKit/StereoKit/issues/495
StereoKit/StereoKit,487,material,Material,https://github.com/StereoKit/StereoKit/issues/487
StereoKit/StereoKit,481,stereo,[Docs-StereoKit],https://github.com/StereoKit/StereoKit/issues/481
StereoKit/StereoKit,473,render,Render,https://github.com/StereoKit/StereoKit/issues/473
StereoKit/StereoKit,442,stereo,StereoKitCTest：Microphone,https://github.com/StereoKit/StereoKit/issues/442
StereoKit/StereoKit,431,model,[Docs-Model.AddSubset],https://github.com/StereoKit/StereoKit/issues/431
StereoKit/StereoKit,383,model,Model.AddNode,https://github.com/StereoKit/StereoKit/issues/383
StereoKit/StereoKit,338,display,displayPreference,https://github.com/StereoKit/StereoKit/issues/338
StereoKit/StereoKit,314,render,Renderer.RenderTo,https://github.com/StereoKit/StereoKit/issues/314
StereoKit/StereoKit,302,mesh;model,ModelNode.Mesh,https://github.com/StereoKit/StereoKit/issues/302
StereoKit/StereoKit,267,texture;textures,Textures,https://github.com/StereoKit/StereoKit/issues/267
StereoKit/StereoKit,231,model,Model,https://github.com/StereoKit/StereoKit/issues/231
StereoKit/StereoKit,222,display,XOpenDisplay,https://github.com/StereoKit/StereoKit/issues/222
StereoKit/StereoKit,219,render,Render,https://github.com/StereoKit/StereoKit/issues/219
StereoKit/StereoKit,205,stereo,StereoKit,https://github.com/StereoKit/StereoKit/issues/205
StereoKit/StereoKit,199,stereo,StereoKit-master,https://github.com/StereoKit/StereoKit/issues/199
StereoKit/StereoKit,195,texture,Texture,https://github.com/StereoKit/StereoKit/issues/195
StereoKit/StereoKit,155,stereo,StereoKitCTest:,https://github.com/StereoKit/StereoKit/issues/155
StereoKit/StereoKit,153,material,[Docs-Material.SetColor],https://github.com/StereoKit/StereoKit/issues/153
StereoKit/StereoKit,146,render,Render,https://github.com/StereoKit/StereoKit/issues/146
StereoKit/StereoKit,137,render,Render,https://github.com/StereoKit/StereoKit/issues/137
StereoKit/StereoKit,105,mesh,Mesh.GenerateCylinder,https://github.com/StereoKit/StereoKit/issues/105
StereoKit/StereoKit,86,texture,Texture,https://github.com/StereoKit/StereoKit/issues/86
StereoKit/StereoKit,60,mesh,Mesh,https://github.com/StereoKit/StereoKit/issues/60
StereoKit/StereoKit,56,model,Model,https://github.com/StereoKit/StereoKit/issues/56
StereoKit/StereoKit,36,stereo,StereoKit,https://github.com/StereoKit/StereoKit/issues/36
StereoKit/StereoKit,12,texture,Texture,https://github.com/StereoKit/StereoKit/issues/12
supermedium/aframe-react,118,material;materials,Materials,https://github.com/supermedium/aframe-react/issues/118
supermedium/aframe-react,89,raycast,Raycaster,https://github.com/supermedium/aframe-react/issues/89
supermedium/aframe-react,87,model,a-collada-model,https://github.com/supermedium/aframe-react/issues/87
supermedium/superframe,275,render,[render-order],https://github.com/supermedium/superframe/issues/275
supermedium/superframe,241,render,render-order-component,https://github.com/supermedium/superframe/issues/241
Supreeeme/xrizer,4,model,Model,https://github.com/Supreeeme/xrizer/issues/4
terminal29/Simple-OpenVR-Driver-Tutorial,2,display,IVRVirtualDisplay,https://github.com/terminal29/Simple-OpenVR-Driver-Tutorial/issues/2
the3deer/android-3D-model-viewer,204,texture;textures,Textures,https://github.com/the3deer/android-3D-model-viewer/issues/204
the3deer/android-3D-model-viewer,200,render,[renderer],https://github.com/the3deer/android-3D-model-viewer/issues/200
the3deer/android-3D-model-viewer,184,model,model/colors,https://github.com/the3deer/android-3D-model-viewer/issues/184
the3deer/android-3D-model-viewer,174,model;models,Models,https://github.com/the3deer/android-3D-model-viewer/issues/174
the3deer/android-3D-model-viewer,159,model;models,ModelSurfaceView,https://github.com/the3deer/android-3D-model-viewer/issues/159
the3deer/android-3D-model-viewer,147,mesh,E/MeshData:,https://github.com/the3deer/android-3D-model-viewer/issues/147
the3deer/android-3D-model-viewer,129,material,Material,https://github.com/the3deer/android-3D-model-viewer/issues/129
the3deer/android-3D-model-viewer,100,model,Model,https://github.com/the3deer/android-3D-model-viewer/issues/100
the3deer/android-3D-model-viewer,98,render,render,https://github.com/the3deer/android-3D-model-viewer/issues/98
the3deer/android-3D-model-viewer,92,model;models,Models,https://github.com/the3deer/android-3D-model-viewer/issues/92
the3deer/android-3D-model-viewer,37,model,Model,https://github.com/the3deer/android-3D-model-viewer/issues/37
tterpi/VRSketchingGeometry,9,mesh,Mesh,https://github.com/tterpi/VRSketchingGeometry/issues/9
tterpi/VRSketchingGeometry,2,mesh,LinearSplineMesh,https://github.com/tterpi/VRSketchingGeometry/issues/2
uic-evl/omegalib,187,texture,Texture,https://github.com/uic-evl/omegalib/issues/187
uic-evl/omegalib,117,stereo,Stereo,https://github.com/uic-evl/omegalib/issues/117
uic-evl/omegalib,73,texture,texture,https://github.com/uic-evl/omegalib/issues/73
uic-evl/omegalib,50,model,AnimatedObject.setCurrentModelIndex,https://github.com/uic-evl/omegalib/issues/50
uic-evl/omegalib,19,texture,Texture,https://github.com/uic-evl/omegalib/issues/19
ultraleap/UnityPlugin,1315,mesh,DrawMeshInstanced,https://github.com/ultraleap/UnityPlugin/issues/1315
ultraleap/UnityPlugin,1059,render,GraphicRenderer,https://github.com/ultraleap/UnityPlugin/issues/1059
ultraleap/UnityPlugin,647,render,Renderers,https://github.com/ultraleap/UnityPlugin/issues/647
ultraleap/UnityPlugin,600,mesh,Mesh,https://github.com/ultraleap/UnityPlugin/issues/600
UPC-ViRVIG/MMVR,3,model,Model,https://github.com/UPC-ViRVIG/MMVR/issues/3
vinsdragonis/Project-Vision,12,model,model,https://github.com/vinsdragonis/Project-Vision/issues/12
vircadia/vircadia-native-core,1209,render,"""Developer/Render/Throttle",https://github.com/vircadia/vircadia-native-core/issues/1209
vircadia/vircadia-native-core,1187,texture;textures,textures,https://github.com/vircadia/vircadia-native-core/issues/1187
vircadia/vircadia-native-core,1102,material,Material,https://github.com/vircadia/vircadia-native-core/issues/1102
vircadia/vircadia-native-core,1085,material,Material,https://github.com/vircadia/vircadia-native-core/issues/1085
vircadia/vircadia-native-core,1076,material,Material,https://github.com/vircadia/vircadia-native-core/issues/1076
vircadia/vircadia-native-core,1067,display,display,https://github.com/vircadia/vircadia-native-core/issues/1067
vircadia/vircadia-native-core,951,model,Model,https://github.com/vircadia/vircadia-native-core/issues/951
vircadia/vircadia-native-core,573,display,Display,https://github.com/vircadia/vircadia-native-core/issues/573
vircadia/vircadia-native-core,564,render,renderWithZones,https://github.com/vircadia/vircadia-native-core/issues/564
vircadia/vircadia-native-core,562,render,"""Render",https://github.com/vircadia/vircadia-native-core/issues/562
vircadia/vircadia-native-core,560,render,"""Render",https://github.com/vircadia/vircadia-native-core/issues/560
vircadia/vircadia-native-core,559,render,"""Render",https://github.com/vircadia/vircadia-native-core/issues/559
vircadia/vircadia-native-core,522,render,"""Render",https://github.com/vircadia/vircadia-native-core/issues/522
vircadia/vircadia-native-core,489,material,Material,https://github.com/vircadia/vircadia-native-core/issues/489
vircadia/vircadia-native-core,354,render,renderWithZones:,https://github.com/vircadia/vircadia-native-core/issues/354
vircadia/vircadia-native-core,323,raycast,raycasting,https://github.com/vircadia/vircadia-native-core/issues/323
vircadia/vircadia-native-core,301,model;models,Models,https://github.com/vircadia/vircadia-native-core/issues/301
vircadia/vircadia-native-core,294,render,Renderer,https://github.com/vircadia/vircadia-native-core/issues/294
vircadia/vircadia-native-core,260,render;rendering,Rendering,https://github.com/vircadia/vircadia-native-core/issues/260
viromedia/viro,966,display,display,https://github.com/viromedia/viro/issues/966
viromedia/viro,705,material;materials,Materials,https://github.com/viromedia/viro/issues/705
viromedia/viro,594,texture,VideoTexture,https://github.com/viromedia/viro/issues/594
viromedia/viro,579,render,Render,https://github.com/viromedia/viro/issues/579
viromedia/viro,481,material;materials,ViroMaterials,https://github.com/viromedia/viro/issues/481
viromedia/viro,465,render;rendering,Rendering,https://github.com/viromedia/viro/issues/465
viromedia/viro,166,display,Display,https://github.com/viromedia/viro/issues/166
viromedia/virocore,337,material,Videomaterial,https://github.com/viromedia/virocore/issues/337
viromedia/virocore,317,render,ViroRenderer,https://github.com/viromedia/virocore/issues/317
viromedia/virocore,307,opacity,Node.setOpacity(),https://github.com/viromedia/virocore/issues/307
viromedia/virocore,306,material,Material.setDiffuseIntensity,https://github.com/viromedia/virocore/issues/306
viromedia/virocore,276,texture,VideoTexture,https://github.com/viromedia/virocore/issues/276
viromedia/virocore,274,render;rendering,Rendering,https://github.com/viromedia/virocore/issues/274
viromedia/virocore,269,texture,Texture,https://github.com/viromedia/virocore/issues/269
viromedia/virocore,268,texture;textures,Textures,https://github.com/viromedia/virocore/issues/268
viromedia/virocore,257,render;rendering,RENDERING,https://github.com/viromedia/virocore/issues/257
viromedia/virocore,253,material,Material,https://github.com/viromedia/virocore/issues/253
viromedia/virocore,241,render;rendering,Rendering,https://github.com/viromedia/virocore/issues/241
viromedia/virocore,224,texture,AnimatedTexture,https://github.com/viromedia/virocore/issues/224
viromedia/virocore,194,model;models,Models,https://github.com/viromedia/virocore/issues/194
viromedia/virocore,139,model,loadModel,https://github.com/viromedia/virocore/issues/139
viromedia/virocore,138,model,CrosshiarModel,https://github.com/viromedia/virocore/issues/138
viromedia/virocore,79,material,Material,https://github.com/viromedia/virocore/issues/79
viromedia/virocore,75,texture,Texture,https://github.com/viromedia/virocore/issues/75
viromedia/virocore,64,texture,texture,https://github.com/viromedia/virocore/issues/64
viromedia/virocore,51,render;rendering,Rendering,https://github.com/viromedia/virocore/issues/51
viromedia/virocore,3,texture,VideoTexture,https://github.com/viromedia/virocore/issues/3
vistle/vistle,8,render,renderers,https://github.com/vistle/vistle/issues/8
vistle/vistle,1,render,renderer,https://github.com/vistle/vistle/issues/1
Vivero/Kerbal-VR,46,render;rendering,Rendering,https://github.com/Vivero/Kerbal-VR/issues/46
Vivero/Kerbal-VR,1,display,Display,https://github.com/Vivero/Kerbal-VR/issues/1
ViveSoftware/ViveInputUtility-Unity,158,render,Render,https://github.com/ViveSoftware/ViveInputUtility-Unity/issues/158
ViveSoftware/ViveInputUtility-Unity,133,render,Render,https://github.com/ViveSoftware/ViveInputUtility-Unity/issues/133
ViveSoftware/ViveInputUtility-Unity,121,model,VRModule.GetDeviceState(0).deviceModel,https://github.com/ViveSoftware/ViveInputUtility-Unity/issues/121
ViveSoftware/ViveInputUtility-Unity,7,raycast,ViveRaycaster,https://github.com/ViveSoftware/ViveInputUtility-Unity/issues/7
vizorvr/patches,2078,render,renders,https://github.com/vizorvr/patches/issues/2078
vizorvr/patches,1846,stereo,Stereo,https://github.com/vizorvr/patches/issues/1846
vizorvr/patches,1758,texture,Texture,https://github.com/vizorvr/patches/issues/1758
vizorvr/patches,1745,render,render,https://github.com/vizorvr/patches/issues/1745
vizorvr/patches,1718,stereo,Stereo,https://github.com/vizorvr/patches/issues/1718
vizorvr/patches,1696,render;rendering,Rendering,https://github.com/vizorvr/patches/issues/1696
vizorvr/patches,1648,render,Render,https://github.com/vizorvr/patches/issues/1648
vizorvr/patches,1623,stereo,Stereo,https://github.com/vizorvr/patches/issues/1623
vizorvr/patches,1586,render;texture,TextureRendererPlugin,https://github.com/vizorvr/patches/issues/1586
vizorvr/patches,1438,mesh,mesh:,https://github.com/vizorvr/patches/issues/1438
vizorvr/patches,1378,raycast,raycasting,https://github.com/vizorvr/patches/issues/1378
vizorvr/patches,1326,stereo,Stereo,https://github.com/vizorvr/patches/issues/1326
vizorvr/patches,1300,texture;textures,textures,https://github.com/vizorvr/patches/issues/1300
vizorvr/patches,1221,mesh,THREE.MeshLine,https://github.com/vizorvr/patches/issues/1221
vizorvr/patches,1172,stereo,Stereo,https://github.com/vizorvr/patches/issues/1172
vizorvr/patches,1099,display,Display,https://github.com/vizorvr/patches/issues/1099
vizorvr/patches,995,display,Display,https://github.com/vizorvr/patches/issues/995
vizorvr/patches,961,invisible;visible,Invisible,https://github.com/vizorvr/patches/issues/961
vizorvr/patches,807,texture,texture,https://github.com/vizorvr/patches/issues/807
vizorvr/patches,776,material,Material,https://github.com/vizorvr/patches/issues/776
vizorvr/patches,744,texture,texture,https://github.com/vizorvr/patches/issues/744
vizorvr/patches,641,display,Display,https://github.com/vizorvr/patches/issues/641
vizorvr/patches,633,texture,Texture,https://github.com/vizorvr/patches/issues/633
vizorvr/patches,622,texture,Texture,https://github.com/vizorvr/patches/issues/622
vizorvr/patches,608,material,Material,https://github.com/vizorvr/patches/issues/608
vizorvr/patches,433,display,display,https://github.com/vizorvr/patches/issues/433
vizorvr/patches,427,texture,Texture,https://github.com/vizorvr/patches/issues/427
vizorvr/patches,388,texture,Texture,https://github.com/vizorvr/patches/issues/388
vizorvr/patches,363,material,material,https://github.com/vizorvr/patches/issues/363
vizorvr/patches,344,render,Render,https://github.com/vizorvr/patches/issues/344
vizorvr/patches,343,material;materials,Materials:,https://github.com/vizorvr/patches/issues/343
vizorvr/patches,292,render,Render,https://github.com/vizorvr/patches/issues/292
vrapeutic/EllieTale-WebXR,16,display,Display,https://github.com/vrapeutic/EllieTale-WebXR/issues/16
widgetti/ipyvolume,383,transparency,Transparency,https://github.com/widgetti/ipyvolume/issues/383
widgetti/ipyvolume,243,render;rendering,Rendering,https://github.com/widgetti/ipyvolume/issues/243
widgetti/ipyvolume,205,texture;textured,Textured,https://github.com/widgetti/ipyvolume/issues/205
widgetti/ipyvolume,185,stereo,stereo,https://github.com/widgetti/ipyvolume/issues/185
widgetti/ipyvolume,108,stereo;stereoscopic,Stereoscopic,https://github.com/widgetti/ipyvolume/issues/108
widgetti/ipyvolume,86,mesh,Mesh,https://github.com/widgetti/ipyvolume/issues/86
widgetti/ipyvolume,78,texture,Texture,https://github.com/widgetti/ipyvolume/issues/78
widgetti/ipyvolume,19,render;rendering,Rendering,https://github.com/widgetti/ipyvolume/issues/19
zc-alexfan/arctic,49,material,material,https://github.com/zc-alexfan/arctic/issues/49
zc-alexfan/hold,45,model;models,metro/models/,https://github.com/zc-alexfan/hold/issues/45
